time,start_time,end_time,flare_id,xrsb_irrad,flare_class,xrsb_irrad_source,background_irrad,integrated_irrad_peak,integrated_irrad_end,flare_loc_swpc_hgs_lon,flare_loc_swpc_hgs_lat,flare_loc_swpc_source,flare_loc_xrs_hgs_lon,flare_loc_xrs_hgs_lat,flare_loc_xrs_hpc_x,flare_loc_xrs_hpc_y,flare_loc_xrs_source,sequential_flare_num,peak_saturated,active_region
2026-01-01 01:03:00,2026-01-01 00:56:00,2026-01-01 01:08:00,202601010056,1.761e-06,C1.7,GOES-18,1.277e-06,9.889e-04,1.258e-03,,,,346.4419,21.14906,-214.18112,399.47388,GOES-18_XRS,1,0,
2026-01-01 01:24:00,2026-01-01 01:19:00,2026-01-01 01:28:00,202601010119,1.850e-06,C1.8,GOES-18,1.241e-06,8.232e-04,1.006e-03,,,,23.362501,-0.527929,388.49747,38.12402,GOES-18_XRS,1,0,
2026-01-01 02:25:00,2026-01-01 02:15:00,2026-01-01 02:33:00,202601010215,9.642e-06,C9.6,GOES-18,1.297e-06,4.475e-03,6.676e-03,354.0,-9.0,LEA,356.22864,-8.790857,-63.708866,-98.83992,GOES-18_XRS,1,0,4325
2026-01-01 05:37:00,2026-01-01 05:34:00,2026-01-01 05:42:00,202601010534,2.072e-06,C2.0,GOES-18,1.454e-06,7.789e-04,1.094e-03,,,,352.95758,-9.160965,-118.62786,-105.143555,GOES-18_XRS,1,0,
2026-01-01 06:04:00,2026-01-01 05:52:00,,202601010552,2.453e-06,C2.4,GOES-18,1.703e-06,2.167e-03,,,,,347.65292,-15.25471,-202.15704,-208.69693,GOES-18_XRS,1,0,
2026-01-01 06:22:00,2026-01-01 06:09:00,2026-01-01 06:29:00,202601010609,4.430e-06,C4.4,GOES-18,2.336e-06,3.318e-03,4.381e-03,354.0,-9.0,LEA,356.32523,-9.89381,-61.882763,-117.25835,GOES-18_XRS,2,0,4325
2026-01-01 06:48:00,2026-01-01 06:42:00,2026-01-01 06:51:00,202601010642,5.384e-06,C5.3,GOES-18,2.080e-06,2.126e-03,2.308e-03,357.0,-9.0,LEA,357.65527,-8.844489,-39.621094,-99.322525,GOES-18_XRS,1,0,4325
2026-01-01 15:10:00,2026-01-01 15:03:00,2026-01-01 15:15:00,202601011503,1.573e-06,C1.5,GOES-18,1.142e-06,8.907e-04,1.136e-03,,,,0.6327468,-1.9453795,10.817696,19.258911,GOES-18_XRS,1,0,
2026-01-01 15:55:00,2026-01-01 15:48:00,2026-01-01 16:03:00,202601011548,2.144e-06,C2.1,GOES-18,1.375e-06,1.235e-03,1.899e-03,,,,346.5079,23.198727,-210.05873,432.27075,GOES-18_XRS,1,0,
2026-01-01 17:59:00,2026-01-01 17:27:00,2026-01-01 18:30:00,202601011727,6.278e-06,C6.2,GOES-18,1.228e-06,7.645e-03,1.551e-02,,,,358.6282,19.918592,-22.052547,382.86987,GOES-18_XRS,1,0,
2026-01-01 21:50:00,2026-01-01 21:43:00,2026-01-01 21:55:00,202601012143,2.717e-06,C2.7,GOES-18,1.601e-06,1.434e-03,1.816e-03,,,,,,989.69556,173.82341,GOES-18_XRS,1,0,
2026-01-02 00:17:00,2026-01-02 00:08:00,2026-01-02 00:23:00,202601020008,6.525e-06,C6.5,GOES-18,1.560e-06,2.873e-03,3.857e-03,,,,13.1007185,-3.9517555,221.60689,-15.683241,GOES-18_XRS,1,0,
2026-01-02 01:04:00,2026-01-02 00:57:00,2026-01-02 01:08:00,202601020057,1.991e-06,C1.9,GOES-18,1.345e-06,1.053e-03,1.249e-03,,,,5.6313043,-15.417894,92.70476,-208.99446,GOES-18_XRS,1,0,
2026-01-02 01:47:00,2026-01-02 01:41:00,2026-01-02 01:50:00,202601020141,1.898e-06,C1.8,GOES-18,1.352e-06,9.659e-04,1.058e-03,,,,337.75037,-14.695508,-358.8261,-200.38292,GOES-18_XRS,1,0,
2026-01-02 02:55:00,2026-01-02 02:45:00,2026-01-02 02:59:00,202601020245,5.542e-06,C5.5,GOES-18,1.173e-06,2.404e-03,2.771e-03,,,,83.88034,9.672605,956.5869,169.32832,GOES-18_XRS,1,0,
2026-01-02 03:57:00,2026-01-02 03:52:00,2026-01-02 04:03:00,202601020352,5.716e-06,C5.7,GOES-18,1.151e-06,1.980e-03,2.789e-03,,,,342.6368,-11.088536,-286.96756,-138.0092,GOES-18_XRS,1,0,
2026-01-02 09:14:00,2026-01-02 09:07:00,,202601020907,1.814e-06,C1.8,GOES-18,1.200e-06,9.986e-04,,,,,350.56525,-20.162382,-150.78375,-287.2317,GOES-18_XRS,1,0,
2026-01-02 09:25:00,2026-01-02 09:16:00,2026-01-02 09:37:00,202601020916,2.237e-06,C2.2,GOES-18,1.765e-06,1.616e-03,2.853e-03,,,,345.3748,-19.17568,-233.67381,-271.98883,GOES-18_XRS,2,0,
2026-01-02 12:49:00,2026-01-02 12:38:00,2026-01-02 12:55:00,202601021238,1.755e-06,C1.7,GOES-18,1.130e-06,1.336e-03,1.682e-03,,,,14.97595,-9.213488,249.9693,-104.88808,GOES-18_XRS,1,0,
2026-01-02 20:54:00,2026-01-02 20:48:00,2026-01-02 20:58:00,202601022048,2.192e-06,C2.1,GOES-18,1.562e-06,1.138e-03,1.358e-03,,,,34.258926,-6.839597,547.379,-71.37166,GOES-18_XRS,1,0,
2026-01-03 01:37:00,2026-01-03 01:27:00,2026-01-03 01:52:00,202601030127,2.921e-06,C2.9,GOES-18,1.111e-06,1.603e-03,3.637e-03,11.0,25.0,LEA,10.366992,24.30833,160.6454,452.18362,GOES-18_XRS,1,0,4324
2026-01-03 06:19:00,2026-01-03 06:06:00,,202601030606,2.343e-06,C2.3,GOES-18,1.401e-06,1.977e-03,,,,,10.931509,17.09916,177.58809,339.9083,GOES-18_XRS,1,0,
2026-01-03 06:43:00,2026-01-03 06:37:00,2026-01-03 06:47:00,202601030637,2.544e-06,C2.5,GOES-18,2.090e-06,1.426e-03,1.697e-03,,,,19.73839,-6.2870717,328.93826,-54.962555,GOES-18_XRS,2,0,
2026-01-03 07:49:00,2026-01-03 07:41:00,2026-01-03 07:55:00,202601030741,2.043e-06,C2.0,GOES-18,1.478e-06,1.300e-03,1.724e-03,,,,25.165907,-8.854503,411.64035,-100.616425,GOES-18_XRS,1,0,
2026-01-03 14:58:00,2026-01-03 14:51:00,2026-01-03 15:06:00,202601031451,2.487e-06,C2.4,GOES-18,1.475e-06,1.323e-03,2.069e-03,,,,34.175026,-10.056032,541.6597,-124.77024,GOES-18_XRS,1,0,
2026-01-03 17:29:00,2026-01-03 17:23:00,2026-01-03 17:32:00,202601031723,8.301e-06,C8.3,GOES-18,1.232e-06,2.623e-03,2.760e-03,41.0,-7.0,HOL,40.288036,-7.4139757,627.78766,-83.31421,GOES-18_XRS,1,0,4325
2026-01-03 19:09:00,2026-01-03 18:56:00,2026-01-03 19:20:00,202601031856,1.750e-06,C1.7,GOES-18,1.153e-06,1.574e-03,2.392e-03,22.0,26.0,HOL,23.248257,25.561193,348.68808,468.83264,GOES-18_XRS,1,0,4324
2026-01-03 20:38:00,2026-01-03 20:26:00,2026-01-03 20:45:00,202601032026,3.518e-06,C3.5,GOES-18,1.245e-06,2.430e-03,3.196e-03,22.0,28.0,HOL,17.206219,22.954302,266.79858,431.37503,GOES-18_XRS,1,0,4324
2026-01-03 22:19:00,2026-01-03 22:15:00,2026-01-03 22:24:00,202601032215,1.773e-06,C1.7,GOES-18,1.252e-06,7.519e-04,1.012e-03,,,,33.62666,-10.187179,533.7945,-126.2025,GOES-18_XRS,1,0,
2026-01-04 10:55:00,2026-01-04 10:47:00,2026-01-04 11:05:00,202601041047,1.618e-06,C1.6,GOES-18,1.051e-06,9.724e-04,1.640e-03,,,,33.669968,-10.29294,534.2208,-127.16995,GOES-18_XRS,1,0,
2026-01-04 20:07:00,2026-01-04 19:59:00,2026-01-04 20:13:00,202601041959,1.754e-06,C1.7,GOES-18,1.265e-06,1.093e-03,1.450e-03,,,,19.316309,-13.1154,315.65555,-167.89621,GOES-18_XRS,1,0,
2026-01-04 21:01:00,2026-01-04 20:51:00,2026-01-04 21:09:00,202601042051,2.925e-06,C2.9,GOES-18,1.054e-06,1.693e-03,2.469e-03,,,,282.70804,-6.9377418,-945.649,-104.93213,GOES-18_XRS,1,0,
2026-01-05 01:26:00,2026-01-05 01:09:00,2026-01-05 01:48:00,202601050109,1.776e-06,C1.7,GOES-18,9.978e-07,1.852e-03,3.722e-03,,,,,,-1063.5541,-145.41367,GOES-18_XRS,1,0,
2026-01-05 09:20:00,2026-01-05 09:11:00,2026-01-05 09:24:00,202601050911,2.994e-06,C2.9,GOES-18,1.741e-06,1.779e-03,2.042e-03,,,,313.40002,-17.28865,-678.91455,-251.06657,GOES-18_XRS,1,0,
2026-01-05 10:16:00,2026-01-05 10:12:00,2026-01-05 10:18:00,202601051012,2.797e-06,C2.7,GOES-18,1.446e-06,9.292e-04,1.028e-03,,,,41.18059,23.002628,593.1068,423.16028,GOES-18_XRS,1,0,
2026-01-05 12:48:00,2026-01-05 12:37:00,2026-01-05 12:54:00,202601051237,2.133e-06,C2.1,GOES-18,1.467e-06,1.672e-03,2.109e-03,,,,57.8332,-17.390324,789.9817,-261.239,GOES-18_XRS,1,0,
2026-01-05 18:42:00,2026-01-05 18:18:00,2026-01-05 19:06:00,202601051818,3.392e-06,C3.3,GOES-18,1.179e-06,4.325e-03,8.099e-03,39.0,-15.0,HOL,36.72927,-18.875975,554.0453,-270.22278,GOES-18_XRS,1,0,4330
2026-01-05 20:38:00,2026-01-05 20:32:00,2026-01-05 20:44:00,202601052032,2.394e-06,C2.3,GOES-18,1.513e-06,1.257e-03,1.727e-03,,,,286.75546,-4.8993187,-931.95355,-65.86685,GOES-18_XRS,1,0,
2026-01-06 00:21:00,2026-01-06 00:10:00,2026-01-06 00:50:00,202601060010,2.179e-06,C2.1,GOES-18,1.066e-06,1.445e-03,4.595e-03,,,,323.70764,-10.810356,-569.31445,-134.99283,GOES-18_XRS,1,0,
2026-01-06 06:56:00,2026-01-06 06:49:00,2026-01-06 07:01:00,202601060649,1.826e-06,C1.8,GOES-18,1.200e-06,9.886e-04,1.258e-03,,,,55.901443,-15.734986,779.5568,-231.54309,GOES-18_XRS,1,0,
2026-01-06 07:54:00,2026-01-06 07:45:00,2026-01-06 08:00:00,202601060745,4.041e-06,C4.0,GOES-18,1.385e-06,1.878e-03,2.533e-03,,,,64.62384,-15.689588,850.25305,-238.4297,GOES-18_XRS,1,0,
2026-01-06 12:02:00,2026-01-06 11:51:00,,202601061151,2.128e-06,C2.1,GOES-18,1.288e-06,1.570e-03,,,,,16.721806,-22.036915,261.29202,-311.83115,GOES-18_XRS,1,0,
2026-01-06 12:58:00,2026-01-06 12:19:00,,202601061219,3.140e-06,C3.1,GOES-18,1.913e-06,6.831e-03,,,,,,,901.91486,-375.62793,GOES-18_XRS,2,0,
2026-01-06 15:55:00,2026-01-06 15:43:00,2026-01-06 16:04:00,202601061543,4.081e-06,C4.0,GOES-18,1.440e-06,2.663e-03,3.912e-03,335.0,-13.0,HOL,329.56567,-12.343659,-484.66812,-156.50781,GOES-18_XRS,1,0,4334
2026-01-06 16:48:00,2026-01-06 16:41:00,2026-01-06 16:50:00,202601061641,2.304e-06,C2.3,GOES-18,1.411e-06,1.064e-03,1.148e-03,338.0,-15.0,HOL,331.8178,-18.227142,-439.36118,-253.54263,GOES-18_XRS,1,0,4334
2026-01-06 19:58:00,2026-01-06 19:51:00,2026-01-06 20:01:00,202601061951,2.034e-06,C2.0,GOES-18,1.076e-06,9.553e-04,1.036e-03,,,,311.98932,-10.632677,-714.855,-139.07211,GOES-18_XRS,1,0,
2026-01-07 00:11:00,2026-01-06 23:59:00,2026-01-07 00:14:00,202601062359,4.521e-06,C4.5,GOES-18,1.278e-06,2.396e-03,2.491e-03,,,,342.88483,-14.550409,-279.11008,-187.4258,GOES-18_XRS,1,0,
2026-01-07 03:54:00,2026-01-07 03:44:00,2026-01-07 03:57:00,202601070344,2.930e-06,C2.9,GOES-18,9.487e-07,1.412e-03,1.499e-03,344.0,-16.0,LEA,343.725,-14.247951,-266.1549,-181.81683,GOES-18_XRS,1,0,4334
2026-01-07 04:09:00,2026-01-07 04:02:00,2026-01-07 04:12:00,202601070402,2.636e-06,C2.6,GOES-18,1.009e-06,1.071e-03,1.159e-03,,,,25.552977,23.517773,387.28192,442.2071,GOES-18_XRS,1,0,
2026-01-07 05:28:00,2026-01-07 05:25:00,2026-01-07 05:33:00,202601070525,2.870e-06,C2.8,GOES-18,1.078e-06,9.315e-04,1.259e-03,,,,27.857729,26.51037,409.363,486.15695,GOES-18_XRS,1,0,
2026-01-07 06:12:00,2026-01-07 06:06:00,2026-01-07 06:14:00,202601070606,7.421e-06,C7.4,GOES-18,1.038e-06,1.851e-03,1.928e-03,353.0,-16.0,LEA,344.7432,-13.208175,-251.03197,-163.85341,GOES-18_XRS,1,0,4334
2026-01-07 11:32:00,2026-01-07 11:21:00,2026-01-07 11:38:00,202601071121,2.123e-06,C2.1,GOES-18,9.830e-07,1.337e-03,1.717e-03,,,,342.80695,-17.629023,-276.012,-237.97554,GOES-18_XRS,1,0,
2026-01-07 12:13:00,2026-01-07 12:08:00,2026-01-07 12:17:00,202601071208,1.360e-06,C1.3,GOES-18,8.866e-07,6.250e-04,7.556e-04,,,,79.33571,-5.659204,954.80225,-84.34864,GOES-18_XRS,1,0,
2026-01-07 14:01:00,2026-01-07 13:56:00,2026-01-07 14:08:00,202601071356,1.566e-06,C1.5,GOES-18,9.095e-07,6.609e-04,1.058e-03,,,,348.5188,-19.778112,-183.5278,-271.79358,GOES-18_XRS,1,0,
2026-01-07 14:19:00,2026-01-07 14:12:00,2026-01-07 14:27:00,202601071412,1.969e-06,C1.9,GOES-18,1.025e-06,1.015e-03,1.586e-03,,,,342.87006,-11.543404,-282.76947,-135.67929,GOES-18_XRS,1,0,
2026-01-07 15:51:00,2026-01-07 15:43:00,2026-01-07 16:02:00,202601071543,1.183e-06,C1.1,GOES-18,8.519e-07,7.500e-04,1.318e-03,,,,329.8853,-20.150093,-461.28378,-284.5414,GOES-18_XRS,1,0,
2026-01-07 16:20:00,2026-01-07 16:13:00,2026-01-07 16:26:00,202601071613,1.760e-06,C1.7,GOES-18,9.083e-07,8.916e-04,1.206e-03,,,,,,1027.2393,-161.3647,GOES-18_XRS,1,0,
2026-01-07 21:58:00,2026-01-07 21:52:00,2026-01-07 22:00:00,202601072152,1.693e-06,C1.6,GOES-18,1.093e-06,7.794e-04,8.532e-04,,,,335.90958,-16.604506,-383.17383,-222.77036,GOES-18_XRS,1,0,
2026-01-07 22:07:00,2026-01-07 22:01:00,2026-01-07 22:12:00,202601072201,2.205e-06,C2.2,GOES-18,1.227e-06,1.052e-03,1.350e-03,,,,36.974953,23.564486,539.5769,437.72058,GOES-18_XRS,1,0,
2026-01-07 23:14:00,2026-01-07 23:06:00,2026-01-07 23:16:00,202601072306,3.223e-06,C3.2,GOES-18,1.174e-06,1.151e-03,1.229e-03,,,,35.235058,18.258497,536.349,356.2205,GOES-18_XRS,1,0,
2026-01-08 00:04:00,2026-01-07 23:57:00,2026-01-08 00:10:00,202601072357,1.339e-06,C1.3,GOES-18,9.018e-07,7.451e-04,1.017e-03,,,,60.47924,-15.070104,821.5361,-222.87689,GOES-18_XRS,1,0,
2026-01-08 01:39:00,2026-01-08 01:33:00,2026-01-08 01:45:00,202601080133,1.204e-06,C1.2,GOES-19,8.825e-07,6.226e-04,8.773e-04,,,,64.295265,-8.355489,871.396,-113.92565,GOES-19_XRS,1,0,
2026-01-08 02:27:00,2026-01-08 02:14:00,2026-01-08 02:43:00,202601080214,2.341e-06,C2.3,GOES-18,1.153e-06,1.820e-03,3.461e-03,,,,53.286037,-2.6801772,783.3139,-6.885238,GOES-18_XRS,1,0,
2026-01-08 04:46:00,2026-01-08 04:42:00,2026-01-08 04:48:00,202601080442,1.579e-06,C1.5,GOES-18,8.166e-07,5.377e-04,5.910e-04,,,,34.51468,23.080166,510.2292,432.23254,GOES-18_XRS,1,0,
2026-01-08 05:42:00,2026-01-08 05:24:00,2026-01-08 05:49:00,202601080524,4.422e-06,C4.4,GOES-18,9.104e-07,3.001e-03,3.859e-03,357.0,-19.0,LEA,354.1915,-18.879501,-93.83495,-254.93498,GOES-18_XRS,1,0,4334
2026-01-08 08:33:00,2026-01-08 08:25:00,2026-01-08 08:35:00,202601080825,1.376e-06,C1.3,GOES-18,7.984e-07,7.447e-04,7.957e-04,,,,309.28226,-6.4086804,-752.57166,-67.82285,GOES-18_XRS,1,0,
2026-01-08 16:09:00,2026-01-08 16:00:00,2026-01-08 16:11:00,202601081600,2.754e-06,C2.7,GOES-18,8.847e-07,1.111e-03,1.182e-03,,,,322.81116,-8.8712015,-584.744,-98.681496,GOES-18_XRS,1,0,
2026-01-08 17:19:00,2026-01-08 16:49:00,,202601081649,5.568e-06,C5.5,GOES-18,2.147e-06,8.695e-03,,,,,354.0915,-19.629812,-95.00617,-266.44037,GOES-18_XRS,1,0,
2026-01-08 17:30:00,2026-01-08 17:21:00,2026-01-08 17:44:00,202601081721,5.659e-06,C5.6,GOES-18,5.552e-06,4.376e-03,8.423e-03,,,,353.7385,-20.002993,-100.42309,-272.60004,GOES-18_XRS,2,0,
2026-01-08 19:56:00,2026-01-08 19:45:00,2026-01-08 20:07:00,202601081945,3.453e-06,C3.4,GOES-18,2.122e-06,2.592e-03,4.241e-03,,,,0.38176253,-11.568104,6.3972416,-131.04791,GOES-18_XRS,1,0,
2026-01-09 11:28:00,2026-01-09 11:15:00,2026-01-09 11:34:00,202601091115,3.409e-06,C3.4,GOES-18,6.558e-07,1.755e-03,2.262e-03,,,,331.39096,-11.590494,-459.4263,-138.23755,GOES-18_XRS,1,0,
2026-01-09 14:22:00,2026-01-09 14:09:00,2026-01-09 14:34:00,202601091409,1.215e-06,C1.2,GOES-18,6.320e-07,9.593e-04,1.563e-03,,,,342.7655,-15.853882,-279.23898,-204.73761,GOES-18_XRS,1,0,
2026-01-09 17:48:00,2026-01-09 17:31:00,2026-01-09 18:04:00,202601091731,1.093e-06,C1.0,GOES-18,5.734e-07,1.138e-03,1.918e-03,,,,340.3205,-10.623999,-324.27985,-117.22377,GOES-18_XRS,1,0,
2026-01-09 21:54:00,2026-01-09 21:44:00,2026-01-09 22:02:00,202601092144,8.070e-07,B8.0,GOES-18,5.625e-07,6.227e-04,8.768e-04,,,,,,,,,1,0,
2026-01-09 22:42:00,2026-01-09 22:30:00,2026-01-09 23:00:00,202601092230,1.288e-06,C1.2,GOES-18,5.710e-07,9.344e-04,1.972e-03,,,,69.21218,-16.919022,873.9072,-260.47937,GOES-18_XRS,1,0,
2026-01-10 08:14:00,2026-01-10 08:04:00,2026-01-10 08:17:00,202601100804,1.128e-06,C1.1,GOES-18,3.838e-07,5.231e-04,5.547e-04,350.0,-10.0,LEA,348.13135,-12.757243,-196.55246,-149.8343,GOES-18_XRS,1,0,4336
2026-01-10 13:00:00,2026-01-10 12:55:00,,202601101255,2.151e-07,B2.1,GOES-18,1.386e-07,9.874e-05,,,,,,,,,,1,0,
2026-01-10 13:10:00,2026-01-10 13:03:00,,202601101303,2.785e-07,B2.7,GOES-18,1.890e-07,1.667e-04,,,,,,,,,,2,0,
2026-01-10 15:29:00,2026-01-10 15:24:00,2026-01-10 15:31:00,202601101524,7.579e-07,B7.5,GOES-18,5.184e-07,3.359e-04,3.693e-04,356.0,-9.0,HOL,,,,,,1,0,4336
2026-01-10 18:07:00,2026-01-10 17:53:00,2026-01-10 18:17:00,202601101753,9.249e-07,B9.2,GOES-18,4.209e-07,7.424e-04,1.094e-03,,,,,,,,,1,0,
2026-01-10 18:54:00,2026-01-10 18:45:00,2026-01-10 18:57:00,202601101845,1.125e-06,C1.1,GOES-18,3.982e-07,4.975e-04,5.363e-04,358.0,-8.0,HOL,348.47516,-9.273316,-193.21538,-89.84721,GOES-18_XRS,1,0,4336
2026-01-10 19:42:00,2026-01-10 19:29:00,2026-01-10 19:59:00,202601101929,2.092e-06,C2.0,GOES-18,3.960e-07,1.129e-03,2.365e-03,4.0,-15.0,HOL,0.23371224,-17.021065,3.8218763,-219.14822,GOES-18_XRS,1,0,4339
2026-01-10 20:14:00,2026-01-10 20:02:00,2026-01-10 20:24:00,202601102002,3.792e-06,C3.7,GOES-18,1.166e-06,2.371e-03,3.687e-03,,,,64.93112,20.90537,826.7608,375.39737,GOES-18_XRS,1,0,
2026-01-10 22:33:00,2026-01-10 22:08:00,2026-01-10 22:52:00,202601102208,2.095e-06,C2.0,GOES-18,8.965e-07,2.775e-03,4.567e-03,,,,55.58169,14.886095,779.5362,288.8285,GOES-18_XRS,1,0,
2026-01-11 11:23:00,2026-01-11 11:19:00,2026-01-11 11:26:00,202601111119,7.766e-07,B7.7,GOES-18,4.324e-07,2.819e-04,3.120e-04,,,,,,,,,1,0,
2026-01-11 14:18:00,2026-01-11 14:09:00,2026-01-11 14:20:00,202601111409,2.827e-06,C2.8,GOES-18,4.536e-07,7.877e-04,8.368e-04,360.0,-14.0,SVI,353.63458,-15.52874,-104.668564,-193.24371,GOES-18_XRS,1,0,4336
2026-01-11 23:14:00,2026-01-11 21:53:00,2026-01-12 00:31:00,202601112153,3.379e-05,M3.3,GOES-18,9.301e-07,9.042e-02,2.079e-01,,,,,,-957.4408,-222.24234,GOES-18_XRS,1,0,
2026-01-12 10:15:00,2026-01-12 10:03:00,2026-01-12 10:22:00,202601121003,5.229e-06,C5.2,GOES-18,1.219e-06,2.967e-03,3.999e-03,20.0,-10.0,SVI,18.588463,-11.327032,306.1981,-124.14092,GOES-18_XRS,1,0,4336
2026-01-12 12:47:00,2026-01-12 12:42:00,2026-01-12 12:54:00,202601121242,1.421e-06,C1.4,GOES-18,1.001e-06,6.814e-04,1.050e-03,,,,283.97195,-2.7906854,-946.39075,-29.842173,GOES-18_XRS,1,0,
2026-01-13 07:33:00,2026-01-13 07:30:00,2026-01-13 07:38:00,202601130730,9.126e-07,B9.1,GOES-18,6.649e-07,3.469e-04,4.842e-04,,,,,,,,,1,0,
2026-01-13 09:54:00,2026-01-13 09:13:00,,202601130913,1.952e-06,C1.9,GOES-18,7.704e-07,3.898e-03,,,,,,,-1026.5323,-188.49089,GOES-18_XRS,1,0,
2026-01-13 10:18:00,2026-01-13 10:15:00,2026-01-13 10:20:00,202601131015,1.844e-06,C1.8,GOES-18,1.818e-06,7.670e-04,8.745e-04,,,,,,-1016.63794,-192.10017,GOES-18_XRS,2,0,
2026-01-13 12:13:00,2026-01-13 12:02:00,2026-01-13 12:36:00,202601131202,1.545e-06,C1.5,GOES-18,1.014e-06,1.188e-03,2.873e-03,35.0,-11.0,SVI,46.485016,-12.528943,692.6368,-161.41982,GOES-18_XRS,1,0,4336
2026-01-13 16:19:00,2026-01-13 16:09:00,,202601131609,1.316e-06,C1.3,GOES-18,7.927e-07,9.064e-04,,36.0,-8.0,HOL,357.9431,-4.7288494,-35.04861,-5.7378273,GOES-18_XRS,1,0,4336
2026-01-13 16:48:00,2026-01-13 16:22:00,2026-01-13 16:57:00,202601131622,2.474e-06,C2.4,GOES-18,1.261e-06,3.587e-03,4.432e-03,,,,,,-1005.05194,-90.449165,GOES-18_XRS,2,0,
2026-01-13 19:04:00,2026-01-13 18:54:00,2026-01-13 19:14:00,202601131854,1.473e-06,C1.4,GOES-18,1.019e-06,1.088e-03,1.705e-03,,,,,,-969.8148,-331.55063,GOES-18_XRS,1,0,
2026-01-14 03:50:00,2026-01-14 03:34:00,2026-01-14 03:54:00,202601140334,9.647e-06,C9.6,GOES-18,7.846e-07,3.868e-03,4.396e-03,,,,286.13327,16.221966,-900.52747,292.11084,GOES-18_XRS,1,0,
2026-01-14 04:16:00,2026-01-14 04:09:00,2026-01-14 04:24:00,202601140409,2.536e-06,C2.5,GOES-18,1.137e-06,1.313e-03,2.026e-03,,,,278.7584,16.802248,-923.2052,292.2387,GOES-18_XRS,1,0,
2026-01-14 06:21:00,2026-01-14 06:12:00,,202601140612,1.128e-06,C1.1,GOES-18,8.053e-07,7.800e-04,,,,,,,-968.292,-250.48213,GOES-18_XRS,1,0,
2026-01-14 06:28:00,2026-01-14 06:25:00,2026-01-14 06:30:00,202601140625,1.205e-06,C1.2,GOES-18,1.117e-06,4.818e-04,5.449e-04,,,,279.0544,-6.10296,-958.31635,-91.57754,GOES-18_XRS,2,0,
2026-01-14 09:53:00,2026-01-14 09:45:00,2026-01-14 09:57:00,202601140945,1.888e-06,C1.8,GOES-18,9.480e-07,9.718e-04,1.130e-03,,,,,,-928.8073,329.6752,GOES-18_XRS,1,0,
2026-01-14 16:17:00,2026-01-14 16:07:00,2026-01-14 16:25:00,202601141607,3.598e-06,C3.5,GOES-18,1.050e-06,1.954e-03,2.863e-03,,,,284.12286,16.28958,-908.6291,290.88205,GOES-18_XRS,1,0,
2026-01-14 20:33:00,2026-01-14 20:10:00,2026-01-14 20:52:00,202601142010,1.625e-05,M1.6,GOES-18,1.142e-06,1.148e-02,2.330e-02,287.0,-14.0,HOL,294.2791,-10.611898,-875.4241,-148.28432,GOES-18_XRS,1,0,4341
2026-01-14 23:26:00,2026-01-14 23:21:00,2026-01-14 23:30:00,202601142321,1.901e-06,C1.9,GOES-18,1.117e-06,8.394e-04,1.008e-03,274.0,18.0,HOL,,,-948.4877,309.55716,GOES-18_XRS,1,0,4342
2026-01-14 23:56:00,2026-01-14 23:33:00,2026-01-15 00:27:00,202601142333,3.837e-06,C3.8,GOES-18,1.309e-06,4.855e-03,1.036e-02,355.0,14.0,HOL,356.18002,10.813692,-64.10376,259.0412,GOES-18_XRS,1,0,4340
2026-01-15 06:36:00,2026-01-15 06:20:00,2026-01-15 07:00:00,202601150620,9.746e-06,C9.7,GOES-18,1.748e-06,6.323e-03,1.559e-02,294.0,-13.0,LEA,296.5304,-12.0369215,-855.0854,-169.22093,GOES-18_XRS,1,0,4341
2026-01-15 12:52:00,2026-01-15 12:45:00,2026-01-15 12:56:00,202601151245,2.337e-06,C2.3,GOES-18,9.293e-07,9.966e-04,1.177e-03,0.0,14.0,SVI,359.10382,11.647139,-15.005517,273.7893,GOES-18_XRS,1,0,4340
2026-01-15 13:14:00,2026-01-15 13:08:00,2026-01-15 13:16:00,202601151308,1.591e-06,C1.5,GOES-18,1.065e-06,7.647e-04,8.259e-04,,,,,,-1047.834,-179.68965,GOES-18_XRS,1,0,
2026-01-15 18:53:00,2026-01-15 18:47:00,2026-01-15 18:55:00,202601151847,1.378e-06,C1.3,GOES-18,9.037e-07,6.354e-04,6.949e-04,,,,311.96863,18.049671,-691.3041,351.97757,GOES-18_XRS,1,0,
2026-01-16 03:03:00,2026-01-16 02:59:00,2026-01-16 03:08:00,202601160259,1.534e-06,C1.5,GOES-18,8.664e-07,6.163e-04,8.270e-04,,,,306.2652,23.40511,-723.2393,429.9334,GOES-18_XRS,1,0,
2026-01-16 09:09:00,2026-01-16 08:47:00,2026-01-16 09:22:00,202601160847,6.614e-06,C6.6,GOES-18,8.530e-07,5.865e-03,8.873e-03,301.0,-18.0,SVI,302.0005,-17.585115,-790.219,-254.15747,GOES-18_XRS,1,0,4345
2026-01-16 11:41:00,2026-01-16 11:36:00,2026-01-16 11:49:00,202601161136,1.328e-06,C1.3,GOES-18,9.820e-07,6.540e-04,1.088e-03,,,,11.102909,0.8727432,188.61624,93.26087,GOES-18_XRS,1,0,
2026-01-16 12:40:00,2026-01-16 12:31:00,2026-01-16 12:46:00,202601161231,2.052e-06,C2.0,GOES-18,1.051e-06,1.191e-03,1.573e-03,,,,310.8862,-8.29627,-731.7038,-88.944,GOES-18_XRS,1,0,
2026-01-16 16:02:00,2026-01-16 15:56:00,2026-01-16 16:05:00,202601161556,1.671e-06,C1.6,GOES-19,1.220e-06,8.600e-04,9.393e-04,,,,348.6881,-18.160706,-182.54985,-229.54105,GOES-19_XRS,1,0,
2026-01-16 17:21:00,2026-01-16 17:15:00,2026-01-16 17:24:00,202601161715,1.448e-06,C1.4,GOES-19,1.040e-06,7.212e-04,7.891e-04,,,,317.55838,-6.7688,-655.69653,-56.16453,GOES-19_XRS,1,0,
2026-01-16 18:53:00,2026-01-16 18:43:00,,202601161843,1.378e-06,C1.3,GOES-19,9.411e-07,1.004e-03,,,,,315.52945,-10.824631,-673.1663,-126.83391,GOES-19_XRS,1,0,
2026-01-16 19:15:00,2026-01-16 19:04:00,2026-01-16 19:22:00,202601161904,4.070e-06,C4.0,GOES-18,1.288e-06,2.168e-03,2.975e-03,4.0,-10.0,HOL,0.5352653,-11.931978,8.953915,-123.16824,GOES-18_XRS,1,0,4343
2026-01-16 20:22:00,2026-01-16 20:14:00,2026-01-16 20:26:00,202601162014,1.628e-06,C1.6,GOES-18,1.152e-06,9.930e-04,1.155e-03,316.0,-9.0,HOL,317.45062,-13.053266,-644.5344,-162.53094,GOES-18_XRS,1,0,4341
2026-01-16 20:43:00,2026-01-16 20:36:00,2026-01-16 20:47:00,202601162036,1.990e-06,C1.9,GOES-18,1.429e-06,1.115e-03,1.314e-03,,,,354.6783,-9.50467,-89.60998,-82.134735,GOES-18_XRS,1,0,
2026-01-16 23:10:00,2026-01-16 22:58:00,2026-01-16 23:15:00,202601162258,5.226e-06,C5.2,GOES-18,1.105e-06,2.798e-03,3.347e-03,7.0,-10.0,HOL,4.4217434,-11.749723,73.94216,-120.03407,GOES-18_XRS,1,0,4343
2026-01-16 23:30:00,2026-01-16 23:25:00,2026-01-16 23:36:00,202601162325,2.799e-06,C2.7,GOES-18,1.639e-06,1.294e-03,1.832e-03,,,,294.38937,22.705372,-820.53314,406.33917,GOES-18_XRS,1,0,
2026-01-17 00:01:00,2026-01-16 23:54:00,2026-01-17 00:07:00,202601162354,1.765e-06,C1.7,GOES-18,1.282e-06,1.049e-03,1.419e-03,,,,,,-1321.2793,654.1909,GOES-18_XRS,1,0,
2026-01-17 00:54:00,2026-01-17 00:49:00,2026-01-17 00:58:00,202601170049,3.177e-06,C3.1,GOES-18,1.116e-06,1.147e-03,1.397e-03,,,,5.118359,-10.99228,85.78993,-107.13195,GOES-18_XRS,1,0,
2026-01-17 02:26:00,2026-01-17 02:20:00,,202601170220,2.991e-06,C2.9,GOES-18,1.945e-06,1.577e-03,,,,,317.21985,11.319075,-651.49,249.50568,GOES-18_XRS,1,0,
2026-01-17 02:37:00,2026-01-17 02:29:00,,202601170229,4.410e-06,C4.4,GOES-18,2.637e-06,2.594e-03,,320.0,-7.0,LEA,312.9787,0.33272302,-715.60486,60.753967,GOES-18_XRS,2,0,4341
2026-01-17 03:07:00,2026-01-17 03:02:00,2026-01-17 03:13:00,202601170302,2.396e-06,C2.3,GOES-18,1.766e-06,1.150e-03,1.642e-03,,,,69.662346,-6.4153633,910.01556,-80.87013,GOES-18_XRS,1,0,
2026-01-17 04:04:00,2026-01-17 03:57:00,2026-01-17 04:08:00,202601170357,1.976e-06,C1.9,GOES-18,1.330e-06,1.071e-03,1.262e-03,,,,326.10663,10.89613,-535.9252,250.3583,GOES-18_XRS,1,0,
2026-01-17 04:20:00,2026-01-17 04:13:00,2026-01-17 04:25:00,202601170413,1.979e-06,C1.9,GOES-18,1.396e-06,1.102e-03,1.405e-03,,,,304.62808,-18.195543,-764.2055,-260.55338,GOES-18_XRS,1,0,
2026-01-17 06:09:00,2026-01-17 06:03:00,2026-01-17 06:14:00,202601170603,2.802e-06,C2.8,GOES-18,1.587e-06,1.260e-03,1.652e-03,,,,315.75986,12.42638,-666.427,266.46786,GOES-18_XRS,1,0,
2026-01-17 10:29:00,2026-01-17 10:19:00,2026-01-17 10:32:00,202601171019,2.163e-05,M2.1,GOES-18,1.422e-06,7.165e-03,7.439e-03,325.0,-7.0,SVI,326.48767,-4.2997136,-538.9161,-5.4417453,GOES-18_XRS,1,0,4341
2026-01-17 15:07:00,2026-01-17 15:02:00,2026-01-17 15:10:00,202601171502,5.629e-06,C5.6,GOES-18,3.942e-06,2.586e-03,2.840e-03,328.0,-7.0,HOL,335.12616,-7.800491,-408.04883,-58.94114,GOES-18_XRS,1,0,4341
2026-01-17 18:13:00,2026-01-17 18:04:00,2026-01-17 18:22:00,202601171804,1.972e-06,C1.9,GOES-18,1.334e-06,1.315e-03,2.036e-03,,,,318.35254,16.66626,-622.7169,338.1648,GOES-18_XRS,1,0,
2026-01-17 23:42:00,2026-01-17 23:32:00,,202601172332,8.443e-06,C8.4,GOES-18,1.167e-06,3.442e-03,,,,,330.84003,-8.775293,-471.42593,-77.766045,GOES-18_XRS,1,0,
2026-01-17 23:51:00,2026-01-17 23:46:00,2026-01-17 23:54:00,202601172346,1.177e-05,M1.1,GOES-18,5.639e-06,4.824e-03,5.240e-03,,,,331.31738,-8.877619,-464.2501,-79.17196,GOES-18_XRS,2,0,
2026-01-18 03:11:00,2026-01-18 03:06:00,2026-01-18 03:17:00,202601180306,1.540e-06,C1.5,GOES-19,1.129e-06,7.345e-04,1.054e-03,,,,316.44562,22.395767,-622.9731,426.5073,GOES-19_XRS,1,0,
2026-01-18 03:49:00,2026-01-18 03:41:00,,202601180341,1.736e-06,C1.7,GOES-18,1.288e-06,1.127e-03,,,,,324.21622,14.416632,-554.11475,307.61212,GOES-18_XRS,1,0,
2026-01-18 04:08:00,2026-01-18 03:53:00,2026-01-18 04:22:00,202601180353,2.706e-06,C2.7,GOES-18,1.651e-06,2.522e-03,4.229e-03,,,,325.9145,-7.76605,-543.49866,-63.98979,GOES-18_XRS,2,0,
2026-01-18 06:20:00,2026-01-18 06:01:00,2026-01-18 06:32:00,202601180601,7.159e-06,C7.1,GOES-18,1.195e-06,5.855e-03,8.868e-03,326.0,-9.0,LEA,325.09824,-8.500808,-553.8435,-77.027275,GOES-18_XRS,1,0,4341
2026-01-18 11:48:00,2026-01-18 11:43:00,2026-01-18 11:55:00,202601181143,2.149e-06,C2.1,GOES-18,1.397e-06,1.004e-03,1.542e-03,,,,327.4418,12.147777,-514.8589,273.68488,GOES-18_XRS,1,0,
2026-01-18 14:04:00,2026-01-18 13:59:00,2026-01-18 14:10:00,202601181359,2.378e-06,C2.3,GOES-18,1.382e-06,1.033e-03,1.473e-03,,,,342.86838,-8.150651,-285.56235,-59.503468,GOES-18_XRS,1,0,
2026-01-18 16:37:00,2026-01-18 16:31:00,2026-01-18 16:43:00,202601181631,2.511e-06,C2.5,GOES-18,1.349e-06,1.122e-03,1.576e-03,343.0,-6.0,HOL,342.15503,-10.286247,-295.2714,-96.01633,GOES-18_XRS,1,0,4341
2026-01-18 18:09:00,2026-01-18 17:27:00,2026-01-18 18:51:00,202601181727,1.943e-04,X1.9,GOES-18,3.135e-06,2.363e-01,5.787e-01,340.0,-11.0,HOL,339.96167,-11.698837,-328.55582,-120.91382,GOES-18_XRS,1,0,4341
2026-01-19 11:19:00,2026-01-19 11:09:00,2026-01-19 11:22:00,202601191109,1.195e-05,M1.1,GOES-18,1.897e-06,3.947e-03,4.256e-03,,,,344.02493,-14.434443,-260.99487,-164.26488,GOES-18_XRS,1,0,
2026-01-19 12:27:00,2026-01-19 12:23:00,2026-01-19 12:30:00,202601191223,2.835e-06,C2.8,GOES-18,1.761e-06,1.103e-03,1.230e-03,,,,344.4042,-15.625966,-253.53157,-184.07652,GOES-18_XRS,1,0,
2026-01-19 13:07:00,2026-01-19 12:57:00,2026-01-19 13:12:00,202601191257,3.422e-06,C3.4,GOES-18,1.724e-06,2.080e-03,2.529e-03,,,,342.07144,2.6546745,-301.10214,125.849075,GOES-18_XRS,1,0,
2026-01-19 14:04:00,2026-01-19 13:56:00,2026-01-19 14:07:00,202601191356,3.650e-06,C3.6,GOES-18,1.682e-06,1.628e-03,1.760e-03,,,,343.36005,-16.275282,-269.15802,-195.26367,GOES-18_XRS,1,0,
2026-01-19 15:31:00,2026-01-19 15:22:00,2026-01-19 15:42:00,202601191522,3.624e-06,C3.6,GOES-18,1.931e-06,2.238e-03,3.797e-03,,,,341.41632,-19.434656,-294.2424,-248.53883,GOES-18_XRS,1,0,
2026-01-19 17:58:00,2026-01-19 17:44:00,2026-01-19 18:18:00,202601191744,3.901e-06,C3.9,GOES-18,1.827e-06,3.344e-03,6.774e-03,344.0,-17.0,HOL,346.23584,-19.54163,-219.55043,-248.29878,GOES-18_XRS,1,0,4345
2026-01-19 19:21:00,2026-01-19 19:09:00,2026-01-19 19:48:00,202601191909,8.063e-06,C8.0,GOES-18,2.998e-06,4.925e-03,1.377e-02,,,,16.303686,-14.63868,265.96393,-167.32098,GOES-18_XRS,1,0,
2026-01-20 04:38:00,2026-01-20 04:31:00,2026-01-20 04:46:00,202601200431,2.011e-06,C2.0,GOES-18,1.391e-06,1.165e-03,1.788e-03,,,,315.28198,-18.911507,-650.9947,-258.0797,GOES-18_XRS,1,0,
2026-01-20 05:32:00,2026-01-20 05:28:00,2026-01-20 05:34:00,202601200528,2.175e-06,C2.1,GOES-18,1.327e-06,7.976e-04,8.798e-04,,,,299.00342,-10.659419,-839.7625,-139.15479,GOES-18_XRS,1,0,
2026-01-20 06:14:00,2026-01-20 06:07:00,2026-01-20 06:18:00,202601200607,1.984e-06,C1.9,GOES-18,1.377e-06,1.117e-03,1.309e-03,,,,348.1488,-14.957802,-194.29219,-170.44545,GOES-18_XRS,1,0,
2026-01-20 06:31:00,2026-01-20 06:22:00,2026-01-20 06:36:00,202601200622,2.697e-06,C2.6,GOES-18,1.403e-06,1.510e-03,1.873e-03,,,,350.6834,-15.177796,-153.00337,-173.45921,GOES-18_XRS,1,0,
2026-01-20 07:33:00,2026-01-20 07:25:00,2026-01-20 07:37:00,202601200725,4.486e-06,C4.4,GOES-18,1.695e-06,2.043e-03,2.353e-03,358.0,-17.0,LEA,353.5812,-16.194025,-105.13468,-189.88748,GOES-18_XRS,1,0,4345
2026-01-20 08:16:00,2026-01-20 08:10:00,2026-01-20 08:19:00,202601200810,3.877e-06,C3.8,GOES-18,1.371e-06,1.517e-03,1.637e-03,358.0,-17.0,LEA,356.88086,-15.068403,-51.45462,-170.5411,GOES-18_XRS,1,0,4345
2026-01-20 12:08:00,2026-01-20 12:05:00,,202601201205,1.203e-06,C1.2,GOES-18,8.652e-07,4.483e-04,,,,,359.03732,-21.982145,-15.255345,-284.99304,GOES-18_XRS,1,0,
2026-01-20 12:20:00,2026-01-20 12:13:00,,202601201213,1.320e-06,C1.3,GOES-18,1.104e-06,8.091e-04,,,,,43.32326,-1.9032279,670.72534,30.399515,GOES-18_XRS,2,0,
2026-01-20 13:23:00,2026-01-20 12:49:00,2026-01-20 13:45:00,202601201249,4.194e-06,C4.1,GOES-19,1.602e-06,6.961e-03,1.101e-02,,,,339.86047,-12.639645,-328.92865,-134.1882,GOES-19_XRS,1,0,
2026-01-21 00:09:00,2026-01-21 00:05:00,2026-01-21 00:12:00,202601210005,2.137e-06,C2.1,GOES-18,1.329e-06,8.117e-04,9.021e-04,,,,4.617125,11.315388,77.28535,276.5543,GOES-18_XRS,1,0,
2026-01-21 01:35:00,2026-01-21 01:15:00,2026-01-21 01:58:00,202601210115,1.149e-05,M1.1,GOES-18,1.871e-06,9.996e-03,2.183e-02,5.0,-16.0,LEA,4.8247805,-15.170681,79.49312,-171.30856,GOES-18_XRS,1,0,4345
2026-01-21 05:13:00,2026-01-21 05:02:00,2026-01-21 05:24:00,202601210502,5.147e-06,C5.1,GOES-18,1.440e-06,2.722e-03,4.679e-03,,,,,,-953.3014,-226.53159,GOES-18_XRS,1,0,
2026-01-21 07:12:00,2026-01-21 06:54:00,2026-01-21 07:22:00,202601210654,3.411e-05,M3.4,GOES-18,1.388e-06,1.684e-02,2.780e-02,298.0,-18.0,LEA,304.0687,-14.043934,-785.3517,-188.66962,GOES-18_XRS,1,0,4349
2026-01-21 12:12:00,2026-01-21 12:09:00,2026-01-21 12:21:00,202601211209,3.372e-06,C3.3,GOES-18,1.497e-06,1.124e-03,2.190e-03,,,,14.6634445,-15.320902,239.03682,-175.5928,GOES-18_XRS,1,0,
2026-01-21 16:33:00,2026-01-21 16:24:00,2026-01-21 16:40:00,202601211624,2.371e-06,C2.3,GOES-18,1.389e-06,1.463e-03,2.038e-03,,,,7.787829,17.733065,126.34027,380.1769,GOES-18_XRS,1,0,
2026-01-21 18:23:00,2026-01-21 18:16:00,,202601211816,6.384e-06,C6.3,GOES-18,1.528e-06,2.717e-03,,,,,311.47745,-14.511509,-709.13995,-187.4213,GOES-18_XRS,1,0,
2026-01-21 18:34:00,2026-01-21 18:26:00,2026-01-21 18:39:00,202601211826,7.056e-06,C7.0,GOES-18,6.049e-06,4.843e-03,5.980e-03,,,,306.59485,-15.590685,-755.85095,-210.9681,GOES-18_XRS,2,0,
2026-01-21 19:10:00,2026-01-21 19:05:00,2026-01-21 19:15:00,202601211905,3.279e-06,C3.2,GOES-18,2.365e-06,1.573e-03,2.057e-03,,,,335.898,28.426035,-351.27686,534.60706,GOES-18_XRS,1,0,
2026-01-21 19:38:00,2026-01-21 19:29:00,2026-01-21 19:45:00,202601211929,8.657e-06,C8.6,GOES-18,1.647e-06,4.435e-03,6.043e-03,,,,20.925169,-13.390139,340.11774,-145.4398,GOES-18_XRS,1,0,
2026-01-21 19:55:00,2026-01-21 19:47:00,2026-01-21 20:02:00,202601211947,7.644e-06,C7.6,GOES-18,4.744e-06,4.615e-03,6.510e-03,,,,19.145205,-13.609035,312.0523,-148.21045,GOES-18_XRS,1,0,
2026-01-21 20:52:00,2026-01-21 20:47:00,2026-01-21 20:58:00,202601212047,3.283e-06,C3.2,GOES-18,1.918e-06,1.515e-03,2.150e-03,21.0,-12.0,HOL,15.006628,-9.822735,249.80164,-82.118256,GOES-18_XRS,1,0,4341
2026-01-22 10:49:00,2026-01-22 10:33:00,2026-01-22 11:00:00,202601221033,8.272e-06,C8.2,GOES-18,1.500e-06,5.439e-03,8.406e-03,,,,26.634005,-15.785769,422.17874,-188.26761,GOES-18_XRS,1,0,
2026-01-22 12:23:00,2026-01-22 12:18:00,2026-01-22 12:30:00,202601221218,2.277e-06,C2.2,GOES-18,1.566e-06,1.095e-03,1.675e-03,,,,16.125233,12.233661,265.68118,290.53418,GOES-18_XRS,1,0,
2026-01-22 17:07:00,2026-01-22 17:01:00,2026-01-22 17:15:00,202601221701,4.377e-06,C4.3,GOES-18,1.580e-06,1.877e-03,3.025e-03,,,,348.57935,-5.5391927,-192.96724,-6.512162,GOES-18_XRS,1,0,
2026-01-22 17:45:00,2026-01-22 17:33:00,2026-01-22 17:50:00,202601221733,2.694e-06,C2.6,GOES-18,1.706e-06,2.182e-03,2.571e-03,,,,348.5437,17.122454,-185.78413,371.0492,GOES-18_XRS,1,0,
2026-01-22 19:41:00,2026-01-22 19:34:00,,202601221934,1.929e-06,C1.9,GOES-18,1.407e-06,1.121e-03,,,,,333.39355,13.289121,-426.4802,302.1821,GOES-18_XRS,1,0,
2026-01-22 19:54:00,2026-01-22 19:43:00,2026-01-22 20:00:00,202601221943,9.596e-06,C9.5,GOES-18,1.889e-06,5.078e-03,6.476e-03,,,,343.73688,9.483392,-270.3785,245.7542,GOES-18_XRS,2,0,
2026-01-22 21:22:00,2026-01-22 21:16:00,2026-01-22 21:26:00,202601222116,2.415e-06,C2.4,GOES-18,1.723e-06,1.250e-03,1.490e-03,,,,39.94925,-17.58893,598.64746,-228.55812,GOES-18_XRS,1,0,
2026-01-22 22:34:00,2026-01-22 22:29:00,2026-01-22 22:39:00,202601222229,1.967e-06,C1.9,GOES-18,1.409e-06,9.440e-04,1.242e-03,,,,355.1177,15.045762,-80.45425,339.72858,GOES-18_XRS,1,0,
2026-01-22 23:52:00,2026-01-22 23:45:00,2026-01-22 23:56:00,202601222345,2.595e-06,C2.5,GOES-18,1.460e-06,1.372e-03,1.605e-03,,,,31.752491,-15.375984,496.46777,-184.4155,GOES-18_XRS,1,0,
2026-01-23 00:24:00,2026-01-23 00:16:00,2026-01-23 00:30:00,202601230016,4.182e-06,C4.1,GOES-18,1.750e-06,2.046e-03,2.765e-03,,,,35.089798,-12.749431,548.52155,-143.01709,GOES-18_XRS,1,0,
2026-01-23 01:19:00,2026-01-23 01:11:00,2026-01-23 01:28:00,202601230111,3.282e-06,C3.2,GOES-18,1.514e-06,1.553e-03,2.687e-03,,,,351.4727,16.17978,-139.38739,357.3182,GOES-18_XRS,1,0,
2026-01-23 01:40:00,2026-01-23 01:29:00,,202601230129,3.485e-06,C3.4,GOES-18,2.383e-06,2.727e-03,,,,,344.65186,14.617988,-250.6664,330.19977,GOES-18_XRS,1,0,
2026-01-23 01:57:00,2026-01-23 01:51:00,,202601230151,3.780e-06,C3.7,GOES-18,2.936e-06,2.059e-03,,,,,344.3372,10.099882,-260.16324,256.53287,GOES-18_XRS,2,0,
2026-01-23 09:36:00,2026-01-23 09:29:00,2026-01-23 09:45:00,202601230929,1.646e-06,C1.6,GOES-18,1.130e-06,9.200e-04,1.533e-03,39.0,-14.0,SVI,37.775967,-19.0445,566.3534,-249.99,GOES-18_XRS,1,0,4341
2026-01-23 10:15:00,2026-01-23 10:03:00,2026-01-23 10:25:00,202601231003,2.382e-06,C2.3,GOES-18,1.159e-06,1.764e-03,2.669e-03,38.0,-14.0,SVI,39.669823,-17.013168,597.0035,-218.12111,GOES-18_XRS,1,0,4341
2026-01-23 13:14:00,2026-01-23 12:59:00,2026-01-23 13:26:00,202601231259,3.358e-06,C3.3,GOES-18,1.450e-06,2.913e-03,4.511e-03,,,,309.65503,-10.514878,-739.902,-120.57444,GOES-18_XRS,1,0,
2026-01-24 08:31:00,2026-01-24 08:20:00,2026-01-24 08:38:00,202601240820,4.156e-06,C4.1,GOES-18,1.888e-06,2.773e-03,3.705e-03,,,,21.803856,2.6363242,363.12033,130.3141,GOES-18_XRS,1,0,
2026-01-24 18:38:00,2026-01-24 18:32:00,2026-01-24 18:41:00,202601241832,2.719e-06,C2.7,GOES-18,1.475e-06,1.231e-03,1.348e-03,,,,347.06705,-14.532864,-212.06229,-156.95067,GOES-18_XRS,1,0,
2026-01-24 20:12:00,2026-01-24 20:05:00,2026-01-24 20:22:00,202601242005,2.131e-06,C2.1,GOES-18,1.211e-06,1.199e-03,2.052e-03,,,,56.43729,-16.7784,779.39484,-231.65314,GOES-18_XRS,1,0,
2026-01-24 21:19:00,2026-01-24 21:09:00,2026-01-24 21:24:00,202601242109,2.601e-06,C2.6,GOES-18,1.202e-06,1.499e-03,1.816e-03,,,,18.556953,-4.981374,310.30716,3.1990104,GOES-18_XRS,1,0,
2026-01-25 03:41:00,2026-01-25 03:35:00,2026-01-25 03:48:00,202601250335,2.186e-06,C2.1,GOES-18,1.180e-06,1.066e-03,1.579e-03,,,,16.69227,-2.853843,280.78232,40.797935,GOES-18_XRS,1,0,
2026-01-25 04:13:00,2026-01-25 04:04:00,2026-01-25 04:17:00,202601250404,2.553e-06,C2.5,GOES-18,1.223e-06,1.430e-03,1.640e-03,,,,22.162601,-7.823302,365.73355,-46.93389,GOES-18_XRS,1,0,
2026-01-25 08:00:00,2026-01-25 07:56:00,2026-01-25 08:10:00,202601250756,1.713e-06,C1.7,GOES-18,1.165e-06,7.079e-04,1.418e-03,,,,52.865055,20.552822,729.12164,394.14346,GOES-18_XRS,1,0,
2026-01-25 10:30:00,2026-01-25 10:12:00,2026-01-25 10:41:00,202601251012,6.308e-06,C6.3,GOES-18,1.122e-06,4.512e-03,6.790e-03,,,,25.445225,-5.452196,418.50232,-8.286871,GOES-18_XRS,1,0,
2026-01-25 15:45:00,2026-01-25 15:36:00,2026-01-25 15:52:00,202601251536,4.410e-06,C4.4,GOES-18,1.169e-06,1.712e-03,2.604e-03,,,,0.54681104,-15.225173,9.013728,-165.09543,GOES-18_XRS,1,0,
2026-01-25 17:08:00,2026-01-25 16:59:00,,202601251659,2.323e-06,C2.3,GOES-18,1.149e-06,1.330e-03,,,,,30.2878,-4.210351,492.05426,9.550478,GOES-18_XRS,1,0,
2026-01-25 17:20:00,2026-01-25 17:14:00,2026-01-25 17:24:00,202601251714,2.154e-06,C2.1,GOES-18,2.010e-06,1.254e-03,1.495e-03,,,,30.580975,-3.611806,496.70578,19.523361,GOES-18_XRS,2,0,
2026-01-25 17:50:00,2026-01-25 17:45:00,2026-01-25 17:54:00,202601251745,2.273e-06,C2.2,GOES-18,1.460e-06,1.007e-03,1.222e-03,,,,65.448296,-15.268362,856.6226,-218.22711,GOES-18_XRS,1,0,
2026-01-25 21:08:00,2026-01-25 20:59:00,2026-01-25 21:16:00,202601252059,4.948e-06,C4.9,GOES-18,2.861e-06,3.089e-03,4.563e-03,,,,354.7995,-16.919239,-84.87773,-193.58719,GOES-18_XRS,1,0,
2026-01-25 21:43:00,2026-01-25 21:36:00,2026-01-25 21:47:00,202601252136,8.011e-06,C8.0,GOES-18,2.835e-06,3.565e-03,4.135e-03,,,,,,928.7795,397.94598,GOES-18_XRS,1,0,
2026-01-25 22:13:00,2026-01-25 22:05:00,2026-01-25 22:19:00,202601252205,3.193e-06,C3.1,GOES-18,2.067e-06,1.881e-03,2.519e-03,,,,355.85062,-21.508408,-65.88422,-269.5125,GOES-18_XRS,1,0,
2026-01-26 02:21:00,2026-01-26 02:09:00,2026-01-26 02:30:00,202601260209,3.003e-06,C3.0,GOES-18,1.807e-06,2.373e-03,3.433e-03,,,,31.84392,-3.2386124,515.26276,25.263428,GOES-18_XRS,1,0,
2026-01-26 12:31:00,2026-01-26 12:19:00,2026-01-26 12:40:00,202601261219,1.751e-06,C1.7,GOES-18,9.879e-07,1.328e-03,1.942e-03,,,,63.738987,15.431481,843.73676,299.00122,GOES-18_XRS,1,0,
2026-01-26 13:39:00,2026-01-26 13:24:00,2026-01-26 13:51:00,202601261324,8.859e-06,C8.8,GOES-18,1.016e-06,4.504e-03,8.291e-03,,,,340.84848,-16.72601,-307.42712,-194.02112,GOES-18_XRS,1,0,
2026-01-26 18:25:00,2026-01-26 18:19:00,2026-01-26 18:30:00,202601261819,1.574e-06,C1.5,GOES-18,1.044e-06,8.265e-04,1.051e-03,,,,40.67798,-8.498417,630.263,-72.14262,GOES-18_XRS,1,0,
2026-01-26 23:22:00,2026-01-26 23:12:00,2026-01-26 23:31:00,202601262312,5.056e-06,C5.0,GOES-18,1.219e-06,2.767e-03,4.269e-03,47.0,-3.0,HOL,47.92746,-5.0484304,722.59686,-21.65894,GOES-18_XRS,1,0,4351
2026-01-27 02:38:00,2026-01-27 02:30:00,2026-01-27 02:44:00,202601270230,1.949e-06,C1.9,GOES-18,1.301e-06,1.168e-03,1.567e-03,,,,43.437397,-3.6084774,670.7519,8.331124,GOES-18_XRS,1,0,
2026-01-27 04:20:00,2026-01-27 04:06:00,2026-01-27 04:38:00,202601270406,2.872e-06,C2.8,GOES-18,1.227e-06,2.189e-03,4.481e-03,,,,65.38516,11.9468565,867.99854,240.12306,GOES-18_XRS,1,0,
2026-01-27 09:29:00,2026-01-27 09:15:00,,202601270915,3.175e-06,C3.1,GOES-18,1.227e-06,2.340e-03,,54.0,-4.0,SVI,27.723576,-9.382997,448.97263,-74.473564,GOES-18_XRS,1,0,4351
2026-01-27 09:43:00,2026-01-27 09:39:00,2026-01-27 09:45:00,202601270939,2.972e-06,C2.9,GOES-18,2.875e-06,1.396e-03,1.567e-03,,,,353.0457,-17.327583,-113.109276,-198.60254,GOES-18_XRS,2,0,
2026-01-27 13:09:00,2026-01-27 13:03:00,2026-01-27 13:14:00,202601271303,2.047e-06,C2.0,GOES-18,1.242e-06,1.043e-03,1.322e-03,,,,43.397964,17.667385,639.68085,361.9364,GOES-18_XRS,1,0,
2026-01-27 23:40:00,2026-01-27 23:29:00,2026-01-27 23:47:00,202601272329,2.757e-06,C2.7,GOES-18,1.270e-06,1.844e-03,2.461e-03,,,,,,969.1006,228.05399,GOES-18_XRS,1,0,
2026-01-28 07:07:00,2026-01-28 07:00:00,2026-01-28 07:22:00,202601280700,1.301e-06,C1.3,GOES-18,7.912e-07,6.935e-04,1.574e-03,,,,358.08173,-21.697815,-30.43193,-269.22025,GOES-18_XRS,1,0,
2026-01-28 15:20:00,2026-01-28 15:12:00,2026-01-28 15:30:00,202601281512,9.997e-07,B9.9,GOES-18,6.664e-07,6.162e-04,1.025e-03,,,,,,,,,1,0,
2026-01-28 21:23:00,2026-01-28 21:19:00,2026-01-28 21:27:00,202601282119,1.425e-06,C1.4,GOES-18,9.519e-07,5.804e-04,7.162e-04,,,,10.806866,-17.415726,175.03615,-199.05467,GOES-18_XRS,1,0,
2026-01-29 03:33:00,2026-01-29 03:28:00,2026-01-29 03:37:00,202601290328,8.822e-07,B8.8,GOES-19,6.350e-07,4.115e-04,4.980e-04,,,,,,,,,1,0,
2026-01-29 21:40:00,2026-01-29 21:31:00,2026-01-29 21:58:00,202601292131,1.191e-06,C1.1,GOES-18,7.390e-07,7.453e-04,1.788e-03,,,,41.801167,-20.901157,608.4742,-277.3849,GOES-18_XRS,1,0,
2026-01-29 22:45:00,2026-01-29 22:39:00,2026-01-29 22:51:00,202601292239,1.585e-06,C1.5,GOES-18,7.849e-07,7.204e-04,1.000e-03,,,,353.00482,22.616543,-109.92834,465.50803,GOES-18_XRS,1,0,
2026-01-30 04:00:00,2026-01-30 03:50:00,2026-01-30 04:07:00,202601300350,1.505e-06,C1.5,GOES-18,1.009e-06,1.077e-03,1.461e-03,,,,295.5852,-19.782513,-828.1742,-287.94186,GOES-18_XRS,1,0,
2026-01-30 05:20:00,2026-01-30 05:09:00,,202601300509,1.547e-06,C1.5,GOES-18,9.757e-07,1.167e-03,,,,,46.985714,-7.560929,708.1084,-60.207977,GOES-18_XRS,1,0,
2026-01-30 05:32:00,2026-01-30 05:23:00,2026-01-30 05:40:00,202601300523,1.645e-06,C1.6,GOES-18,1.520e-06,1.248e-03,1.825e-03,,,,349.18558,-1.9340063,-183.45232,65.52637,GOES-18_XRS,2,0,
2026-01-30 07:11:00,2026-01-30 07:07:00,2026-01-30 07:13:00,202601300707,1.592e-06,C1.5,GOES-18,8.288e-07,5.397e-04,5.926e-04,,,,355.64047,25.089085,-67.3082,502.90247,GOES-18_XRS,1,0,
2026-01-30 08:53:00,2026-01-30 08:43:00,2026-01-30 09:02:00,202601300843,1.768e-06,C1.7,GOES-18,1.104e-06,1.205e-03,1.824e-03,,,,,,-959.8338,-259.8797,GOES-18_XRS,1,0,
2026-01-30 10:35:00,2026-01-30 10:26:00,2026-01-30 10:46:00,202601301026,1.909e-06,C1.9,GOES-18,1.117e-06,1.184e-03,2.065e-03,,,,299.88803,17.286303,-807.7911,336.09772,GOES-18_XRS,1,0,
2026-01-30 13:26:00,2026-01-30 13:19:00,2026-01-30 13:39:00,202601301319,1.674e-06,C1.6,GOES-18,7.808e-07,8.050e-04,1.761e-03,,,,300.3075,11.317482,-826.1415,240.16896,GOES-18_XRS,1,0,
2026-01-30 19:51:00,2026-01-30 19:45:00,2026-01-30 19:56:00,202601301945,1.258e-06,C1.2,GOES-18,8.689e-07,6.449e-04,8.299e-04,,,,38.656445,-11.43552,598.3521,-115.53245,GOES-18_XRS,1,0,
2026-01-30 20:59:00,2026-01-30 20:52:00,2026-01-30 21:03:00,202601302052,1.209e-06,C1.2,GOES-18,8.427e-07,6.564e-04,7.738e-04,,,,302.04608,12.3731985,-808.0303,260.2401,GOES-18_XRS,1,0,
2026-01-30 23:44:00,2026-01-30 23:36:00,2026-01-30 23:49:00,202601302336,1.406e-06,C1.4,GOES-18,1.016e-06,8.838e-04,1.096e-03,,,,322.11615,11.275068,-588.4403,268.2344,GOES-18_XRS,1,0,
2026-01-31 01:37:00,2026-01-31 01:28:00,,202601310128,1.552e-06,C1.5,GOES-18,1.039e-06,1.048e-03,,,,,,,-914.60614,335.58087,GOES-18_XRS,1,0,
2026-01-31 01:45:00,2026-01-31 01:41:00,2026-01-31 01:49:00,202601310141,2.043e-06,C2.0,GOES-18,1.309e-06,8.650e-04,1.060e-03,,,,300.4933,15.423267,-810.53503,307.51996,GOES-18_XRS,2,0,
2026-01-31 02:59:00,2026-01-31 02:44:00,2026-01-31 03:06:00,202601310244,3.115e-06,C3.1,GOES-18,1.329e-06,2.535e-03,3.233e-03,,,,286.75705,16.736683,-893.8471,307.07773,GOES-18_XRS,1,0,
2026-01-31 03:15:00,2026-01-31 03:10:00,2026-01-31 03:22:00,202601310310,2.654e-06,C2.6,GOES-19,1.976e-06,1.287e-03,1.975e-03,,,,,,-998.1893,156.64406,GOES-19_XRS,1,0,
2026-01-31 04:40:00,2026-01-31 04:25:00,,202601310425,4.931e-06,C4.9,GOES-18,1.185e-06,3.467e-03,,,,,301.99878,14.267448,-802.0785,291.1648,GOES-18_XRS,1,0,
2026-01-31 05:12:00,2026-01-31 04:49:00,2026-01-31 05:26:00,202601310449,6.092e-06,C6.0,GOES-18,3.416e-06,7.805e-03,1.145e-02,,,,10.599228,-5.4178414,179.12202,7.4012427,GOES-18_XRS,2,0,
2026-01-31 08:46:00,2026-01-31 08:31:00,2026-01-31 08:51:00,202601310831,3.614e-06,C3.6,GOES-18,1.645e-06,3.056e-03,3.515e-03,,,,304.62192,2.6024935,-802.50745,101.64737,GOES-18_XRS,1,0,
2026-01-31 10:52:00,2026-01-31 10:35:00,2026-01-31 11:01:00,202601311035,6.288e-06,C6.2,GOES-18,1.443e-06,4.180e-03,5.867e-03,,,,303.53613,14.266419,-788.401,293.5436,GOES-18_XRS,1,0,
2026-01-31 13:00:00,2026-01-31 12:55:00,2026-01-31 13:02:00,202601311255,6.177e-06,C6.1,GOES-18,3.068e-06,2.198e-03,2.391e-03,302.0,13.0,SVI,302.0844,16.465813,-792.85443,326.82904,GOES-18_XRS,1,0,4366
2026-01-31 13:53:00,2026-01-31 13:47:00,2026-01-31 14:00:00,202601311347,3.108e-06,C3.1,GOES-18,1.742e-06,1.393e-03,2.135e-03,,,,306.09103,11.39037,-773.2709,250.44649,GOES-18_XRS,1,0,
2026-01-31 14:52:00,2026-01-31 14:44:00,,202601311444,4.525e-06,C4.5,GOES-18,2.423e-06,2.188e-03,,,,,299.48688,14.145968,-823.52673,285.67392,GOES-18_XRS,1,0,
2026-01-31 15:09:00,2026-01-31 14:54:00,2026-01-31 15:18:00,202601311454,4.905e-06,C4.9,GOES-18,3.493e-06,4.979e-03,6.823e-03,,,,303.48914,12.675626,-794.09534,267.7452,GOES-18_XRS,2,0,
2026-01-31 16:00:00,2026-01-31 15:56:00,2026-01-31 16:04:00,202601311556,3.563e-06,C3.5,GOES-18,2.017e-06,1.416e-03,1.731e-03,54.0,-15.0,HOL,,,1000.5101,-248.36029,GOES-18_XRS,1,0,4357
2026-01-31 16:27:00,2026-01-31 16:23:00,2026-01-31 16:36:00,202601311623,2.837e-06,C2.8,GOES-18,1.774e-06,1.208e-03,2.215e-03,,,,300.73386,17.986977,-797.6417,349.10086,GOES-18_XRS,1,0,
2026-01-31 17:34:00,2026-01-31 17:22:00,,202601311722,3.002e-06,C3.0,GOES-18,1.523e-06,2.208e-03,,,,,300.94894,17.692358,-797.1854,344.7767,GOES-18_XRS,1,0,
2026-01-31 17:42:00,2026-01-31 17:37:00,2026-01-31 17:47:00,202601311737,3.124e-06,C3.1,GOES-18,2.849e-06,1.616e-03,2.148e-03,,,,302.17435,15.019671,-797.7356,303.8731,GOES-18_XRS,2,0,
2026-01-31 18:33:00,2026-01-31 18:21:00,2026-01-31 18:41:00,202601311821,7.070e-06,C7.0,GOES-18,2.338e-06,4.411e-03,6.300e-03,,,,305.35504,15.904825,-765.5258,322.70206,GOES-18_XRS,1,0,
2026-01-31 19:20:00,2026-01-31 19:08:00,2026-01-31 19:28:00,202601311908,7.823e-06,C7.8,GOES-18,2.442e-06,4.563e-03,6.459e-03,,,,310.65424,14.113618,-718.3498,301.20453,GOES-18_XRS,1,0,
2026-01-31 20:30:00,2026-01-31 20:20:00,2026-01-31 20:38:00,202601312020,5.722e-06,C5.7,GOES-18,3.616e-06,3.933e-03,5.664e-03,,,,296.69467,-16.835499,-834.314,-237.18701,GOES-18_XRS,1,0,
2026-01-31 22:18:00,2026-01-31 22:09:00,2026-01-31 22:24:00,202601312209,3.038e-06,C3.0,GOES-18,1.946e-06,1.967e-03,2.574e-03,,,,318.33896,15.490771,-625.66455,332.98837,GOES-18_XRS,1,0,
2026-02-01 02:05:00,2026-02-01 01:52:00,2026-02-01 02:12:00,202602010152,1.700e-05,M1.7,GOES-18,3.558e-06,8.975e-03,1.222e-02,,,,314.64206,14.062389,-673.99286,305.7251,GOES-18_XRS,1,0,
2026-02-01 03:41:00,2026-02-01 03:31:00,2026-02-01 03:50:00,202602010331,1.049e-05,M1.0,GOES-18,6.080e-06,6.778e-03,1.044e-02,,,,317.70056,15.20597,-634.2884,327.86618,GOES-18_XRS,1,0,
2026-02-01 04:20:00,2026-02-01 04:08:00,2026-02-01 04:35:00,202602010408,1.960e-05,M1.9,GOES-18,7.473e-06,1.434e-02,2.633e-02,,,,316.48956,13.197905,-654.64526,294.0997,GOES-18_XRS,1,0,
2026-02-01 07:08:00,2026-02-01 06:59:00,,202602010659,5.394e-06,C5.3,GOES-18,2.512e-06,2.968e-03,,,,,316.50714,13.374285,-653.9454,297.0686,GOES-18_XRS,1,0,
2026-02-01 07:23:00,2026-02-01 07:13:00,2026-02-01 07:32:00,202602010713,5.388e-06,C5.3,GOES-18,4.791e-06,4.338e-03,6.523e-03,,,,317.0146,13.943805,-646.2611,306.8916,GOES-18_XRS,2,0,
2026-02-01 10:02:00,2026-02-01 09:53:00,2026-02-01 10:06:00,202602010953,6.638e-05,M6.6,GOES-18,3.887e-06,2.051e-02,2.416e-02,,,,320.84656,15.348123,-594.74524,333.95084,GOES-18_XRS,1,0,
2026-02-01 10:42:00,2026-02-01 10:28:00,2026-02-01 10:50:00,202602011028,2.492e-05,M2.4,GOES-18,1.412e-05,2.279e-02,3.017e-02,,,,318.95438,15.52485,-617.9477,334.65546,GOES-18_XRS,1,0,
2026-02-01 12:12:00,2026-02-01 11:52:00,2026-02-01 12:20:00,202602011152,6.751e-05,M6.7,GOES-18,9.582e-06,4.558e-02,6.109e-02,,,,321.41214,15.2650585,-587.7492,333.322,GOES-18_XRS,1,0,
2026-02-01 12:33:00,2026-02-01 12:25:00,2026-02-01 12:37:00,202602011225,1.037e-04,X1.0,GOES-18,3.606e-05,5.442e-02,6.085e-02,,,,323.09988,16.066292,-563.61884,347.9134,GOES-18_XRS,1,0,
2026-02-01 12:50:00,2026-02-01 12:44:00,2026-02-01 12:56:00,202602011244,5.878e-05,M5.8,GOES-18,3.304e-05,2.894e-02,3.993e-02,,,,323.8883,15.793739,-554.0115,344.4132,GOES-18_XRS,1,0,
2026-02-01 14:25:00,2026-02-01 14:18:00,2026-02-01 14:29:00,202602011418,1.576e-05,M1.5,GOES-18,9.315e-06,7.821e-03,9.225e-03,,,,323.28098,14.788886,-564.7249,327.79276,GOES-18_XRS,1,0,
2026-02-01 15:48:00,2026-02-01 15:37:00,,202602011537,1.515e-05,M1.5,GOES-18,5.518e-06,9.602e-03,,,,,323.302,15.614547,-562.2247,341.05325,GOES-18_XRS,1,0,
2026-02-01 16:05:00,2026-02-01 15:57:00,2026-02-01 16:16:00,202602011557,5.156e-05,M5.1,GOES-18,1.175e-05,2.302e-02,4.373e-02,,,,319.72528,16.583109,-605.1061,352.54443,GOES-18_XRS,2,0,
2026-02-01 17:35:00,2026-02-01 17:32:00,2026-02-01 17:40:00,202602011732,1.159e-05,M1.1,GOES-18,5.986e-06,3.979e-03,5.539e-03,,,,324.94888,14.541663,-543.09705,325.67126,GOES-18_XRS,1,0,
2026-02-01 17:58:00,2026-02-01 17:43:00,,202602011743,2.539e-05,M2.5,GOES-18,7.972e-06,2.014e-02,,,,,325.25604,14.100732,-540.0109,318.917,GOES-18_XRS,1,0,
2026-02-01 18:19:00,2026-02-01 18:15:00,2026-02-01 18:22:00,202602011815,2.144e-05,M2.1,GOES-18,1.760e-05,9.356e-03,1.043e-02,,,,324.18048,15.041725,-552.1269,332.91638,GOES-18_XRS,2,0,
2026-02-01 18:56:00,2026-02-01 18:48:00,2026-02-01 19:02:00,202602011848,1.944e-05,M1.9,GOES-18,8.883e-06,1.134e-02,1.483e-02,,,,323.69742,14.242317,-560.5934,319.6228,GOES-18_XRS,1,0,
2026-02-01 19:22:00,2026-02-01 19:12:00,2026-02-01 19:34:00,202602011912,1.877e-05,M1.8,GOES-18,1.228e-05,1.375e-02,2.362e-02,,,,323.85703,14.081512,-558.86597,317.2204,GOES-18_XRS,1,0,
2026-02-01 20:30:00,2026-02-01 20:20:00,2026-02-01 20:39:00,202602012020,2.278e-05,M2.2,GOES-18,1.237e-05,1.433e-02,2.198e-02,,,,325.59906,15.2992,-532.394,338.5472,GOES-18_XRS,1,0,
2026-02-01 23:27:00,2026-02-01 23:12:00,,202602012312,1.396e-05,M1.3,GOES-18,4.054e-06,1.014e-02,,,,,327.96198,15.663634,-499.0428,346.74582,GOES-18_XRS,1,0,
2026-02-01 23:57:00,2026-02-01 23:44:00,2026-02-02 00:04:00,202602012344,8.106e-04,X8.1,GOES-18,1.042e-05,2.705e-01,3.996e-01,,,,,,,,,2,0,
2026-02-02 00:36:00,2026-02-02 00:31:00,2026-02-02 00:40:00,202602020031,2.835e-04,X2.8,GOES-18,8.200e-05,9.973e-02,1.176e-01,,,,330.96323,16.19154,-455.45154,357.85733,GOES-18_XRS,1,0,
2026-02-02 02:42:00,2026-02-02 02:35:00,2026-02-02 02:44:00,202602020235,4.400e-05,M4.4,GOES-18,1.973e-05,1.865e-02,2.041e-02,,,,329.6917,14.130517,-478.18005,323.95554,GOES-18_XRS,1,0,
2026-02-02 02:51:00,2026-02-02 02:45:00,2026-02-02 02:59:00,202602020245,5.266e-05,M5.2,GOES-18,2.863e-05,2.645e-02,4.163e-02,,,,328.54437,14.538599,-493.53592,329.45798,GOES-18_XRS,1,0,
2026-02-02 03:46:00,2026-02-02 03:44:00,2026-02-02 03:49:00,202602020344,1.963e-05,M1.9,GOES-18,1.353e-05,5.973e-03,6.827e-03,,,,331.87952,14.320673,-446.26025,328.94733,GOES-18_XRS,1,0,
2026-02-02 04:47:00,2026-02-02 04:39:00,2026-02-02 04:56:00,202602020439,3.009e-05,M3.0,GOES-18,7.474e-06,1.456e-02,2.344e-02,,,,325.76825,17.156189,-525.06903,368.44543,GOES-18_XRS,1,0,
2026-02-02 05:16:00,2026-02-02 05:10:00,,202602020510,1.637e-05,M1.6,GOES-18,1.158e-05,8.687e-03,,,,,328.09262,14.026867,-501.00894,320.9158,GOES-18_XRS,1,0,
2026-02-02 05:27:00,2026-02-02 05:19:00,2026-02-02 05:35:00,202602020519,2.338e-05,M2.3,GOES-18,1.580e-05,1.515e-02,2.236e-02,,,,327.4863,15.120722,-506.9453,337.86646,GOES-18_XRS,2,0,
2026-02-02 08:14:00,2026-02-02 07:39:00,2026-02-02 08:40:00,202602020739,1.649e-04,X1.6,GOES-18,1.242e-05,2.008e-01,3.762e-01,330.0,14.0,SVI,333.66714,16.000116,-416.66718,357.33746,GOES-18_XRS,1,0,4366
2026-02-02 10:24:00,2026-02-02 10:17:00,,202602021017,1.927e-05,M1.9,GOES-18,1.124e-05,1.029e-02,,,,,332.0899,15.688338,-440.33298,351.19965,GOES-18_XRS,1,0,
2026-02-02 11:24:00,2026-02-02 11:15:00,2026-02-02 11:30:00,202602021115,6.772e-05,M6.7,GOES-18,5.762e-06,3.108e-02,4.034e-02,,,,329.77197,17.407087,-469.32343,376.3844,GOES-18_XRS,1,0,
2026-02-02 13:39:00,2026-02-02 13:32:00,2026-02-02 13:43:00,202602021332,1.190e-05,M1.1,GOES-18,5.960e-06,6.242e-03,7.125e-03,,,,329.85443,11.836199,-480.2665,287.4376,GOES-18_XRS,1,0,
2026-02-02 15:01:00,2026-02-02 14:49:00,2026-02-02 15:14:00,202602021449,4.019e-05,M4.0,GOES-18,6.043e-06,1.846e-02,3.555e-02,335.0,13.0,SVI,336.70395,14.211822,-374.66733,331.38052,GOES-18_XRS,1,0,4366
2026-02-02 17:10:00,2026-02-02 17:03:00,2026-02-02 17:30:00,202602021703,2.378e-05,M2.3,GOES-18,6.748e-06,1.079e-02,2.999e-02,,,,336.41913,13.928923,-379.45178,326.72684,GOES-18_XRS,1,0,
2026-02-02 18:29:00,2026-02-02 18:26:00,2026-02-02 18:31:00,202602021826,2.391e-05,M2.3,GOES-18,7.827e-06,5.734e-03,6.376e-03,,,,337.92648,15.4470825,-353.9838,352.06897,GOES-18_XRS,1,0,
2026-02-02 20:05:00,2026-02-02 19:41:00,2026-02-02 20:32:00,202602021941,2.967e-05,M2.9,GOES-18,7.433e-06,3.209e-02,6.891e-02,,,,337.87173,15.075608,-355.44583,346.18698,GOES-18_XRS,1,0,
2026-02-02 21:08:00,2026-02-02 20:52:00,2026-02-02 21:17:00,202602022052,3.319e-05,M3.3,GOES-18,1.283e-05,2.738e-02,3.834e-02,,,,336.02045,17.712889,-378.28583,386.55966,GOES-18_XRS,1,0,
2026-02-02 23:19:00,2026-02-02 23:10:00,,202602022310,7.217e-06,C7.2,GOES-18,4.763e-06,4.724e-03,,,,,335.1396,12.966782,-400.35144,310.5376,GOES-18_XRS,1,0,
2026-02-02 23:27:00,2026-02-02 23:21:00,2026-02-02 23:31:00,202602022321,2.594e-05,M2.5,GOES-18,6.749e-06,9.226e-03,1.107e-02,,,,341.5833,13.9256115,-299.70065,330.2516,GOES-18_XRS,2,0,
2026-02-03 00:49:00,2026-02-03 00:44:00,2026-02-03 00:53:00,202602030044,7.874e-06,C7.8,GOES-18,5.096e-06,3.628e-03,4.374e-03,336.0,14.0,LEA,339.33688,15.128708,-332.89966,348.1775,GOES-18_XRS,1,0,4366
2026-02-03 01:49:00,2026-02-03 01:31:00,2026-02-03 02:21:00,202602030131,1.527e-05,M1.5,GOES-18,5.002e-06,1.452e-02,3.541e-02,337.0,12.0,LEA,340.57123,13.245022,-316.45145,318.81943,GOES-18_XRS,1,0,4366
2026-02-03 04:22:00,2026-02-03 04:13:00,2026-02-03 04:35:00,202602030413,1.757e-05,M1.7,GOES-18,2.909e-06,7.380e-03,1.537e-02,340.0,12.0,LEA,342.7797,13.524929,-281.32523,324.68115,GOES-18_XRS,1,0,4366
2026-02-03 05:55:00,2026-02-03 05:45:00,2026-02-03 06:03:00,202602030545,2.634e-05,M2.6,GOES-18,3.450e-06,1.030e-02,1.600e-02,344.0,12.0,LEA,347.19077,15.108099,-209.20805,352.11237,GOES-18_XRS,1,0,4366
2026-02-03 07:01:00,2026-02-03 06:43:00,2026-02-03 07:19:00,202602030643,7.244e-05,M7.2,GOES-18,4.813e-06,2.805e-02,7.385e-02,344.0,12.0,LEA,345.6111,14.89461,-234.72101,348.09308,GOES-18_XRS,1,0,4366
2026-02-03 07:47:00,2026-02-03 07:43:00,2026-02-03 07:52:00,202602030743,3.668e-05,M3.6,GOES-18,1.976e-05,1.428e-02,1.925e-02,345.0,12.0,LEA,348.451,14.378095,-189.56067,341.03528,GOES-18_XRS,1,0,4366
2026-02-03 10:12:00,2026-02-03 09:41:00,2026-02-03 10:28:00,202602030941,3.660e-05,M3.6,GOES-18,3.903e-06,3.994e-02,6.110e-02,346.0,14.0,SVI,345.97504,15.075284,-228.70767,351.25937,GOES-18_XRS,1,0,4366
2026-02-03 12:49:00,2026-02-03 12:41:00,2026-02-03 12:54:00,202602031241,4.083e-06,C4.0,GOES-18,2.671e-06,2.458e-03,3.061e-03,,,,346.03027,13.739183,-229.1988,330.0504,GOES-18_XRS,1,0,
2026-02-03 14:08:00,2026-02-03 13:58:00,2026-02-03 14:18:00,202602031358,1.510e-04,X1.5,GOES-18,2.767e-06,4.284e-02,9.407e-02,,,,350.359,15.300791,-157.88766,356.62247,GOES-18_XRS,1,0,
2026-02-03 14:56:00,2026-02-03 14:45:00,2026-02-03 15:03:00,202602031445,7.230e-05,M7.2,GOES-18,2.629e-05,4.156e-02,5.639e-02,,,,346.5025,18.349909,-216.49359,403.1321,GOES-18_XRS,1,0,
2026-02-03 16:36:00,2026-02-03 16:29:00,2026-02-03 16:40:00,202602031629,2.109e-05,M2.1,GOES-18,1.375e-05,1.181e-02,1.373e-02,,,,350.4744,14.706683,-156.45006,347.3123,GOES-18_XRS,1,0,
2026-02-03 18:08:00,2026-02-03 17:53:00,2026-02-03 18:22:00,202602031753,2.517e-05,M2.5,GOES-18,9.320e-06,2.149e-02,3.622e-02,,,,351.21954,15.121015,-144.03241,354.1817,GOES-18_XRS,1,0,
2026-02-03 19:33:00,2026-02-03 19:26:00,2026-02-03 19:36:00,202602031926,7.871e-06,C7.8,GOES-18,4.819e-06,3.996e-03,4.358e-03,,,,350.85004,14.396742,-150.54468,342.6018,GOES-18_XRS,1,0,
2026-02-03 20:57:00,2026-02-03 20:50:00,2026-02-03 21:08:00,202602032050,7.975e-06,C7.9,GOES-19,4.154e-06,3.944e-03,7.396e-03,,,,351.97815,15.098463,-131.68663,354.13992,GOES-19_XRS,1,0,
2026-02-03 21:36:00,2026-02-03 21:33:00,2026-02-03 21:41:00,202602032133,5.918e-06,C5.9,GOES-18,4.161e-06,2.211e-03,3.096e-03,,,,352.3894,15.8327465,-124.531296,365.90298,GOES-18_XRS,1,0,
2026-02-03 22:50:00,2026-02-03 22:31:00,,202602032231,2.009e-05,M2.0,GOES-18,4.056e-06,1.572e-02,,,,,353.09982,13.413748,-114.22504,327.56824,GOES-18_XRS,1,0,
2026-02-03 23:09:00,2026-02-03 22:56:00,2026-02-03 23:20:00,202602032256,3.477e-05,M3.4,GOES-18,1.869e-05,2.895e-02,4.481e-02,348.0,14.0,LEA,353.86063,13.6552,-101.57906,331.61404,GOES-18_XRS,2,0,4366
2026-02-04 01:01:00,2026-02-04 00:56:00,,202602040056,6.837e-06,C6.8,GOES-18,4.670e-06,3.178e-03,,,,,355.65637,15.006328,-71.50124,353.56104,GOES-18_XRS,1,0,
2026-02-04 01:10:00,2026-02-04 01:02:00,2026-02-04 01:16:00,202602040102,1.286e-05,M1.2,GOES-18,6.703e-06,6.722e-03,9.144e-03,355.0,12.0,LEA,356.46512,13.377773,-58.629917,327.6461,GOES-18_XRS,2,0,4366
2026-02-04 01:39:00,2026-02-04 01:26:00,,202602040126,1.401e-05,M1.4,GOES-18,8.516e-06,1.190e-02,,354.0,12.0,LEA,355.4772,13.030774,-75.09198,321.9597,GOES-18_XRS,1,0,4366
2026-02-04 01:55:00,2026-02-04 01:45:00,2026-02-04 01:59:00,202602040145,1.407e-05,M1.4,GOES-18,1.270e-05,1.134e-02,1.293e-02,,,,355.9317,14.201001,-67.22394,340.8018,GOES-18_XRS,2,0,
2026-02-04 02:30:00,2026-02-04 02:22:00,,202602040222,2.194e-05,M2.1,GOES-18,9.555e-06,1.075e-02,,,,,356.77377,13.810873,-53.417397,334.68228,GOES-18_XRS,1,0,
2026-02-04 02:39:00,2026-02-04 02:32:00,2026-02-04 02:55:00,202602040232,4.900e-05,M4.8,GOES-18,1.912e-05,2.522e-02,5.790e-02,354.0,12.0,LEA,356.97107,15.035804,-49.877182,354.25012,GOES-18_XRS,2,0,4366
2026-02-04 03:55:00,2026-02-04 03:48:00,2026-02-04 04:02:00,202602040348,2.191e-05,M2.1,GOES-18,4.839e-06,9.624e-03,1.371e-02,354.0,13.0,LEA,355.79745,14.335784,-69.395485,343.01968,GOES-18_XRS,1,0,4366
2026-02-04 06:23:00,2026-02-04 06:15:00,2026-02-04 06:35:00,202602040615,4.526e-06,C4.5,GOES-18,1.585e-06,2.351e-03,4.363e-03,,,,357.90125,15.6596155,-34.463898,364.36768,GOES-18_XRS,1,0,
2026-02-04 06:55:00,2026-02-04 06:50:00,2026-02-04 07:01:00,202602040650,3.516e-06,C3.5,GOES-18,1.843e-06,1.538e-03,2.181e-03,,,,354.01907,12.715927,-99.34521,316.86282,GOES-18_XRS,1,0,
2026-02-04 08:38:00,2026-02-04 08:26:00,2026-02-04 08:41:00,202602040826,3.777e-06,C3.7,GOES-18,2.144e-06,2.758e-03,2.902e-03,,,,349.88702,10.013879,-169.0094,271.94794,GOES-18_XRS,1,0,
2026-02-04 09:02:00,2026-02-04 08:50:00,2026-02-04 09:11:00,202602040850,6.735e-06,C6.7,GOES-18,1.957e-06,3.709e-03,5.625e-03,,,,355.56387,15.975427,-72.67333,369.22336,GOES-18_XRS,1,0,
2026-02-04 09:20:00,2026-02-04 09:12:00,2026-02-04 09:23:00,202602040912,1.822e-05,M1.8,GOES-18,4.996e-06,6.298e-03,6.780e-03,,,,357.20154,17.741104,-45.443535,397.10297,GOES-18_XRS,1,0,
2026-02-04 09:59:00,2026-02-04 09:48:00,,202602040948,6.271e-06,C6.2,GOES-18,2.713e-06,4.298e-03,,354.0,15.0,LEA,352.30002,13.51547,-127.32443,329.47812,GOES-18_XRS,1,0,4366
2026-02-04 10:12:00,2026-02-04 10:10:00,2026-02-04 10:15:00,202602041010,3.117e-05,M3.1,GOES-18,5.107e-06,6.381e-03,7.030e-03,,,,357.29297,17.634636,-43.98611,395.4868,GOES-18_XRS,2,0,
2026-02-04 10:46:00,2026-02-04 10:40:00,,202602041040,1.534e-05,M1.5,GOES-18,4.184e-06,6.040e-03,,,,,359.25974,13.661721,-12.2699375,332.7929,GOES-18_XRS,1,0,
2026-02-04 10:55:00,2026-02-04 10:51:00,2026-02-04 10:58:00,202602041051,1.585e-05,M1.5,GOES-18,1.364e-05,7.166e-03,8.029e-03,,,,358.61575,12.634722,-23.03973,316.2614,GOES-18_XRS,2,0,
2026-02-04 11:35:00,2026-02-04 11:31:00,2026-02-04 11:41:00,202602041131,1.110e-05,M1.1,GOES-18,7.028e-06,4.598e-03,6.761e-03,,,,355.9444,17.23059,-66.01434,389.092,GOES-18_XRS,1,0,
2026-02-04 12:13:00,2026-02-04 12:02:00,2026-02-04 12:18:00,202602041202,4.203e-04,X4.2,GOES-18,3.852e-06,1.643e-01,2.000e-01,,,,357.67328,18.035831,-37.724087,401.83868,GOES-18_XRS,1,0,
2026-02-04 15:34:00,2026-02-04 15:25:00,2026-02-04 15:55:00,202602041525,1.888e-05,M1.8,GOES-18,3.026e-06,6.819e-03,2.106e-02,4.0,12.0,HOL,2.6844573,13.900376,44.433563,336.70657,GOES-18_XRS,1,0,4366
2026-02-04 20:33:00,2026-02-04 20:19:00,2026-02-04 20:40:00,202602042019,6.610e-06,C6.6,GOES-18,1.797e-06,4.349e-03,5.689e-03,,,,3.5611053,11.494316,59.489483,298.03094,GOES-18_XRS,1,0,
2026-02-04 21:47:00,2026-02-04 21:42:00,2026-02-04 21:54:00,202602042142,3.088e-06,C3.0,GOES-18,2.028e-06,1.443e-03,2.220e-03,,,,0.55196047,15.354976,9.078249,360.2328,GOES-18_XRS,1,0,
2026-02-05 01:01:00,2026-02-05 00:54:00,2026-02-05 01:06:00,202602050054,4.695e-06,C4.6,GOES-18,2.428e-06,2.201e-03,2.837e-03,,,,323.47195,-17.115072,-555.5548,-203.58421,GOES-18_XRS,1,0,
2026-02-05 01:51:00,2026-02-05 01:44:00,2026-02-05 01:57:00,202602050144,4.921e-06,C4.9,GOES-18,1.995e-06,2.160e-03,3.004e-03,,,,6.8275566,13.775321,112.83484,334.49066,GOES-18_XRS,1,0,
2026-02-05 02:22:00,2026-02-05 02:13:00,2026-02-05 02:32:00,202602050213,3.255e-06,C3.2,GOES-18,2.101e-06,2.225e-03,3.581e-03,,,,9.395209,13.571947,155.07008,330.58484,GOES-18_XRS,1,0,
2026-02-05 02:54:00,2026-02-05 02:40:00,2026-02-05 03:06:00,202602050240,8.985e-06,C8.9,GOES-18,2.633e-06,6.022e-03,9.926e-03,9.0,15.0,LEA,6.774166,13.305378,112.1787,327.0072,GOES-18_XRS,1,0,4366
2026-02-05 04:21:00,2026-02-05 03:55:00,,202602050355,2.515e-05,M2.5,GOES-18,3.683e-06,2.990e-02,,9.0,15.0,LEA,9.652706,13.964626,159.00867,336.875,GOES-18_XRS,1,0,4366
2026-02-05 04:36:00,2026-02-05 04:25:00,2026-02-05 04:41:00,202602050425,2.764e-05,M2.7,GOES-18,2.503e-05,2.399e-02,2.863e-02,,,,9.420613,13.836764,155.30687,334.9095,GOES-18_XRS,2,0,
2026-02-05 06:19:00,2026-02-05 06:13:00,2026-02-05 06:27:00,202602050613,1.323e-05,M1.3,GOES-18,7.006e-06,6.459e-03,1.028e-02,9.0,15.0,LEA,9.234951,14.378179,151.90791,343.68524,GOES-18_XRS,1,0,4366
2026-02-05 08:02:00,2026-02-05 07:51:00,2026-02-05 08:06:00,202602050751,8.097e-06,C8.0,GOES-18,2.338e-06,4.121e-03,4.690e-03,9.0,15.0,LEA,9.097909,13.932675,149.96701,336.676,GOES-18_XRS,1,0,4366
2026-02-05 08:33:00,2026-02-05 08:19:00,,202602050819,1.066e-05,M1.0,GOES-18,2.052e-06,6.633e-03,,,,,9.94712,14.5423355,163.38329,346.17175,GOES-18_XRS,1,0,
2026-02-05 08:46:00,2026-02-05 08:38:00,2026-02-05 08:50:00,202602050838,1.203e-05,M1.2,GOES-18,9.425e-06,7.611e-03,8.780e-03,11.0,14.0,SVI,11.687364,14.677711,191.47565,347.73566,GOES-18_XRS,2,0,4366
2026-02-05 09:58:00,2026-02-05 09:50:00,,202602050950,2.687e-06,C2.6,GOES-18,1.695e-06,1.601e-03,,,,,13.587078,-17.718067,218.69733,-196.19891,GOES-18_XRS,1,0,
2026-02-05 10:14:00,2026-02-05 10:06:00,2026-02-05 10:28:00,202602051006,7.921e-06,C7.9,GOES-18,2.238e-06,4.114e-03,8.301e-03,,,,12.81675,13.010762,211.1954,320.6621,GOES-18_XRS,2,0,
2026-02-05 11:42:00,2026-02-05 11:38:00,2026-02-05 11:46:00,202602051138,4.314e-06,C4.3,GOES-18,2.247e-06,1.589e-03,1.979e-03,,,,8.801917,11.673894,146.439,300.5167,GOES-18_XRS,1,0,
2026-02-05 12:52:00,2026-02-05 12:42:00,,202602051242,6.076e-06,C6.0,GOES-18,2.244e-06,3.313e-03,,,,,12.071087,-19.59334,192.53682,-226.68832,GOES-18_XRS,1,0,
2026-02-05 13:04:00,2026-02-05 12:59:00,2026-02-05 13:09:00,202602051259,1.688e-05,M1.6,GOES-18,5.332e-06,6.528e-03,8.533e-03,,,,14.785725,10.4931755,245.19934,279.07556,GOES-18_XRS,2,0,
2026-02-05 14:22:00,2026-02-05 14:11:00,2026-02-05 14:33:00,202602051411,4.474e-06,C4.4,GOES-18,2.361e-06,3.374e-03,5.405e-03,,,,16.27003,14.520574,264.97556,343.4075,GOES-18_XRS,1,0,
2026-02-05 14:55:00,2026-02-05 14:43:00,2026-02-05 15:06:00,202602051443,4.429e-06,C4.4,GOES-18,2.645e-06,3.684e-03,5.716e-03,,,,12.840947,12.834234,211.7311,317.99228,GOES-18_XRS,1,0,
2026-02-05 15:13:00,2026-02-05 15:08:00,2026-02-05 15:20:00,202602051508,1.849e-05,M1.8,GOES-18,3.490e-06,6.755e-03,1.021e-02,16.0,-18.0,SVI,16.309744,-17.243345,262.09473,-189.28137,GOES-18_XRS,1,0,4362
2026-02-05 16:01:00,2026-02-05 15:49:00,2026-02-05 16:09:00,202602051549,3.598e-06,C3.5,GOES-18,2.128e-06,2.922e-03,3.973e-03,,,,12.586786,5.6712246,211.91856,200.52669,GOES-18_XRS,1,0,
2026-02-05 16:30:00,2026-02-05 16:20:00,2026-02-05 16:46:00,202602051620,1.688e-05,M1.6,GOES-18,2.340e-06,6.661e-03,1.629e-02,,,,16.327854,13.616108,266.94812,328.9939,GOES-18_XRS,1,0,
2026-02-05 17:41:00,2026-02-05 17:31:00,2026-02-05 17:56:00,202602051731,1.513e-05,M1.5,GOES-18,2.202e-06,8.410e-03,1.686e-02,,,,17.037327,15.427883,275.9203,357.54938,GOES-18_XRS,1,0,
2026-02-05 19:05:00,2026-02-05 18:58:00,2026-02-05 19:08:00,202602051858,2.189e-06,C2.1,GOES-18,1.543e-06,1.200e-03,1.309e-03,,,,22.47629,15.084344,360.559,348.76263,GOES-18_XRS,1,0,
2026-02-05 19:33:00,2026-02-05 19:28:00,2026-02-05 19:39:00,202602051928,2.069e-05,M2.0,GOES-18,1.622e-06,6.413e-03,9.163e-03,18.0,-17.0,HOL,19.420204,-15.446539,313.15372,-160.67696,GOES-18_XRS,1,0,4362
2026-02-05 22:17:00,2026-02-05 22:10:00,2026-02-05 22:20:00,202602052210,1.169e-05,M1.1,GOES-18,1.397e-06,3.159e-03,3.471e-03,73.0,-22.0,HOL,72.15355,-22.421892,857.2992,-338.8629,GOES-18_XRS,1,0,4372
2026-02-05 23:52:00,2026-02-05 23:47:00,2026-02-05 23:58:00,202602052347,2.007e-06,C2.0,GOES-18,1.297e-06,9.101e-04,1.313e-03,,,,,,-986.7533,215.33597,GOES-18_XRS,1,0,
2026-02-06 02:32:00,2026-02-06 02:23:00,2026-02-06 02:45:00,202602060223,3.868e-06,C3.8,GOES-18,2.395e-06,2.485e-03,4.670e-03,,,,22.724491,-19.73263,355.22723,-233.98854,GOES-18_XRS,1,0,
2026-02-06 05:54:00,2026-02-06 05:46:00,2026-02-06 06:01:00,202602060546,5.009e-06,C5.0,GOES-18,1.132e-06,2.369e-03,3.373e-03,,,,69.43491,-23.533798,836.4482,-351.92062,GOES-18_XRS,1,0,
2026-02-06 07:54:00,2026-02-06 07:34:00,2026-02-06 08:02:00,202602060734,2.688e-06,C2.6,GOES-18,1.333e-06,2.948e-03,3.707e-03,,,,20.151257,16.345888,322.881,370.7355,GOES-18_XRS,1,0,
2026-02-06 09:32:00,2026-02-06 09:23:00,2026-02-06 09:40:00,202602060923,3.166e-06,C3.1,GOES-18,1.795e-06,2.034e-03,2.958e-03,25.0,-18.0,SVI,22.574177,-26.920467,334.31702,-350.2788,GOES-18_XRS,1,0,4362
2026-02-06 10:21:00,2026-02-06 10:10:00,2026-02-06 10:26:00,202602061010,6.980e-06,C6.9,GOES-18,1.845e-06,3.471e-03,4.211e-03,15.0,14.0,SVI,26.141632,13.8609705,417.74954,326.9696,GOES-18_XRS,1,0,4366
2026-02-06 12:08:00,2026-02-06 12:05:00,2026-02-06 12:13:00,202602061205,2.641e-06,C2.6,GOES-18,1.298e-06,8.581e-04,1.196e-03,,,,24.068659,17.121801,380.62012,380.3544,GOES-18_XRS,1,0,
2026-02-06 14:06:00,2026-02-06 14:02:00,2026-02-06 14:10:00,202602061402,2.535e-06,C2.5,GOES-18,1.822e-06,1.056e-03,1.313e-03,,,,26.87414,12.509149,430.96478,304.72595,GOES-18_XRS,1,0,
2026-02-06 14:57:00,2026-02-06 14:50:00,2026-02-06 15:01:00,202602061450,4.274e-06,C4.2,GOES-18,1.694e-06,1.783e-03,2.091e-03,23.0,16.0,HOL,25.098246,10.840326,406.88348,279.12073,GOES-18_XRS,1,0,4366
2026-02-06 17:03:00,2026-02-06 16:48:00,2026-02-06 17:09:00,202602061648,3.355e-06,C3.3,GOES-18,1.447e-06,2.647e-03,3.218e-03,28.0,15.0,HOL,2.5045605,-6.7825203,42.4075,-6.825902,GOES-18_XRS,1,0,4366
2026-02-06 17:54:00,2026-02-06 17:49:00,2026-02-06 17:58:00,202602061749,2.164e-06,C2.1,GOES-18,1.573e-06,1.018e-03,1.236e-03,,,,29.733355,15.480038,466.67685,349.9185,GOES-18_XRS,1,0,
2026-02-06 18:42:00,2026-02-06 18:34:00,2026-02-06 18:50:00,202602061834,2.073e-06,C2.0,GOES-18,1.318e-06,1.228e-03,1.844e-03,,,,25.354652,13.822453,406.07385,327.275,GOES-18_XRS,1,0,
2026-02-06 21:32:00,2026-02-06 21:29:00,2026-02-06 21:40:00,202602062129,4.167e-06,C4.1,GOES-18,1.145e-06,1.250e-03,2.251e-03,33.0,15.0,HOL,32.89406,14.166758,514.0641,326.03403,GOES-18_XRS,1,0,4366
2026-02-07 06:39:00,2026-02-07 06:33:00,2026-02-07 06:41:00,202602070633,2.100e-06,C2.1,GOES-18,1.449e-06,1.034e-03,1.131e-03,,,,81.37802,12.609948,938.9313,227.03908,GOES-18_XRS,1,0,
2026-02-07 07:48:00,2026-02-07 07:42:00,2026-02-07 07:53:00,202602070742,2.064e-06,C2.0,GOES-18,1.449e-06,1.067e-03,1.382e-03,,,,347.22903,-20.59753,-202.15175,-241.72255,GOES-18_XRS,1,0,
2026-02-07 08:19:00,2026-02-07 08:09:00,2026-02-07 08:29:00,202602070809,7.338e-06,C7.3,GOES-18,1.433e-06,3.439e-03,5.747e-03,,,,36.671566,-18.50586,552.8758,-224.79596,GOES-18_XRS,1,0,
2026-02-07 10:56:00,2026-02-07 10:49:00,2026-02-07 11:04:00,202602071049,1.881e-06,C1.8,GOES-18,1.353e-06,1.059e-03,1.675e-03,,,,347.09515,-25.540197,-196.83548,-322.23666,GOES-18_XRS,1,0,
2026-02-07 13:59:00,2026-02-07 13:55:00,2026-02-07 14:08:00,202602071355,1.973e-06,C1.9,GOES-18,1.452e-06,8.698e-04,1.599e-03,,,,35.485508,20.128183,531.8817,417.38043,GOES-18_XRS,1,0,
2026-02-07 16:47:00,2026-02-07 16:34:00,2026-02-07 16:55:00,202602071634,3.304e-06,C3.3,GOES-18,1.568e-06,2.482e-03,3.382e-03,,,,36.39768,13.157556,563.93005,306.65555,GOES-18_XRS,1,0,
2026-02-07 23:47:00,2026-02-07 23:29:00,,202602072329,5.668e-06,C5.6,GOES-18,2.175e-06,5.189e-03,,,,,37.55727,9.735883,586.3259,249.84198,GOES-18_XRS,1,0,
2026-02-08 04:56:00,2026-02-08 04:50:00,2026-02-08 04:59:00,202602080450,4.811e-06,C4.8,GOES-18,2.907e-06,2.336e-03,2.527e-03,,,,37.916573,11.69155,587.2336,281.528,GOES-18_XRS,1,0,
2026-02-08 07:46:00,2026-02-08 07:32:00,2026-02-08 07:57:00,202602080732,6.136e-06,C6.1,GOES-18,3.145e-06,5.286e-03,8.026e-03,46.0,14.0,SVI,52.567455,16.278625,743.12177,335.76382,GOES-18_XRS,1,0,4366
2026-02-08 11:18:00,2026-02-08 11:13:00,2026-02-08 11:21:00,202602081113,1.801e-05,M1.8,GOES-18,3.017e-06,4.578e-03,5.124e-03,48.0,18.0,SVI,51.284527,18.626102,720.8504,374.71704,GOES-18_XRS,1,0,4366
2026-02-08 11:43:00,2026-02-08 11:32:00,2026-02-08 11:59:00,202602081132,1.708e-05,M1.7,GOES-18,6.113e-06,9.683e-03,2.040e-02,,,,52.6778,17.724236,738.4444,358.54285,GOES-18_XRS,1,0,
2026-02-08 13:53:00,2026-02-08 13:46:00,2026-02-08 13:57:00,202602081346,2.757e-05,M2.7,GOES-18,2.815e-06,8.307e-03,9.917e-03,,,,51.423943,14.646363,737.4562,311.51154,GOES-18_XRS,1,0,
2026-02-08 15:20:00,2026-02-08 15:16:00,2026-02-08 15:23:00,202602081516,5.701e-06,C5.7,GOES-18,3.594e-06,2.108e-03,2.382e-03,50.0,14.0,HOL,45.597755,16.260761,668.90686,345.50745,GOES-18_XRS,1,0,4366
2026-02-08 17:38:00,2026-02-08 17:12:00,2026-02-08 17:53:00,202602081712,8.706e-06,C8.7,GOES-18,3.115e-06,1.137e-02,1.659e-02,51.0,12.0,HOL,53.774223,-5.558879,782.88464,-28.848312,GOES-18_XRS,1,0,4366
2026-02-08 23:54:00,2026-02-08 23:32:00,,202602082332,7.435e-06,C7.4,GOES-18,2.487e-06,8.561e-03,,,,,57.61199,15.468241,793.10364,315.36383,GOES-18_XRS,1,0,
2026-02-09 00:13:00,2026-02-09 00:09:00,2026-02-09 00:15:00,202602090009,7.489e-06,C7.4,GOES-18,5.188e-06,3.002e-03,3.303e-03,,,,,,-1188.4575,164.41731,GOES-18_XRS,1,0,
2026-02-09 01:48:00,2026-02-09 01:41:00,,202602090141,2.936e-06,C2.9,GOES-18,1.912e-06,1.694e-03,,,,,54.319336,10.303329,779.04297,236.80348,GOES-18_XRS,1,0,
2026-02-09 01:57:00,2026-02-09 01:51:00,2026-02-09 02:00:00,202602090151,4.274e-06,C4.2,GOES-18,2.822e-06,2.116e-03,2.303e-03,,,,58.39996,14.515742,803.47687,298.84552,GOES-18_XRS,2,0,
2026-02-09 02:27:00,2026-02-09 02:14:00,2026-02-09 02:48:00,202602090214,2.816e-05,M2.8,GOES-18,2.466e-06,1.305e-02,3.358e-02,,,,59.952206,17.889187,802.57306,350.11588,GOES-18_XRS,1,0,
2026-02-09 08:16:00,2026-02-09 08:06:00,,202602090806,8.208e-06,C8.2,GOES-18,3.618e-06,5.280e-03,,,,,60.83873,16.1589,817.12573,321.30246,GOES-18_XRS,1,0,
2026-02-09 08:36:00,2026-02-09 08:32:00,2026-02-09 08:42:00,202602090832,6.616e-06,C6.6,GOES-18,5.912e-06,3.036e-03,4.509e-03,,,,18.400951,9.616189,303.88986,266.12173,GOES-18_XRS,2,0,
2026-02-09 13:48:00,2026-02-09 13:34:00,2026-02-09 13:55:00,202602091334,4.092e-06,C4.0,GOES-18,1.693e-06,3.283e-03,4.197e-03,,,,56.342484,12.7276745,791.2386,273.4379,GOES-18_XRS,1,0,
2026-02-09 15:20:00,2026-02-09 15:11:00,2026-02-09 15:28:00,202602091511,2.761e-06,C2.7,GOES-18,1.383e-06,1.671e-03,2.456e-03,65.0,15.0,HOL,62.065845,11.803093,842.45776,248.97263,GOES-18_XRS,1,0,4366
2026-02-09 18:17:00,2026-02-09 18:01:00,2026-02-09 18:22:00,202602091801,3.109e-06,C3.1,GOES-18,1.155e-06,2.534e-03,2.912e-03,,,,15.157217,7.8932014,252.89339,239.9373,GOES-18_XRS,1,0,
2026-02-09 23:02:00,2026-02-09 22:53:00,2026-02-09 23:04:00,202602092253,9.216e-06,C9.2,GOES-18,1.031e-06,2.629e-03,2.775e-03,285.0,10.0,HOL,288.85715,10.980569,-904.34717,219.56804,GOES-18_XRS,1,0,4374
2026-02-10 05:48:00,2026-02-10 05:29:00,,202602100529,2.311e-06,C2.3,GOES-18,1.243e-06,2.641e-03,,,,,66.85247,14.995739,864.787,292.697,GOES-18_XRS,1,0,
2026-02-10 06:48:00,2026-02-10 06:06:00,,202602100606,3.634e-06,C3.6,GOES-18,1.820e-06,7.285e-03,,,,,52.844902,4.672521,774.30707,146.24512,GOES-18_XRS,2,0,
2026-02-10 13:06:00,2026-02-10 12:57:00,2026-02-10 13:15:00,202602101257,2.571e-06,C2.5,GOES-18,1.171e-06,1.498e-03,2.358e-03,,,,,,982.82983,279.5037,GOES-18_XRS,1,0,
2026-02-10 13:55:00,2026-02-10 13:47:00,2026-02-10 14:05:00,202602101347,1.465e-06,C1.4,GOES-18,1.015e-06,8.986e-04,1.524e-03,,,,56.656452,-0.80437416,814.0228,48.046852,GOES-18_XRS,1,0,
2026-02-10 15:55:00,2026-02-10 15:47:00,2026-02-10 16:01:00,202602101547,1.507e-06,C1.5,GOES-18,1.088e-06,9.425e-04,1.257e-03,,,,,,957.5364,197.49342,GOES-18_XRS,1,0,
2026-02-11 00:09:00,2026-02-11 00:01:00,2026-02-11 00:19:00,202602110001,1.277e-05,M1.2,GOES-18,2.675e-06,5.712e-03,9.794e-03,,,,,,937.24994,265.35297,GOES-18_XRS,1,0,
2026-02-11 00:44:00,2026-02-11 00:29:00,,202602110029,1.178e-05,M1.1,GOES-18,5.607e-06,1.060e-02,,,,,,,942.44006,298.63885,GOES-18_XRS,1,0,
2026-02-11 00:57:00,2026-02-11 00:50:00,2026-02-11 00:59:00,202602110050,1.373e-05,M1.3,GOES-18,1.048e-05,7.483e-03,8.035e-03,,,,83.14044,15.543217,930.0368,271.7199,GOES-18_XRS,2,0,
2026-02-11 03:01:00,2026-02-11 02:53:00,2026-02-11 03:13:00,202602110253,2.676e-06,C2.6,GOES-18,1.678e-06,1.610e-03,3.026e-03,,,,65.34694,8.529578,875.16376,189.87354,GOES-18_XRS,1,0,
2026-02-11 03:37:00,2026-02-11 03:31:00,2026-02-11 03:40:00,202602110331,1.978e-06,C1.9,GOES-18,1.427e-06,1.009e-03,1.108e-03,,,,73.3738,11.261472,914.4385,220.31865,GOES-18_XRS,1,0,
2026-02-11 05:27:00,2026-02-11 05:19:00,2026-02-11 05:33:00,202602110519,2.044e-06,C2.0,GOES-18,1.368e-06,1.244e-03,1.647e-03,,,,40.499092,15.78456,609.3747,345.9904,GOES-18_XRS,1,0,
2026-02-11 07:25:00,2026-02-11 07:19:00,2026-02-11 07:27:00,202602110719,2.342e-06,C2.3,GOES-18,1.258e-06,9.559e-04,1.040e-03,,,,,,978.1679,239.56342,GOES-18_XRS,1,0,
2026-02-11 10:16:00,2026-02-11 10:08:00,2026-02-11 10:22:00,202602111008,1.689e-06,C1.6,GOES-18,1.168e-06,1.048e-03,1.388e-03,,,,58.203182,3.8594766,826.1243,124.46211,GOES-18_XRS,1,0,
2026-02-11 13:12:00,2026-02-11 12:47:00,2026-02-11 13:25:00,202602111247,1.445e-05,M1.4,GOES-18,1.562e-06,1.227e-02,1.861e-02,,,,,,974.0356,197.89366,GOES-18_XRS,1,0,
2026-02-11 18:04:00,2026-02-11 17:53:00,2026-02-11 18:14:00,202602111753,1.775e-06,C1.7,GOES-18,1.185e-06,1.387e-03,2.141e-03,355.0,10.0,HOL,352.56924,7.713111,-125.10922,241.53183,GOES-18_XRS,1,0,4373
2026-02-11 19:07:00,2026-02-11 19:02:00,2026-02-11 19:11:00,202602111902,2.001e-06,C2.0,GOES-18,1.433e-06,9.476e-04,1.139e-03,,,,71.87122,21.386475,860.9424,385.1182,GOES-18_XRS,1,0,
2026-02-11 19:48:00,2026-02-11 19:43:00,2026-02-11 19:52:00,202602111943,3.132e-06,C3.1,GOES-18,1.111e-06,1.179e-03,1.405e-03,,,,,,977.4188,254.87129,GOES-18_XRS,1,0,
2026-02-11 21:22:00,2026-02-11 21:18:00,2026-02-11 21:26:00,202602112118,1.336e-06,C1.3,GOES-18,9.430e-07,5.426e-04,6.762e-04,313.0,10.0,HOL,309.73428,7.4224105,-743.19305,196.86107,GOES-18_XRS,1,0,4374
2026-02-11 23:29:00,2026-02-11 23:23:00,2026-02-11 23:35:00,202602112323,3.158e-06,C3.1,GOES-18,1.428e-06,1.464e-03,2.013e-03,,,,,,1029.6552,271.43942,GOES-18_XRS,1,0,
2026-02-12 02:40:00,2026-02-12 02:29:00,2026-02-12 02:50:00,202602120229,1.436e-05,M1.4,GOES-18,7.828e-07,5.788e-03,1.003e-02,,,,,,968.9599,219.64127,GOES-18_XRS,1,0,
2026-02-12 07:40:00,2026-02-12 07:25:00,2026-02-12 07:56:00,202602120725,1.103e-06,C1.1,GOES-18,6.944e-07,1.081e-03,1.895e-03,,,,80.796745,14.882776,927.5357,265.53503,GOES-18_XRS,1,0,
2026-02-12 13:41:00,2026-02-12 13:34:00,2026-02-12 13:50:00,202602121334,1.125e-06,C1.1,GOES-19,8.160e-07,6.414e-04,1.055e-03,,,,,,1314.8625,123.74265,GOES-19_XRS,1,0,
2026-02-12 16:36:00,2026-02-12 16:19:00,2026-02-12 16:58:00,202602121619,1.108e-06,C1.1,GOES-18,5.657e-07,1.130e-03,2.254e-03,,,,,,988.7371,234.10936,GOES-18_XRS,1,0,
2026-02-13 01:31:00,2026-02-13 01:26:00,2026-02-13 01:35:00,202602130126,7.566e-07,B7.5,GOES-18,4.712e-07,3.317e-04,4.038e-04,,,,,,,,,1,0,
2026-02-13 07:50:00,2026-02-13 07:42:00,2026-02-13 08:05:00,202602130742,7.933e-07,B7.9,GOES-18,4.336e-07,4.558e-04,9.830e-04,,,,,,,,,1,0,
2026-02-13 08:58:00,2026-02-13 08:28:00,2026-02-13 09:20:00,202602130828,1.059e-05,M1.0,GOES-18,6.872e-07,9.464e-03,1.935e-02,16.0,11.0,LEA,14.389253,8.17538,240.02669,247.72742,GOES-18_XRS,1,0,4373
2026-02-14 02:29:00,2026-02-14 02:15:00,2026-02-14 02:43:00,202602140215,7.879e-07,B7.8,GOES-18,4.289e-07,6.610e-04,1.134e-03,,,,,,,,,1,0,
2026-02-14 06:10:00,2026-02-14 05:59:00,2026-02-14 06:18:00,202602140559,2.059e-06,C2.0,GOES-18,6.904e-07,1.130e-03,1.644e-03,,,,342.73822,13.858679,-281.0175,338.90094,GOES-18_XRS,1,0,
2026-02-14 07:06:00,2026-02-14 06:58:00,,202602140658,7.554e-07,B7.5,GOES-18,5.319e-07,4.829e-04,,,,,,,,,,1,0,
2026-02-14 07:31:00,2026-02-14 07:26:00,2026-02-14 07:37:00,202602140726,6.936e-07,B6.9,GOES-18,6.457e-07,3.666e-04,5.258e-04,,,,,,,,,2,0,
2026-02-14 09:23:00,2026-02-14 09:16:00,2026-02-14 09:31:00,202602140916,7.665e-07,B7.6,GOES-18,4.579e-07,4.146e-04,6.397e-04,,,,,,,,,1,0,
2026-02-14 11:13:00,2026-02-14 11:02:00,2026-02-14 11:20:00,202602141102,6.049e-06,C6.0,GOES-18,6.299e-07,2.220e-03,3.296e-03,,,,348.94522,10.914165,-183.6795,294.69733,GOES-18_XRS,1,0,
2026-02-15 03:33:00,2026-02-15 03:26:00,2026-02-15 03:35:00,202602150326,6.364e-07,B6.3,GOES-18,3.342e-07,2.765e-04,3.002e-04,,,,,,,,,1,0,
2026-02-15 07:27:00,2026-02-15 07:19:00,2026-02-15 07:32:00,202602150719,1.285e-06,C1.2,GOES-18,3.762e-07,5.402e-04,6.858e-04,,,,26.638042,-23.928658,399.59564,-297.8639,GOES-18_XRS,1,0,
2026-02-15 16:17:00,2026-02-15 16:09:00,2026-02-15 16:24:00,202602151609,7.606e-07,B7.6,GOES-18,5.179e-07,4.596e-04,6.606e-04,8.0,8.0,HOL,,,,,,1,0,4374
2026-02-15 21:06:00,2026-02-15 20:56:00,2026-02-15 21:09:00,202602152056,1.860e-06,C1.8,GOES-18,4.167e-07,7.443e-04,7.937e-04,,,,359.3165,2.2802486,-11.6278,154.938,GOES-18_XRS,1,0,
2026-02-16 04:35:00,2026-02-16 04:03:00,2026-02-16 05:00:00,202602160403,2.471e-05,M2.4,GOES-18,4.871e-07,2.703e-02,5.201e-02,,,,,,-970.5605,-133.14822,GOES-18_XRS,1,0,
2026-02-16 17:59:00,2026-02-16 17:52:00,2026-02-16 18:10:00,202602161752,6.906e-07,B6.9,GOES-18,5.116e-07,4.023e-04,7.385e-04,,,,,,,,,1,0,
2026-02-17 04:52:00,2026-02-17 04:43:00,2026-02-17 05:02:00,202602170443,1.060e-06,C1.0,GOES-18,4.495e-07,5.943e-04,9.820e-04,,,,,,-1663.1398,-295.81946,GOES-18_XRS,1,0,
2026-02-17 15:56:00,2026-02-17 15:47:00,2026-02-17 16:04:00,202602171547,9.112e-07,B9.1,GOES-18,4.540e-07,5.370e-04,7.949e-04,32.0,9.0,HOL,,,,,,1,0,4374
2026-02-17 18:48:00,2026-02-17 18:37:00,2026-02-17 18:58:00,202602171837,1.194e-06,C1.1,GOES-18,7.298e-07,8.781e-04,1.371e-03,,,,,,-1068.5361,-201.78447,GOES-18_XRS,1,0,
2026-02-17 23:23:00,2026-02-17 23:07:00,2026-02-17 23:31:00,202602172307,1.852e-06,C1.8,GOES-18,5.375e-07,1.411e-03,1.872e-03,,,,23.59362,-0.34913743,390.137,102.057884,GOES-18_XRS,1,0,
2026-02-18 04:35:00,2026-02-18 04:31:00,2026-02-18 04:42:00,202602180431,6.853e-07,B6.8,GOES-18,4.901e-07,2.903e-04,4.679e-04,,,,,,,,,1,0,
2026-02-18 05:07:00,2026-02-18 04:58:00,2026-02-18 05:17:00,202602180458,1.420e-06,C1.4,GOES-18,4.722e-07,7.478e-04,1.248e-03,,,,19.360807,-4.083783,322.36078,42.096508,GOES-18_XRS,1,0,
2026-02-18 13:37:00,2026-02-18 13:29:00,2026-02-18 13:42:00,202602181329,5.912e-07,B5.9,GOES-18,4.124e-07,3.614e-04,4.497e-04,,,,,,,,,1,0,
2026-02-18 19:34:00,2026-02-18 19:27:00,2026-02-18 19:40:00,202602181927,9.145e-07,B9.1,GOES-18,4.909e-07,4.589e-04,6.247e-04,,,,,,,,,1,0,
2026-02-18 20:42:00,2026-02-18 20:17:00,2026-02-18 20:57:00,202602182017,2.246e-06,C2.2,GOES-18,8.384e-07,2.830e-03,4.231e-03,,,,297.3138,-5.154659,-860.59937,-32.7683,GOES-18_XRS,1,0,
2026-02-19 07:18:00,2026-02-19 06:52:00,2026-02-19 07:24:00,202602190652,1.994e-06,C1.9,GOES-18,3.616e-07,1.838e-03,2.122e-03,,,,46.057346,9.699903,690.80884,243.78278,GOES-18_XRS,1,0,
2026-02-19 10:15:00,2026-02-19 10:06:00,2026-02-19 10:22:00,202602191006,1.017e-06,C1.0,GOES-18,3.826e-07,5.753e-04,7.954e-04,,,,23.149965,-4.4250937,381.97287,34.136753,GOES-18_XRS,1,0,
2026-02-19 19:18:00,2026-02-19 19:06:00,2026-02-19 19:45:00,202602191906,1.577e-06,C1.5,GOES-18,4.346e-07,9.340e-04,2.627e-03,,,,46.765644,-0.6771125,709.0757,69.89527,GOES-18_XRS,1,0,
2026-02-20 03:07:00,2026-02-20 02:52:00,2026-02-20 03:16:00,202602200252,2.908e-06,C2.9,GOES-18,5.524e-07,1.942e-03,2.772e-03,359.0,7.0,LEA,358.82742,3.7791111,-19.901495,182.52994,GOES-18_XRS,1,0,4377
2026-02-20 05:58:00,2026-02-20 05:54:00,2026-02-20 06:11:00,202602200554,8.204e-07,B8.2,GOES-18,4.773e-07,3.316e-04,7.750e-04,,,,,,,,,1,0,
2026-02-20 12:16:00,2026-02-20 12:06:00,2026-02-20 12:29:00,202602201206,4.628e-07,B4.6,GOES-18,2.286e-07,2.937e-04,5.445e-04,,,,,,,,,1,0,
2026-02-21 08:58:00,2026-02-21 08:53:00,2026-02-21 09:03:00,202602210853,4.525e-07,B4.5,GOES-18,2.883e-07,1.954e-04,2.597e-04,,,,,,,,,1,0,
2026-02-21 18:10:00,2026-02-21 18:03:00,2026-02-21 18:13:00,202602211803,6.746e-07,B6.7,GOES-18,3.340e-07,3.034e-04,3.298e-04,,,,,,,,,1,0,
2026-02-22 00:37:00,2026-02-22 00:26:00,2026-02-22 00:45:00,202602220026,1.258e-06,C1.2,GOES-18,3.028e-07,6.814e-04,9.970e-04,,,,64.05709,0.047438458,873.8071,53.14938,GOES-18_XRS,1,0,
2026-02-22 01:11:00,2026-02-22 01:02:00,2026-02-22 01:16:00,202602220102,7.715e-07,B7.7,GOES-18,3.376e-07,4.288e-04,5.272e-04,,,,,,,,,1,0,
2026-02-22 06:33:00,2026-02-22 06:20:00,2026-02-22 06:41:00,202602220620,2.212e-06,C2.2,GOES-18,3.665e-07,1.199e-03,1.750e-03,,,,,,968.08374,105.94362,GOES-18_XRS,1,0,
2026-02-22 09:21:00,2026-02-22 09:15:00,2026-02-22 09:28:00,202602220915,2.026e-07,B2.0,GOES-18,1.253e-07,1.009e-04,1.545e-04,,,,,,,,,1,0,
2026-02-22 09:47:00,2026-02-22 09:40:00,,202602220940,1.434e-07,B1.4,GOES-18,7.983e-08,7.697e-05,,,,,,,,,,1,0,
2026-02-22 10:26:00,2026-02-22 10:15:00,,202602221015,2.060e-07,B2.0,GOES-18,1.468e-07,1.551e-04,,,,,,,,,,2,0,
2026-02-23 02:52:00,2026-02-23 02:43:00,2026-02-23 02:59:00,202602230243,5.044e-07,B5.0,GOES-18,3.252e-07,3.224e-04,4.492e-04,,,,,,,,,1,0,
2026-02-23 15:31:00,2026-02-23 15:19:00,2026-02-23 15:51:00,202602231519,5.046e-07,B5.0,GOES-18,3.191e-07,4.124e-04,8.928e-04,,,,,,,,,1,0,
2026-02-24 23:13:00,2026-02-24 23:04:00,,202602242304,2.162e-06,C2.1,GOES-18,1.297e-06,1.396e-03,,,,,,,-960.49457,-350.25015,GOES-18_XRS,1,0,
2026-02-24 23:25:00,2026-02-24 23:20:00,2026-02-24 23:28:00,202602242320,2.399e-06,C2.3,GOES-18,2.112e-06,1.221e-03,1.347e-03,,,,,,-928.87115,-329.9285,GOES-18_XRS,2,0,
2026-02-25 00:24:00,2026-02-25 00:11:00,,202602250011,2.300e-06,C2.3,GOES-18,1.383e-06,2.079e-03,,,,,275.3057,-20.657215,-903.46533,-328.9852,GOES-18_XRS,1,0,
2026-02-25 00:45:00,2026-02-25 00:32:00,2026-02-25 01:07:00,202602250032,5.350e-06,C5.3,GOES-18,1.872e-06,4.069e-03,9.083e-03,,,,283.63403,-21.142223,-879.4875,-320.70444,GOES-18_XRS,2,0,
2026-02-25 02:30:00,2026-02-25 02:19:00,2026-02-25 02:42:00,202602250219,1.410e-06,C1.4,GOES-18,9.008e-07,1.069e-03,1.809e-03,,,,298.421,-18.654375,-809.36597,-253.747,GOES-18_XRS,1,0,
2026-02-25 03:09:00,2026-02-25 02:59:00,2026-02-25 03:30:00,202602250259,1.548e-06,C1.5,GOES-18,9.943e-07,1.126e-03,2.672e-03,,,,284.32477,-21.494474,-874.7763,-324.96732,GOES-18_XRS,1,0,
2026-02-25 05:15:00,2026-02-25 05:08:00,2026-02-25 05:36:00,202602250508,4.840e-06,C4.8,GOES-18,8.836e-07,2.243e-03,6.260e-03,,,,283.8987,-20.571117,-881.814,-311.10312,GOES-18_XRS,1,0,
2026-02-25 06:56:00,2026-02-25 06:41:00,2026-02-25 07:09:00,202602250641,2.627e-06,C2.6,GOES-18,9.139e-07,2.136e-03,3.493e-03,28.0,-8.0,SVI,30.114445,-9.351015,481.7022,-53.438923,GOES-18_XRS,1,0,
2026-02-25 08:12:00,2026-02-25 08:05:00,2026-02-25 08:16:00,202602250805,1.041e-06,C1.0,GOES-18,7.586e-07,5.947e-04,7.001e-04,,,,,,-920.44116,-311.40808,GOES-18_XRS,1,0,
2026-02-25 08:59:00,2026-02-25 08:47:00,,202602250847,2.618e-06,C2.6,GOES-18,8.176e-07,1.827e-03,,,,,276.76703,-18.126604,-915.1647,-285.81592,GOES-18_XRS,1,0,
2026-02-25 09:48:00,2026-02-25 09:38:00,2026-02-25 09:55:00,202602250938,3.277e-06,C3.2,GOES-18,9.447e-07,1.570e-03,2.218e-03,,,,283.2757,-19.422804,-890.5242,-293.93277,GOES-18_XRS,1,0,
2026-02-25 10:36:00,2026-02-25 10:27:00,2026-02-25 10:39:00,202602251027,1.241e-06,C1.2,GOES-18,8.297e-07,8.068e-04,8.647e-04,,,,295.81595,-16.399067,-838.58887,-221.47551,GOES-18_XRS,1,0,
2026-02-25 11:23:00,2026-02-25 11:03:00,2026-02-25 11:35:00,202602251103,3.883e-06,C3.8,GOES-18,8.592e-07,3.392e-03,5.047e-03,,,,275.38177,-20.049414,-906.8232,-319.17123,GOES-18_XRS,1,0,
2026-02-25 15:59:00,2026-02-25 15:35:00,2026-02-25 16:09:00,202602251535,2.394e-05,M2.3,GOES-18,8.335e-07,1.370e-02,2.105e-02,,,,280.98395,-20.374876,-892.6253,-313.47028,GOES-18_XRS,1,0,
2026-02-26 17:39:00,2026-02-26 17:18:00,2026-02-26 17:56:00,202602261718,1.818e-06,C1.8,GOES-18,9.700e-07,2.263e-03,3.697e-03,286.0,-18.0,HOL,,,-962.0225,-203.70969,GOES-18_XRS,1,0,4379
2026-02-26 18:52:00,2026-02-26 18:46:00,,202602261846,1.498e-06,C1.4,GOES-18,9.851e-07,7.502e-04,,,,,292.67957,-22.261469,-828.753,-321.48535,GOES-18_XRS,1,0,
2026-02-26 19:09:00,2026-02-26 18:56:00,2026-02-26 19:17:00,202602261856,6.349e-06,C6.3,GOES-18,1.340e-06,3.390e-03,4.898e-03,,,,286.79932,4.1170006,-926.1827,104.05461,GOES-18_XRS,2,0,
2026-02-26 23:16:00,2026-02-26 23:11:00,2026-02-26 23:19:00,202602262311,1.184e-06,C1.1,GOES-18,8.273e-07,5.251e-04,5.806e-04,,,,308.81366,5.6931715,-753.20355,171.40259,GOES-18_XRS,1,0,
2026-02-27 00:29:00,2026-02-27 00:18:00,2026-02-27 00:35:00,202602270018,2.207e-06,C2.2,GOES-18,1.237e-06,1.537e-03,1.953e-03,,,,284.50446,-17.819666,-893.953,-265.5494,GOES-18_XRS,1,0,
2026-02-27 01:11:00,2026-02-27 01:06:00,2026-02-27 01:17:00,202602270106,1.478e-06,C1.4,GOES-18,8.748e-07,6.349e-04,9.221e-04,,,,292.95236,-9.963072,-880.18097,-119.951294,GOES-18_XRS,1,0,
2026-02-27 02:23:00,2026-02-27 02:16:00,2026-02-27 02:31:00,202602270216,2.043e-06,C2.0,GOES-18,8.793e-07,1.011e-03,1.552e-03,,,,288.41052,-20.168674,-864.08154,-295.88446,GOES-18_XRS,1,0,
2026-02-27 04:30:00,2026-02-27 04:24:00,2026-02-27 04:39:00,202602270424,1.147e-06,C1.1,GOES-18,8.488e-07,6.081e-04,1.046e-03,,,,,,-1008.59607,-39.48804,GOES-18_XRS,1,0,
2026-02-27 07:17:00,2026-02-27 07:08:00,2026-02-27 07:26:00,202602270708,1.326e-06,C1.3,GOES-18,8.690e-07,8.638e-04,1.348e-03,,,,277.39,-16.766033,-920.4052,-262.46857,GOES-18_XRS,1,0,
2026-02-27 09:12:00,2026-02-27 09:04:00,2026-02-27 09:15:00,202602270904,1.180e-06,C1.1,GOES-19,8.626e-07,7.387e-04,7.960e-04,,,,,,-1029.732,301.18472,GOES-19_XRS,1,0,
2026-02-27 11:48:00,2026-02-27 11:41:00,2026-02-27 11:51:00,202602271141,1.508e-06,C1.5,GOES-18,8.519e-07,7.373e-04,8.016e-04,,,,271.21738,-7.9952974,-959.0972,-131.12846,GOES-18_XRS,1,0,
2026-02-27 12:59:00,2026-02-27 12:46:00,2026-02-27 13:03:00,202602271246,3.502e-06,C3.5,GOES-18,9.395e-07,1.809e-03,2.030e-03,,,,285.2623,8.01938,-926.2971,165.86568,GOES-18_XRS,1,0,
2026-02-27 18:15:00,2026-02-27 18:10:00,2026-02-27 18:19:00,202602271810,1.287e-06,C1.2,GOES-18,9.088e-07,5.918e-04,7.181e-04,,,,292.3587,2.5409727,-896.3678,88.87669,GOES-18_XRS,1,0,
2026-02-27 19:42:00,2026-02-27 19:32:00,2026-02-27 19:49:00,202602271932,2.848e-06,C2.8,GOES-18,8.784e-07,1.846e-03,2.430e-03,301.0,14.0,HOL,302.25116,13.410732,-798.5513,286.50897,GOES-18_XRS,1,0,4378
2026-02-27 20:09:00,2026-02-27 19:59:00,2026-02-27 20:14:00,202602271959,3.488e-06,C3.4,GOES-18,1.105e-06,1.733e-03,2.130e-03,301.0,14.0,HOL,304.29788,13.969819,-778.2875,299.05338,GOES-18_XRS,1,0,4378
2026-02-28 03:13:00,2026-02-28 02:56:00,2026-02-28 03:25:00,202602280256,6.494e-06,C6.4,GOES-18,1.077e-06,4.928e-03,7.786e-03,,,,304.6755,-17.0872,-763.3213,-216.83835,GOES-18_XRS,1,0,
2026-02-28 05:34:00,2026-02-28 05:23:00,2026-02-28 05:43:00,202602280523,2.204e-06,C2.2,GOES-18,1.037e-06,1.395e-03,2.150e-03,,,,310.5635,9.617734,-727.4329,239.08664,GOES-18_XRS,1,0,
2026-02-28 10:02:00,2026-02-28 09:46:00,2026-02-28 10:09:00,202602280946,2.947e-06,C2.9,GOES-18,1.039e-06,2.479e-03,3.090e-03,,,,293.3813,8.087137,-881.53064,183.2104,GOES-18_XRS,1,0,
2026-02-28 15:33:00,2026-02-28 15:21:00,2026-02-28 15:48:00,202602281521,2.730e-06,C2.7,GOES-18,1.292e-06,1.965e-03,3.732e-03,,,,290.2062,6.0047936,-905.1064,142.46735,GOES-18_XRS,1,0,
2026-02-28 18:04:00,2026-02-28 17:54:00,2026-02-28 18:22:00,202602281754,3.285e-06,C3.2,GOES-18,1.356e-06,2.182e-03,4.706e-03,,,,,,-1006.29987,213.52977,GOES-18_XRS,1,0,
2026-02-28 21:32:00,2026-02-28 21:18:00,2026-02-28 21:44:00,202602282118,4.744e-06,C4.7,GOES-18,1.050e-06,3.202e-03,5.261e-03,,,,280.7776,10.204728,-936.8146,192.70428,GOES-18_XRS,1,0,
2026-03-01 00:42:00,2026-03-01 00:35:00,2026-03-01 00:52:00,202603010035,1.955e-06,C1.9,GOES-18,1.297e-06,1.143e-03,1.967e-03,,,,313.88754,-20.204891,-656.9741,-253.43776,GOES-18_XRS,1,0,
2026-03-01 01:32:00,2026-03-01 01:24:00,2026-03-01 01:36:00,202603010124,4.749e-06,C4.7,GOES-18,1.331e-06,1.933e-03,2.238e-03,,,,301.79947,8.005569,-816.7675,197.70638,GOES-18_XRS,1,0,
2026-03-01 02:06:00,2026-03-01 01:55:00,2026-03-01 02:21:00,202603010155,6.127e-06,C6.1,GOES-18,1.274e-06,3.414e-03,6.984e-03,,,,317.52948,-17.882767,-624.3052,-210.28374,GOES-18_XRS,1,0,
2026-03-01 05:52:00,2026-03-01 05:47:00,2026-03-01 05:55:00,202603010547,2.002e-06,C2.0,GOES-18,1.245e-06,8.653e-04,9.580e-04,,,,304.0296,8.186732,-796.16833,204.67604,GOES-18_XRS,1,0,
2026-03-01 06:15:00,2026-03-01 06:07:00,2026-03-01 06:22:00,202603010607,5.278e-06,C5.2,GOES-18,1.455e-06,2.197e-03,3.218e-03,,,,295.35333,9.67287,-864.07794,213.13708,GOES-18_XRS,1,0,
2026-03-01 07:49:00,2026-03-01 07:30:00,2026-03-01 08:03:00,202603010730,5.916e-06,C5.9,GOES-18,1.396e-06,5.407e-03,8.532e-03,,,,297.2254,7.1330447,-855.96436,174.85738,GOES-18_XRS,1,0,
2026-03-01 10:11:00,2026-03-01 10:07:00,2026-03-01 10:14:00,202603011007,1.490e-06,C1.4,GOES-18,8.855e-07,5.666e-04,6.307e-04,,,,,,-1000.99084,147.35979,GOES-18_XRS,1,0,
2026-03-01 11:47:00,2026-03-01 11:41:00,2026-03-01 12:00:00,202603011141,1.360e-06,C1.3,GOES-18,8.851e-07,6.707e-04,1.458e-03,,,,307.51028,9.754678,-758.881,236.39743,GOES-18_XRS,1,0,
2026-03-01 15:01:00,2026-03-01 14:55:00,,202603011455,1.468e-06,C1.4,GOES-18,1.051e-06,7.538e-04,,,,,,,-985.41705,245.97615,GOES-18_XRS,1,0,
2026-03-01 15:09:00,2026-03-01 15:04:00,2026-03-01 15:12:00,202603011504,1.843e-06,C1.8,GOES-18,1.422e-06,8.786e-04,9.765e-04,,,,277.17654,10.102405,-946.03265,183.51553,GOES-18_XRS,2,0,
2026-03-01 17:02:00,2026-03-01 16:53:00,2026-03-01 17:08:00,202603011653,2.622e-06,C2.6,GOES-18,1.159e-06,1.443e-03,1.891e-03,,,,,,-949.8272,188.5931,GOES-18_XRS,1,0,
2026-03-01 18:13:00,2026-03-01 18:07:00,2026-03-01 18:24:00,202603011807,3.579e-06,C3.5,GOES-18,1.309e-06,1.642e-03,3.031e-03,303.0,6.0,HOL,299.6978,7.6964555,-835.15265,188.806,GOES-18_XRS,1,0,4381
2026-03-01 19:32:00,2026-03-01 19:28:00,2026-03-01 19:42:00,202603011928,2.407e-06,C2.4,GOES-18,1.093e-06,9.109e-04,1.789e-03,300.0,9.0,HOL,304.35806,7.4805965,-794.3363,193.64737,GOES-18_XRS,1,0,4381
2026-03-01 20:05:00,2026-03-01 19:52:00,2026-03-01 20:13:00,202603011952,2.774e-06,C2.7,GOES-18,1.533e-06,2.248e-03,3.042e-03,,,,304.98932,9.623547,-783.8831,229.9634,GOES-18_XRS,1,0,
2026-03-01 20:49:00,2026-03-01 20:38:00,2026-03-01 21:00:00,202603012038,2.545e-06,C2.5,GOES-18,1.420e-06,1.869e-03,3.028e-03,,,,297.57684,5.604518,-855.71967,150.20074,GOES-18_XRS,1,0,
2026-03-01 21:37:00,2026-03-01 21:30:00,,202603012130,1.911e-06,C1.9,GOES-18,1.236e-06,1.025e-03,,,,,289.34354,7.0849023,-907.7065,158.7025,GOES-18_XRS,1,0,
2026-03-01 21:48:00,2026-03-01 21:41:00,2026-03-01 21:59:00,202603012141,4.046e-06,C4.0,GOES-18,1.642e-06,1.978e-03,3.619e-03,,,,,,-954.8549,210.87634,GOES-18_XRS,2,0,
2026-03-02 00:15:00,2026-03-02 00:07:00,,202603020007,1.313e-06,C1.3,GOES-18,9.467e-07,8.347e-04,,,,,307.05222,1.177171,-774.5297,93.356125,GOES-18_XRS,1,0,
2026-03-02 00:26:00,2026-03-02 00:19:00,2026-03-02 00:29:00,202603020019,2.842e-06,C2.8,GOES-18,1.224e-06,1.363e-03,1.452e-03,,,,280.26688,10.580499,-936.9431,197.80084,GOES-18_XRS,2,0,
2026-03-02 02:03:00,2026-03-02 01:50:00,2026-03-02 02:31:00,202603020150,1.389e-06,C1.3,GOES-18,9.836e-07,1.297e-03,3.259e-03,,,,,,-1112.8712,282.46576,GOES-18_XRS,1,0,
2026-03-02 04:38:00,2026-03-02 04:29:00,2026-03-02 04:40:00,202603020429,4.556e-06,C4.5,GOES-18,9.792e-07,1.441e-03,1.550e-03,,,,289.9554,9.88497,-897.6238,206.10225,GOES-18_XRS,1,0,
2026-03-02 06:46:00,2026-03-02 06:40:00,2026-03-02 06:55:00,202603020640,2.014e-06,C2.0,GOES-18,1.253e-06,1.021e-03,1.724e-03,,,,298.86752,8.650256,-839.7874,202.9983,GOES-18_XRS,1,0,
2026-03-02 08:47:00,2026-03-02 08:36:00,2026-03-02 08:54:00,202603020836,2.599e-06,C2.5,GOES-19,1.025e-06,1.583e-03,2.154e-03,,,,282.91702,7.3233557,-936.5991,149.5506,GOES-19_XRS,1,0,
2026-03-02 09:45:00,2026-03-02 09:39:00,,202603020939,1.682e-06,C1.6,GOES-19,9.397e-07,7.973e-04,,,,,295.78558,3.9552076,-871.1577,119.341934,GOES-19_XRS,1,0,
2026-03-02 10:29:00,2026-03-02 10:22:00,2026-03-02 10:34:00,202603021022,2.949e-06,C2.9,GOES-18,1.318e-06,1.337e-03,1.720e-03,,,,,,-940.4914,230.94963,GOES-18_XRS,1,0,
2026-03-02 11:54:00,2026-03-02 11:47:00,2026-03-02 11:58:00,202603021147,2.125e-06,C2.1,GOES-18,1.426e-06,1.170e-03,1.380e-03,,,,282.55988,8.093204,-936.1504,161.55722,GOES-18_XRS,1,0,
2026-03-03 00:30:00,2026-03-03 00:17:00,2026-03-03 00:51:00,202603030017,3.002e-06,C3.0,GOES-18,7.838e-07,1.776e-03,4.033e-03,,,,318.8122,6.885502,-634.8511,206.88441,GOES-18_XRS,1,0,
2026-03-03 16:02:00,2026-03-03 15:45:00,2026-03-03 16:17:00,202603031545,2.036e-06,C2.0,GOES-18,6.587e-07,1.878e-03,3.092e-03,297.0,11.0,HOL,302.7079,10.328375,-802.86694,237.49728,GOES-18_XRS,1,0,4384
2026-03-03 19:13:00,2026-03-03 19:02:00,2026-03-03 19:32:00,202603031902,1.162e-06,C1.1,GOES-18,7.231e-07,8.682e-04,1.861e-03,,,,305.12665,6.798317,-787.8171,183.79054,GOES-18_XRS,1,0,
2026-03-03 22:02:00,2026-03-03 21:53:00,2026-03-03 22:08:00,202603032153,1.006e-06,C1.0,GOES-18,6.604e-07,6.504e-04,8.483e-04,,,,337.85583,1.0480855,-366.2101,131.09775,GOES-18_XRS,1,0,
2026-03-04 02:25:00,2026-03-04 02:14:00,2026-03-04 02:55:00,202603040214,1.911e-06,C1.9,GOES-18,1.314e-06,1.506e-03,4.453e-03,,,,358.23022,-33.0264,-25.157654,-422.63058,GOES-18_XRS,1,0,
2026-03-04 03:01:00,2026-03-04 02:57:00,,202603040257,4.115e-06,C4.1,GOES-18,1.450e-06,1.452e-03,,,,,307.7885,10.897087,-752.80804,255.53491,GOES-18_XRS,1,0,
2026-03-04 03:09:00,2026-03-04 03:03:00,2026-03-04 03:15:00,202603040303,3.930e-06,C3.9,GOES-18,3.694e-06,2.306e-03,3.216e-03,,,,301.07825,13.761008,-806.5858,290.1065,GOES-18_XRS,2,0,
2026-03-05 07:12:00,2026-03-05 07:03:00,2026-03-05 07:16:00,202603050703,1.912e-06,C1.9,GOES-18,6.699e-07,9.396e-04,1.085e-03,,,,55.237965,12.72211,776.96857,279.86465,GOES-18_XRS,1,0,
2026-03-05 09:01:00,2026-03-05 08:58:00,2026-03-05 09:05:00,202603050858,1.291e-06,C1.2,GOES-19,5.678e-07,3.931e-04,4.870e-04,,,,26.363453,11.116311,423.1077,293.45972,GOES-19_XRS,1,0,
2026-03-05 13:53:00,2026-03-05 13:46:00,2026-03-05 13:59:00,202603051346,8.368e-07,B8.3,GOES-18,5.675e-07,4.524e-04,6.207e-04,,,,,,,,,1,0,
2026-03-05 19:50:00,2026-03-05 19:26:00,2026-03-05 20:11:00,202603051926,1.836e-06,C1.8,GOES-18,8.027e-07,2.377e-03,4.101e-03,,,,359.5427,13.596125,-7.5351534,345.66776,GOES-18_XRS,1,0,
2026-03-05 22:42:00,2026-03-05 22:23:00,2026-03-05 23:02:00,202603052223,1.985e-06,C1.9,GOES-18,1.137e-06,2.311e-03,4.221e-03,,,,355.00696,10.716855,-83.06605,299.1943,GOES-18_XRS,1,0,
2026-03-06 07:28:00,2026-03-06 07:24:00,2026-03-06 07:33:00,202603060724,1.250e-06,C1.2,GOES-18,6.280e-07,4.746e-04,6.337e-04,,,,359.0146,4.644991,-16.650867,200.23665,GOES-18_XRS,1,0,
2026-03-08 04:43:00,2026-03-08 04:39:00,2026-03-08 04:49:00,202603080439,1.231e-06,C1.2,GOES-18,6.872e-07,4.952e-04,7.252e-04,,,,285.94434,10.128982,-915.8424,201.81769,GOES-18_XRS,1,0,
2026-03-08 09:31:00,2026-03-08 09:19:00,2026-03-08 09:43:00,202603080919,9.465e-07,B9.4,GOES-19,6.094e-07,7.772e-04,1.279e-03,,,,,,,,,1,0,
2026-03-08 15:07:00,2026-03-08 15:02:00,2026-03-08 15:12:00,202603081502,1.875e-06,C1.8,GOES-18,6.516e-07,7.008e-04,9.158e-04,,,,294.98715,7.259983,-870.5004,172.551,GOES-18_XRS,1,0,
2026-03-08 17:30:00,2026-03-08 17:16:00,2026-03-08 17:51:00,202603081716,1.273e-06,C1.2,GOES-19,7.570e-07,1.147e-03,2.441e-03,,,,30.014645,8.281873,480.20316,243.48479,GOES-19_XRS,1,0,
2026-03-08 17:36:00,2026-03-08 17:17:00,2026-03-08 17:52:00,202603081717,1.256e-06,C1.2,GOES-18,7.926e-07,1.535e-03,2.486e-03,,,,28.48946,1.7788354,462.5882,137.406,GOES-18_XRS,1,0,
2026-03-09 02:54:00,2026-03-09 02:49:00,2026-03-09 02:56:00,202603090249,1.300e-06,C1.2,GOES-18,7.383e-07,4.736e-04,5.146e-04,,,,38.68526,9.613518,597.522,254.74324,GOES-18_XRS,1,0,
2026-03-09 06:31:00,2026-03-09 06:22:00,2026-03-09 06:43:00,202603090622,1.640e-06,C1.6,GOES-18,7.099e-07,9.640e-04,1.715e-03,,,,35.49583,11.293279,552.1266,286.0015,GOES-18_XRS,1,0,
2026-03-09 07:02:00,2026-03-09 06:55:00,2026-03-09 07:07:00,202603090655,1.826e-06,C1.8,GOES-18,9.825e-07,9.502e-04,1.204e-03,,,,,,-1048.6938,261.01407,GOES-18_XRS,1,0,
2026-03-09 08:07:00,2026-03-09 08:01:00,2026-03-09 08:11:00,202603090801,1.722e-06,C1.7,GOES-18,6.810e-07,6.758e-04,7.992e-04,,,,299.91306,8.355319,-830.39197,199.82433,GOES-18_XRS,1,0,
2026-03-09 10:54:00,2026-03-09 10:46:00,2026-03-09 10:58:00,202603091046,1.712e-06,C1.7,GOES-18,6.815e-07,8.197e-04,9.575e-04,,,,285.97656,22.708994,-857.62164,401.3074,GOES-18_XRS,1,0,
2026-03-09 12:56:00,2026-03-09 12:48:00,2026-03-09 13:06:00,202603091248,2.371e-06,C2.3,GOES-18,8.865e-07,1.198e-03,2.036e-03,,,,51.02135,9.73372,742.28394,238.21341,GOES-18_XRS,1,0,
2026-03-09 20:38:00,2026-03-09 20:21:00,2026-03-09 20:50:00,202603092021,7.859e-06,C7.8,GOES-18,8.928e-07,5.018e-03,8.182e-03,318.0,11.0,HOL,308.423,8.337988,-750.90515,214.43001,GOES-18_XRS,1,0,4387
2026-03-10 01:47:00,2026-03-10 01:40:00,2026-03-10 01:50:00,202603100140,9.278e-07,B9.2,GOES-18,6.196e-07,4.820e-04,5.252e-04,,,,,,,,,1,0,
2026-03-10 03:27:00,2026-03-10 03:20:00,2026-03-10 03:32:00,202603100320,1.031e-06,C1.0,GOES-18,4.967e-07,4.719e-04,6.094e-04,,,,,,-1056.4451,3.4759185,GOES-18_XRS,1,0,
2026-03-10 05:33:00,2026-03-10 05:24:00,2026-03-10 05:41:00,202603100524,2.201e-06,C2.2,GOES-18,7.350e-07,1.181e-03,1.749e-03,,,,280.31195,13.662249,-924.0495,247.66426,GOES-18_XRS,1,0,
2026-03-10 07:09:00,2026-03-10 06:58:00,,202603100658,9.444e-07,B9.4,GOES-18,5.622e-07,7.205e-04,,,,,,,,,,1,0,
2026-03-10 07:18:00,2026-03-10 07:15:00,2026-03-10 07:20:00,202603100715,1.391e-06,C1.3,GOES-18,8.392e-07,4.641e-04,5.188e-04,,,,57.40199,5.2332973,812.33606,153.05725,GOES-18_XRS,2,0,
2026-03-10 08:46:00,2026-03-10 08:34:00,2026-03-10 08:56:00,202603100834,1.694e-06,C1.6,GOES-19,5.676e-07,1.121e-03,1.720e-03,,,,310.1942,8.549253,-731.71313,220.7351,GOES-19_XRS,1,0,
2026-03-10 10:50:00,2026-03-10 10:29:00,,202603101029,1.971e-06,C1.9,GOES-18,9.390e-07,2.348e-03,,,,,290.38297,12.599337,-884.86957,250.72464,GOES-18_XRS,1,0,
2026-03-10 12:04:00,2026-03-10 11:24:00,2026-03-10 12:20:00,202603101124,2.435e-06,C2.4,GOES-18,1.489e-06,5.292e-03,7.111e-03,,,,303.03812,12.089293,-793.59326,266.15305,GOES-18_XRS,2,0,
2026-03-10 16:41:00,2026-03-10 16:38:00,2026-03-10 16:44:00,202603101638,1.067e-06,C1.0,GOES-18,5.466e-07,3.419e-04,3.826e-04,,,,60.982555,7.043324,840.01166,176.41446,GOES-18_XRS,1,0,
2026-03-10 18:45:00,2026-03-10 18:32:00,2026-03-10 18:55:00,202603101832,4.628e-06,C4.6,GOES-18,6.699e-07,2.401e-03,3.926e-03,,,,65.74664,9.44591,870.15216,206.8816,GOES-18_XRS,1,0,
2026-03-11 01:04:00,2026-03-11 00:56:00,2026-03-11 01:16:00,202603110056,1.148e-06,C1.1,GOES-18,6.545e-07,6.708e-04,1.263e-03,,,,306.6076,9.930127,-765.611,237.23253,GOES-18_XRS,1,0,
2026-03-11 02:43:00,2026-03-11 02:39:00,2026-03-11 02:45:00,202603110239,8.429e-07,B8.4,GOES-18,5.429e-07,3.194e-04,3.543e-04,,,,,,,,,1,0,
2026-03-11 09:43:00,2026-03-11 09:36:00,2026-03-11 09:59:00,202603110936,8.399e-07,B8.3,GOES-19,5.501e-07,4.556e-04,1.083e-03,,,,,,,,,1,0,
2026-03-11 10:17:00,2026-03-11 10:07:00,2026-03-11 10:23:00,202603111007,9.476e-07,B9.4,GOES-19,6.798e-07,7.122e-04,9.062e-04,,,,,,,,,1,0,
2026-03-11 20:06:00,2026-03-11 20:00:00,2026-03-11 20:11:00,202603112000,1.148e-06,C1.1,GOES-18,5.983e-07,5.323e-04,6.873e-04,,,,44.20509,3.4347832,674.1841,144.7226,GOES-18_XRS,1,0,
2026-03-12 01:53:00,2026-03-12 01:44:00,2026-03-12 01:58:00,202603120144,8.277e-07,B8.2,GOES-19,5.853e-07,5.569e-04,6.811e-04,,,,,,,,,1,0,
2026-03-12 03:00:00,2026-03-12 02:53:00,2026-03-12 03:04:00,202603120253,1.002e-06,C1.0,GOES-18,5.616e-07,5.252e-04,6.153e-04,,,,55.110527,-0.04632865,794.00653,68.80369,GOES-18_XRS,1,0,
2026-03-12 05:39:00,2026-03-12 05:29:00,2026-03-12 05:50:00,202603120529,9.163e-07,B9.1,GOES-18,5.643e-07,6.339e-04,1.060e-03,,,,,,,,,1,0,
2026-03-12 06:18:00,2026-03-12 06:11:00,2026-03-12 06:24:00,202603120611,9.466e-07,B9.4,GOES-18,5.838e-07,5.055e-04,6.874e-04,,,,,,,,,1,0,
2026-03-12 08:31:00,2026-03-12 08:19:00,,202603120819,3.214e-06,C3.2,GOES-18,7.001e-07,1.762e-03,,288.0,-15.0,SVI,284.54883,-14.426545,-906.1007,-209.36838,GOES-18_XRS,1,0,4392
2026-03-12 10:46:00,2026-03-12 10:19:00,2026-03-12 10:56:00,202603121019,3.998e-06,C3.9,GOES-18,6.213e-07,4.019e-03,5.368e-03,,,,65.04146,3.5974753,875.1439,111.36496,GOES-18_XRS,1,0,
2026-03-12 23:40:00,2026-03-12 23:28:00,2026-03-12 23:54:00,202603122328,1.851e-06,C1.8,GOES-19,1.208e-06,1.579e-03,2.776e-03,,,,,,970.4186,236.77928,GOES-19_XRS,1,0,
2026-03-13 01:05:00,2026-03-13 00:57:00,,202603130057,4.289e-06,C4.2,GOES-18,2.921e-06,2.561e-03,,,,,,,1140.7435,251.90825,GOES-18_XRS,1,0,
2026-03-13 01:17:00,2026-03-13 01:10:00,2026-03-13 01:19:00,202603130110,4.175e-06,C4.1,GOES-18,3.717e-06,2.574e-03,2.769e-03,,,,,,1362.8799,165.5381,GOES-18_XRS,2,0,
2026-03-13 02:14:00,2026-03-13 02:06:00,2026-03-13 02:24:00,202603130206,2.267e-06,C2.2,GOES-18,1.307e-06,1.309e-03,2.186e-03,,,,,,978.68225,269.2946,GOES-18_XRS,1,0,
2026-03-13 05:57:00,2026-03-13 05:46:00,2026-03-13 06:02:00,202603130546,3.767e-06,C3.7,GOES-18,1.156e-06,2.142e-03,2.585e-03,75.0,10.0,SVI,66.974464,10.0669565,876.03705,214.34488,GOES-18_XRS,1,0,4384
2026-03-13 06:52:00,2026-03-13 06:36:00,2026-03-13 07:10:00,202603130636,3.937e-06,C3.9,GOES-18,1.057e-06,2.866e-03,5.850e-03,,,,75.98745,14.37449,907.9384,266.34424,GOES-18_XRS,1,0,
2026-03-13 08:11:00,2026-03-13 08:03:00,2026-03-13 08:17:00,202603130803,2.089e-06,C2.0,GOES-18,1.498e-06,1.317e-03,1.745e-03,,,,294.73727,-17.814474,-836.2093,-245.21649,GOES-18_XRS,1,0,
2026-03-13 09:55:00,2026-03-13 09:40:00,2026-03-13 10:05:00,202603130940,1.206e-05,M1.2,GOES-19,8.712e-07,5.633e-03,9.123e-03,67.0,11.0,LEA,70.58835,10.839345,895.24054,219.8594,GOES-19_XRS,1,0,4384
2026-03-13 11:15:00,2026-03-13 11:05:00,2026-03-13 11:30:00,202603131105,3.321e-06,C3.3,GOES-18,1.409e-06,2.054e-03,4.297e-03,71.0,11.0,SVI,67.59667,9.65153,881.04956,206.31497,GOES-18_XRS,1,0,4384
2026-03-13 12:54:00,2026-03-13 12:36:00,2026-03-13 13:16:00,202603131236,5.154e-06,C5.1,GOES-18,1.122e-06,3.631e-03,7.953e-03,72.0,11.0,SVI,60.904568,7.579588,837.7131,184.99057,GOES-18_XRS,1,0,4384
2026-03-13 15:18:00,2026-03-13 14:57:00,2026-03-13 15:48:00,202603131457,8.073e-06,C8.0,GOES-18,1.057e-06,6.770e-03,1.734e-02,,,,,,936.60736,266.78113,GOES-18_XRS,1,0,
2026-03-13 20:23:00,2026-03-13 20:09:00,2026-03-13 20:32:00,202603132009,8.992e-06,C8.9,GOES-18,1.569e-06,4.960e-03,7.362e-03,303.0,-18.0,HOL,333.9923,-12.668846,-414.57077,-104.42511,GOES-18_XRS,1,0,4392
2026-03-13 20:41:00,2026-03-13 20:33:00,2026-03-13 20:45:00,202603132033,7.511e-06,C7.5,GOES-18,5.327e-06,4.586e-03,5.318e-03,75.0,9.0,HOL,,,1798.949,378.01846,GOES-18_XRS,1,0,4384
2026-03-13 22:31:00,2026-03-13 22:25:00,2026-03-13 22:37:00,202603132225,1.762e-06,C1.7,GOES-18,1.301e-06,9.541e-04,1.327e-03,,,,58.726406,-16.075043,794.4568,-205.31737,GOES-18_XRS,1,0,
2026-03-13 23:37:00,2026-03-13 23:24:00,,202603132324,2.291e-06,C2.2,GOES-18,7.203e-07,1.531e-03,,79.0,10.0,HOL,71.63435,7.6926465,908.7857,166.10141,GOES-18_XRS,1,0,4384
2026-03-13 23:46:00,2026-03-13 23:41:00,2026-03-13 23:50:00,202603132341,2.556e-06,C2.5,GOES-18,2.046e-06,1.275e-03,1.547e-03,,,,70.6877,6.283523,906.4863,144.7073,GOES-18_XRS,2,0,
2026-03-14 01:28:00,2026-03-14 01:15:00,,202603140115,1.223e-06,C1.2,GOES-18,5.412e-07,9.085e-04,,,,,73.94728,3.947828,926.2336,99.356766,GOES-18_XRS,1,0,
2026-03-14 01:53:00,2026-03-14 01:45:00,2026-03-14 01:58:00,202603140145,1.375e-06,C1.3,GOES-18,1.060e-06,8.676e-04,1.078e-03,,,,,,978.79865,92.75142,GOES-18_XRS,2,0,
2026-03-14 04:34:00,2026-03-14 04:29:00,2026-03-14 04:46:00,202603140429,7.660e-07,B7.6,GOES-18,5.163e-07,3.591e-04,7.723e-04,,,,,,,,,1,0,
2026-03-14 05:08:00,2026-03-14 04:58:00,2026-03-14 05:14:00,202603140458,9.993e-07,B9.9,GOES-18,6.537e-07,6.937e-04,8.907e-04,,,,,,,,,1,0,
2026-03-14 08:10:00,2026-03-14 08:08:00,2026-03-14 08:15:00,202603140808,1.117e-06,C1.1,GOES-18,6.675e-07,3.256e-04,4.847e-04,,,,,,961.93884,172.37663,GOES-18_XRS,1,0,
2026-03-14 09:31:00,2026-03-14 09:22:00,,202603140922,8.798e-07,B8.7,GOES-19,5.342e-07,5.489e-04,,,,,,,,,,1,0,
2026-03-14 09:44:00,2026-03-14 09:34:00,2026-03-14 09:52:00,202603140934,1.381e-06,C1.3,GOES-19,7.370e-07,8.879e-04,1.287e-03,,,,44.50891,3.3244088,677.43567,141.89954,GOES-19_XRS,2,0,
2026-03-14 10:04:00,2026-03-14 10:01:00,2026-03-14 10:07:00,202603141001,1.392e-06,C1.3,GOES-19,8.195e-07,4.575e-04,5.127e-04,,,,65.158455,7.5088167,869.64966,175.68344,GOES-19_XRS,1,0,
2026-03-14 12:53:00,2026-03-14 12:43:00,2026-03-14 12:55:00,202603141243,2.067e-06,C2.0,GOES-18,4.783e-07,7.829e-04,8.379e-04,,,,74.40491,5.2244415,926.5057,119.60326,GOES-18_XRS,1,0,
2026-03-14 15:36:00,2026-03-14 15:20:00,,202603141520,1.327e-06,C1.3,GOES-18,5.148e-07,1.130e-03,,,,,84.63232,0.1842632,960.93134,14.367375,GOES-18_XRS,1,0,
2026-03-14 16:02:00,2026-03-14 15:57:00,2026-03-14 16:04:00,202603141557,1.096e-06,C1.0,GOES-18,1.046e-06,5.695e-04,6.312e-04,,,,60.354538,-3.8951385,838.4821,-5.5161123,GOES-18_XRS,2,0,
2026-03-14 18:18:00,2026-03-14 18:12:00,2026-03-14 18:23:00,202603141812,9.981e-07,B9.9,GOES-18,6.644e-07,5.082e-04,6.564e-04,,,,,,,,,1,0,
2026-03-14 19:45:00,2026-03-14 19:30:00,2026-03-14 20:09:00,202603141930,1.579e-06,C1.5,GOES-18,5.711e-07,1.365e-03,3.029e-03,346.0,14.0,HOL,344.69678,7.2928257,-253.66116,237.88106,GOES-18_XRS,1,0,4393
2026-03-14 21:34:00,2026-03-14 21:20:00,2026-03-14 21:39:00,202603142120,1.791e-06,C1.7,GOES-18,5.928e-07,1.104e-03,1.310e-03,,,,69.8201,5.37501,902.8758,131.2562,GOES-18_XRS,1,0,
2026-03-14 22:20:00,2026-03-14 22:12:00,2026-03-14 22:23:00,202603142212,9.675e-07,B9.6,GOES-18,5.764e-07,5.543e-04,5.939e-04,,,,,,,,,1,0,
2026-03-14 23:08:00,2026-03-14 22:58:00,2026-03-14 23:10:00,202603142258,1.102e-06,C1.1,GOES-18,5.048e-07,5.839e-04,6.180e-04,,,,59.8226,0.15385012,835.87604,63.294674,GOES-18_XRS,1,0,
2026-03-14 23:48:00,2026-03-14 23:33:00,2026-03-14 23:56:00,202603142333,2.457e-06,C2.4,GOES-18,4.247e-07,1.579e-03,2.142e-03,,,,305.34897,-9.098484,-779.05804,-82.73724,GOES-18_XRS,1,0,
2026-03-15 00:47:00,2026-03-15 00:37:00,2026-03-15 00:53:00,202603150037,1.089e-06,C1.0,GOES-18,6.311e-07,7.279e-04,9.382e-04,,,,,,960.22314,219.09717,GOES-18_XRS,1,0,
2026-03-15 01:29:00,2026-03-15 01:20:00,2026-03-15 01:37:00,202603150120,8.500e-07,B8.4,GOES-18,5.458e-07,5.495e-04,8.085e-04,,,,,,,,,1,0,
2026-03-15 01:55:00,2026-03-15 01:50:00,,202603150150,1.357e-06,C1.3,GOES-18,6.186e-07,5.560e-04,,,,,349.7329,13.663032,-167.79094,342.7356,GOES-18_XRS,1,0,
2026-03-15 02:06:00,2026-03-15 01:58:00,2026-03-15 02:09:00,202603150158,1.791e-06,C1.7,GOES-18,1.212e-06,1.095e-03,1.178e-03,,,,344.61115,10.656353,-252.65402,292.38232,GOES-18_XRS,2,0,
2026-03-15 04:37:00,2026-03-15 04:15:00,,202603150415,8.774e-07,B8.7,GOES-18,4.519e-07,1.105e-03,,,,,,,,,,1,0,
2026-03-15 04:55:00,2026-03-15 04:48:00,2026-03-15 04:58:00,202603150448,9.045e-07,B9.0,GOES-18,7.417e-07,5.414e-04,5.888e-04,,,,,,,,,2,0,
2026-03-15 06:40:00,2026-03-15 06:35:00,2026-03-15 06:45:00,202603150635,7.637e-07,B7.6,GOES-18,5.168e-07,3.447e-04,4.584e-04,,,,,,,,,1,0,
2026-03-15 08:54:00,2026-03-15 08:51:00,2026-03-15 09:04:00,202603150851,5.824e-07,B5.8,GOES-19,3.993e-07,2.148e-04,4.557e-04,,,,,,,,,1,0,
2026-03-15 09:39:00,2026-03-15 09:21:00,2026-03-15 09:52:00,202603150921,1.007e-05,M1.0,GOES-19,4.956e-07,5.580e-03,9.982e-03,327.0,-16.0,LEA,326.4588,-14.775661,-517.33966,-147.64671,GOES-19_XRS,1,0,4392
2026-03-15 12:34:00,2026-03-15 12:27:00,2026-03-15 12:49:00,202603151227,5.359e-07,B5.3,GOES-18,3.699e-07,3.006e-04,6.695e-04,,,,,,,,,1,0,
2026-03-15 15:09:00,2026-03-15 14:59:00,2026-03-15 15:13:00,202603151459,1.098e-06,C1.0,GOES-18,4.246e-07,6.239e-04,7.085e-04,314.0,-5.0,HOL,,,-1353.2278,-184.99416,GOES-18_XRS,1,0,4395
2026-03-15 16:41:00,2026-03-15 16:32:00,2026-03-15 16:45:00,202603151632,8.199e-07,B8.1,GOES-18,4.970e-07,5.017e-04,5.740e-04,,,,,,,,,1,0,
2026-03-16 02:34:00,2026-03-16 02:28:00,2026-03-16 02:40:00,202603160228,5.032e-07,B5.0,GOES-18,3.412e-07,2.449e-04,3.451e-04,,,,,,,,,1,0,
2026-03-16 04:47:00,2026-03-16 04:41:00,2026-03-16 04:49:00,202603160441,6.937e-07,B6.9,GOES-18,3.341e-07,2.806e-04,3.041e-04,,,,,,,,,1,0,
2026-03-16 05:38:00,2026-03-16 05:33:00,,202603160533,4.875e-07,B4.8,GOES-18,3.176e-07,2.261e-04,,,,,,,,,,1,0,
2026-03-16 05:47:00,2026-03-16 05:44:00,2026-03-16 05:49:00,202603160544,5.387e-07,B5.3,GOES-18,4.040e-07,1.980e-04,2.237e-04,,,,,,,,,2,0,
2026-03-16 09:06:00,2026-03-16 08:57:00,2026-03-16 09:16:00,202603160857,9.289e-07,B9.2,GOES-19,3.456e-07,4.707e-04,8.138e-04,,,,,,,,,1,0,
2026-03-16 09:42:00,2026-03-16 09:36:00,2026-03-16 09:47:00,202603160936,1.156e-06,C1.1,GOES-19,4.099e-07,4.858e-04,6.240e-04,,,,23.756521,3.7756488,389.25494,173.3127,GOES-19_XRS,1,0,
2026-03-16 12:15:00,2026-03-16 12:00:00,2026-03-16 12:24:00,202603161200,2.789e-05,M2.7,GOES-18,4.707e-07,1.382e-02,2.127e-02,,,,339.53586,-14.66606,-327.56638,-134.1099,GOES-18_XRS,1,0,
2026-03-16 14:57:00,2026-03-16 14:40:00,2026-03-16 15:07:00,202603161440,5.962e-06,C5.9,GOES-18,5.407e-07,4.287e-03,6.199e-03,,,,336.98642,-14.265179,-366.91177,-129.35081,GOES-18_XRS,1,0,
2026-03-16 19:19:00,2026-03-16 19:13:00,2026-03-16 19:23:00,202603161913,5.368e-07,B5.3,GOES-18,3.868e-07,2.728e-04,3.263e-04,,,,,,,,,1,0,
2026-03-16 19:59:00,2026-03-16 19:52:00,2026-03-16 20:04:00,202603161952,6.370e-07,B6.3,GOES-18,4.293e-07,3.594e-04,4.553e-04,,,,,,,,,1,0,
2026-03-17 02:54:00,2026-03-17 02:40:00,,202603170240,6.194e-07,B6.1,GOES-19,3.725e-07,5.542e-04,,,,,,,,,,1,0,
2026-03-17 03:03:00,2026-03-17 03:01:00,2026-03-17 03:05:00,202603170301,6.463e-07,B6.4,GOES-19,5.986e-07,2.211e-04,2.541e-04,,,,,,,,,2,0,
2026-03-17 03:56:00,2026-03-17 03:47:00,2026-03-17 04:03:00,202603170347,6.562e-07,B6.5,GOES-19,4.699e-07,4.518e-04,6.246e-04,,,,,,,,,1,0,
2026-03-17 08:29:00,2026-03-17 08:22:00,2026-03-17 08:34:00,202603170822,6.251e-07,B6.2,GOES-19,4.162e-07,3.531e-04,4.458e-04,,,,,,,,,1,0,
2026-03-17 09:04:00,2026-03-17 08:55:00,2026-03-17 09:09:00,202603170855,1.323e-05,M1.3,GOES-19,5.398e-07,5.733e-03,6.913e-03,348.0,-14.0,LEA,348.68756,-13.887583,-184.41469,-116.28738,GOES-19_XRS,1,0,4392
2026-03-17 10:44:00,2026-03-17 10:38:00,2026-03-17 10:59:00,202603171038,6.969e-07,B6.9,GOES-19,5.202e-07,3.787e-04,8.744e-04,,,,,,,,,1,0,
2026-03-17 12:36:00,2026-03-17 12:28:00,2026-03-17 12:45:00,202603171228,5.558e-07,B5.5,GOES-18,3.698e-07,3.468e-04,5.553e-04,,,,,,,,,1,0,
2026-03-17 15:46:00,2026-03-17 15:39:00,,202603171539,6.425e-07,B6.4,GOES-18,3.729e-07,3.328e-04,,,,,,,,,,1,0,
2026-03-17 16:02:00,2026-03-17 15:55:00,2026-03-17 16:05:00,202603171555,6.387e-07,B6.3,GOES-18,5.593e-07,4.007e-04,4.323e-04,,,,,,,,,2,0,
2026-03-17 22:57:00,2026-03-17 22:47:00,2026-03-17 23:02:00,202603172247,1.101e-06,C1.1,GOES-18,4.923e-07,6.091e-04,7.490e-04,,,,,,-1325.6382,-593.65814,GOES-18_XRS,1,0,
2026-03-18 00:18:00,2026-03-18 00:13:00,2026-03-18 00:26:00,202603180013,6.717e-07,B6.7,GOES-18,4.483e-07,3.107e-04,5.166e-04,,,,,,,,,1,0,
2026-03-18 01:23:00,2026-03-18 00:59:00,2026-03-18 01:33:00,202603180059,3.935e-06,C3.9,GOES-18,4.783e-07,2.961e-03,4.203e-03,,,,353.48508,-20.930597,-102.606384,-232.01807,GOES-18_XRS,1,0,
2026-03-18 02:51:00,2026-03-18 02:42:00,2026-03-18 03:09:00,202603180242,1.035e-06,C1.0,GOES-19,6.829e-07,6.783e-04,1.577e-03,,,,26.850576,15.366047,421.38174,357.41003,GOES-19_XRS,1,0,
2026-03-18 04:19:00,2026-03-18 03:58:00,,202603180358,1.162e-06,C1.1,GOES-18,6.283e-07,1.445e-03,,,,,,,-1134.14,167.64865,GOES-18_XRS,1,0,
2026-03-18 04:34:00,2026-03-18 04:23:00,2026-03-18 04:37:00,202603180423,1.230e-06,C1.2,GOES-18,1.154e-06,1.078e-03,1.148e-03,,,,,,-1189.0669,242.43675,GOES-18_XRS,2,0,
2026-03-18 06:59:00,2026-03-18 06:44:00,2026-03-18 07:09:00,202603180644,2.735e-06,C2.7,GOES-18,4.552e-07,1.896e-03,2.800e-03,,,,356.03162,-22.548506,-61.878967,-258.08786,GOES-18_XRS,1,0,
2026-03-18 08:42:00,2026-03-18 08:26:00,2026-03-18 08:57:00,202603180826,2.746e-05,M2.7,GOES-19,7.607e-07,1.554e-02,3.024e-02,5.0,-14.0,LEA,4.333975,-15.23409,70.59795,-137.29338,GOES-19_XRS,1,0,4392
2026-03-18 10:02:00,2026-03-18 09:48:00,2026-03-18 10:12:00,202603180948,2.889e-06,C2.8,GOES-19,7.465e-07,1.987e-03,2.987e-03,,,,6.319864,-18.305906,101.18056,-188.83014,GOES-19_XRS,1,0,
2026-03-18 13:11:00,2026-03-18 12:53:00,2026-03-18 13:21:00,202603181253,3.606e-06,C3.6,GOES-18,8.459e-07,2.843e-03,4.080e-03,,,,6.9558816,-19.277634,110.668365,-205.09369,GOES-18_XRS,1,0,
2026-03-18 16:54:00,2026-03-18 16:45:00,2026-03-18 16:58:00,202603181645,1.023e-06,C1.0,GOES-18,6.855e-07,6.661e-04,7.645e-04,,,,10.800435,-24.132524,165.52576,-285.56268,GOES-18_XRS,1,0,
2026-03-18 19:32:00,2026-03-18 19:21:00,2026-03-18 19:44:00,202603181921,9.173e-07,B9.1,GOES-19,3.631e-07,5.581e-04,9.918e-04,,,,,,,,,1,0,
2026-03-18 23:17:00,2026-03-18 23:11:00,2026-03-18 23:26:00,202603182311,8.728e-07,B8.7,GOES-18,3.546e-07,3.981e-04,6.665e-04,,,,,,,,,1,0,
2026-03-18 23:37:00,2026-03-18 23:32:00,2026-03-18 23:41:00,202603182332,7.909e-07,B7.9,GOES-18,5.014e-07,3.629e-04,4.354e-04,,,,,,,,,1,0,
2026-03-19 03:04:00,2026-03-19 02:57:00,2026-03-19 03:07:00,202603190257,4.145e-07,B4.1,GOES-18,2.937e-07,2.266e-04,2.465e-04,,,,,,,,,1,0,
2026-03-19 03:44:00,2026-03-19 03:31:00,2026-03-19 03:53:00,202603190331,8.144e-07,B8.1,GOES-18,2.678e-07,5.475e-04,7.882e-04,,,,,,,,,1,0,
2026-03-19 04:04:00,2026-03-19 04:01:00,2026-03-19 04:09:00,202603190401,8.442e-07,B8.4,GOES-18,3.808e-07,2.730e-04,3.723e-04,,,,,,,,,1,0,
2026-03-19 04:49:00,2026-03-19 04:41:00,2026-03-19 04:52:00,202603190441,4.438e-07,B4.4,GOES-18,3.164e-07,2.758e-04,2.970e-04,,,,,,,,,1,0,
2026-03-19 05:58:00,2026-03-19 05:44:00,2026-03-19 06:10:00,202603190544,2.309e-06,C2.3,GOES-18,3.117e-07,1.286e-03,2.239e-03,17.0,-18.0,LEA,9.925288,-24.867918,151.34187,-297.29254,GOES-18_XRS,1,0,4392
2026-03-19 08:01:00,2026-03-19 07:53:00,2026-03-19 08:07:00,202603190753,4.190e-07,B4.1,GOES-18,3.020e-07,2.647e-04,3.522e-04,,,,,,,,,1,0,
2026-03-19 10:57:00,2026-03-19 10:50:00,2026-03-19 11:02:00,202603191050,3.882e-07,B3.8,GOES-18,2.769e-07,2.226e-04,2.815e-04,,,,,,,,,1,0,
2026-03-19 22:26:00,2026-03-19 22:19:00,2026-03-19 22:28:00,202603192219,7.344e-07,B7.3,GOES-18,2.503e-07,2.571e-04,2.766e-04,24.0,-15.0,HOL,,,,,,1,0,4392
2026-03-20 06:37:00,2026-03-20 06:32:00,2026-03-20 06:45:00,202603200632,4.283e-07,B4.2,GOES-18,2.190e-07,1.901e-04,3.180e-04,,,,,,,,,1,0,
2026-03-21 00:16:00,2026-03-21 00:09:00,2026-03-21 00:20:00,202603210009,4.754e-07,B4.7,GOES-18,3.342e-07,2.672e-04,3.144e-04,,,,,,,,,1,0,
2026-03-21 15:18:00,2026-03-21 15:15:00,2026-03-21 15:20:00,202603211515,7.356e-07,B7.3,GOES-18,3.746e-07,2.272e-04,2.529e-04,,,,,,,,,1,0,
2026-03-21 16:07:00,2026-03-21 15:58:00,2026-03-21 16:09:00,202603211558,1.193e-06,C1.1,GOES-18,4.429e-07,5.259e-04,5.562e-04,,,,,,-1830.3021,-342.08673,GOES-18_XRS,1,0,
2026-03-22 01:21:00,2026-03-22 01:13:00,2026-03-22 01:29:00,202603220113,9.186e-07,B9.1,GOES-18,3.920e-07,4.830e-04,7.382e-04,,,,,,,,,1,0,
2026-03-22 10:43:00,2026-03-22 10:36:00,2026-03-22 10:48:00,202603221036,8.990e-07,B8.9,GOES-18,5.447e-07,4.602e-04,5.919e-04,,,,,,,,,1,0,
2026-03-22 11:54:00,2026-03-22 11:47:00,2026-03-22 11:56:00,202603221147,4.191e-07,B4.1,GOES-18,2.919e-07,2.341e-04,2.563e-04,,,,,,,,,1,0,
2026-03-22 12:14:00,2026-03-22 12:07:00,,202603221207,3.692e-07,B3.6,GOES-18,1.900e-07,1.937e-04,,,,,,,,,,1,0,
2026-03-22 12:25:00,2026-03-22 12:17:00,2026-03-22 12:34:00,202603221217,4.962e-07,B4.9,GOES-18,3.558e-07,3.166e-04,5.013e-04,,,,,,,,,2,0,
2026-03-22 15:04:00,2026-03-22 14:55:00,,202603221455,3.716e-07,B3.7,GOES-18,1.318e-07,2.025e-04,,,,,,,,,,1,0,
2026-03-22 15:24:00,2026-03-22 15:20:00,2026-03-22 15:27:00,202603221520,4.594e-07,B4.5,GOES-18,3.126e-07,1.862e-04,2.082e-04,,,,,,,,,2,0,
2026-03-22 15:50:00,2026-03-22 15:43:00,,202603221543,7.396e-07,B7.3,GOES-18,4.053e-07,4.014e-04,,,,,,,,,,1,0,
2026-03-22 16:20:00,2026-03-22 16:00:00,2026-03-22 16:35:00,202603221600,1.007e-06,C1.0,GOES-18,6.560e-07,1.217e-03,1.894e-03,,,,,,-1220.6282,-1136.1912,GOES-18_XRS,2,0,
2026-03-22 23:09:00,2026-03-22 22:54:00,,202603222254,1.580e-06,C1.5,GOES-18,7.039e-07,1.320e-03,,,,,49.878662,-20.965277,689.36224,-272.46585,GOES-18_XRS,1,0,
2026-03-23 09:50:00,2026-03-23 09:45:00,2026-03-23 09:53:00,202603230945,1.334e-06,C1.3,GOES-19,6.214e-07,4.762e-04,5.242e-04,,,,308.10638,18.613491,-719.49615,373.9426,GOES-19_XRS,1,0,
2026-03-23 11:04:00,2026-03-23 10:57:00,,202603231057,1.221e-06,C1.2,GOES-18,8.486e-07,6.738e-04,,,,,309.085,18.950394,-708.3613,380.6076,GOES-18_XRS,1,0,
2026-03-23 11:15:00,2026-03-23 11:07:00,2026-03-23 11:30:00,202603231107,1.937e-06,C1.9,GOES-18,1.143e-06,1.186e-03,2.442e-03,,,,295.67017,22.811518,-800.8698,417.5225,GOES-18_XRS,2,0,
2026-03-23 15:34:00,2026-03-23 15:28:00,2026-03-23 15:43:00,202603231528,1.116e-06,C1.1,GOES-18,7.060e-07,5.614e-04,9.505e-04,,,,,,-911.7347,330.96518,GOES-18_XRS,1,0,
2026-03-23 17:11:00,2026-03-23 17:05:00,2026-03-23 17:16:00,202603231705,1.261e-06,C1.2,GOES-18,8.032e-07,6.283e-04,8.146e-04,,,,1.874937,-23.143116,29.082031,-269.8825,GOES-18_XRS,1,0,
2026-03-24 08:28:00,2026-03-24 08:18:00,2026-03-24 08:45:00,202603240818,9.515e-07,B9.5,GOES-19,6.076e-07,6.766e-04,1.442e-03,,,,,,,,,1,0,
2026-03-24 17:54:00,2026-03-24 17:18:00,2026-03-24 18:24:00,202603241718,7.283e-06,C7.2,GOES-18,1.131e-06,1.002e-02,1.956e-02,,,,,,-958.0002,239.24411,GOES-18_XRS,1,0,
2026-03-24 21:56:00,2026-03-24 21:47:00,2026-03-24 22:05:00,202603242147,2.355e-06,C2.3,GOES-18,9.616e-07,1.379e-03,2.122e-03,,,,319.0318,22.687963,-583.68286,450.12103,GOES-18_XRS,1,0,
2026-03-25 00:12:00,2026-03-25 00:05:00,,202603250005,2.910e-06,C2.9,GOES-18,2.082e-06,1.722e-03,,,,,60.54185,-21.850346,779.2477,-303.51413,GOES-18_XRS,1,0,
2026-03-25 00:30:00,2026-03-25 00:14:00,2026-03-25 00:37:00,202603250014,3.760e-06,C3.7,GOES-18,2.892e-06,3.981e-03,4.990e-03,,,,25.889196,-16.8936,403.58093,-179.00627,GOES-18_XRS,2,0,
2026-03-25 04:24:00,2026-03-25 04:12:00,2026-03-25 04:33:00,202603250412,2.236e-06,C2.2,GOES-18,8.663e-07,1.566e-03,2.292e-03,,,,284.0397,15.673121,-899.33923,285.1685,GOES-18_XRS,1,0,
2026-03-25 06:05:00,2026-03-25 05:55:00,2026-03-25 06:11:00,202603250555,1.514e-06,C1.5,GOES-18,9.026e-07,1.067e-03,1.351e-03,323.0,24.0,SVI,325.83575,25.090937,-490.79572,492.85965,GOES-18_XRS,1,0,4401
2026-03-25 09:16:00,2026-03-25 09:05:00,2026-03-25 09:23:00,202603250905,1.906e-06,C1.9,GOES-19,1.239e-06,1.453e-03,1.932e-03,,,,,,-935.1369,318.7885,GOES-19_XRS,1,0,
2026-03-25 13:12:00,2026-03-25 13:04:00,2026-03-25 13:21:00,202603251304,2.249e-06,C2.2,GOES-18,1.510e-06,1.366e-03,2.194e-03,,,,309.93628,12.847938,-721.0346,285.07758,GOES-18_XRS,1,0,
2026-03-26 05:55:00,2026-03-26 05:46:00,2026-03-26 06:09:00,202603260546,1.856e-06,C1.8,GOES-18,1.307e-06,1.268e-03,2.477e-03,,,,285.1986,-25.141924,-841.2167,-379.00873,GOES-18_XRS,1,0,
2026-03-26 06:23:00,2026-03-26 06:11:00,2026-03-26 06:31:00,202603260611,3.925e-05,M3.9,GOES-18,1.560e-06,1.884e-02,2.851e-02,301.0,13.0,SVI,300.34964,17.393862,-793.55347,341.31055,GOES-18_XRS,1,0,4403
2026-03-26 06:58:00,2026-03-26 06:52:00,2026-03-26 07:01:00,202603260652,3.338e-06,C3.3,GOES-18,2.102e-06,1.581e-03,1.731e-03,,,,,,-861.1254,-431.0153,GOES-18_XRS,1,0,
2026-03-26 08:47:00,2026-03-26 08:38:00,2026-03-26 08:57:00,202603260838,5.325e-06,C5.3,GOES-19,1.234e-06,2.665e-03,4.443e-03,,,,274.35852,-23.575392,-879.28723,-374.11218,GOES-19_XRS,1,0,
2026-03-26 10:29:00,2026-03-26 10:04:00,2026-03-26 10:39:00,202603261004,3.534e-06,C3.5,GOES-18,1.594e-06,4.722e-03,6.077e-03,,,,279.76898,-22.886282,-873.8771,-353.78088,GOES-18_XRS,1,0,
2026-03-26 12:57:00,2026-03-26 12:45:00,,202603261245,2.317e-06,C2.3,GOES-18,1.149e-06,1.744e-03,,,,,,,-904.9387,-362.8126,GOES-18_XRS,1,0,
2026-03-26 13:29:00,2026-03-26 13:20:00,2026-03-26 13:31:00,202603261320,1.855e-06,C1.8,GOES-18,1.780e-06,1.410e-03,1.515e-03,,,,303.1295,-25.5288,-728.47284,-356.03812,GOES-18_XRS,2,0,
2026-03-26 15:20:00,2026-03-26 15:18:00,2026-03-26 16:02:00,202603261518,1.477e-06,C1.4,GOES-18,1.015e-06,4.605e-04,3.620e-03,,,,,,-936.7176,-271.58212,GOES-18_XRS,1,0,
2026-03-26 17:57:00,2026-03-26 17:50:00,2026-03-26 18:00:00,202603261750,2.054e-06,C2.0,GOES-18,1.436e-06,1.095e-03,1.193e-03,,,,,,-975.27435,-329.22995,GOES-18_XRS,1,0,
2026-03-27 03:01:00,2026-03-27 02:55:00,2026-03-27 03:05:00,202603270255,3.658e-06,C3.6,GOES-19,2.685e-06,1.955e-03,2.315e-03,,,,307.2658,22.469568,-708.72955,429.555,GOES-19_XRS,1,0,
2026-03-27 04:00:00,2026-03-27 03:53:00,2026-03-27 04:03:00,202603270353,2.863e-06,C2.8,GOES-18,1.936e-06,1.508e-03,1.644e-03,,,,292.154,-16.610537,-854.8353,-232.2176,GOES-18_XRS,1,0,
2026-03-27 06:56:00,2026-03-27 06:47:00,2026-03-27 07:03:00,202603270647,3.606e-06,C3.6,GOES-18,1.249e-06,1.911e-03,2.685e-03,,,,282.4597,-22.61091,-867.5603,-344.77856,GOES-18_XRS,1,0,
2026-03-27 08:14:00,2026-03-27 08:07:00,2026-03-27 08:18:00,202603270807,2.314e-06,C2.3,GOES-18,1.091e-06,1.069e-03,1.249e-03,,,,285.58453,-20.27255,-869.8326,-302.53723,GOES-18_XRS,1,0,
2026-03-27 08:44:00,2026-03-27 08:40:00,2026-03-27 08:47:00,202603270840,1.674e-06,C1.6,GOES-19,1.076e-06,6.779e-04,7.505e-04,,,,290.7572,-20.675419,-842.51227,-299.89713,GOES-19_XRS,1,0,
2026-03-27 09:46:00,2026-03-27 09:24:00,,202603270924,2.311e-06,C2.3,GOES-19,9.278e-07,2.838e-03,,,,,291.21817,-22.52043,-829.2899,-328.2333,GOES-19_XRS,1,0,
2026-03-27 10:02:00,2026-03-27 09:49:00,2026-03-27 10:13:00,202603270949,5.490e-06,C5.4,GOES-19,2.054e-06,4.137e-03,6.451e-03,,,,287.7661,-21.519438,-852.96875,-318.41043,GOES-19_XRS,2,0,
2026-03-27 13:41:00,2026-03-27 13:36:00,2026-03-27 13:46:00,202603271336,1.959e-06,C1.9,GOES-18,1.333e-06,9.272e-04,1.214e-03,,,,356.95834,26.71215,-45.742104,532.3567,GOES-18_XRS,1,0,
2026-03-27 14:05:00,2026-03-27 13:59:00,2026-03-27 14:10:00,202603271359,2.108e-06,C2.1,GOES-18,1.263e-06,1.066e-03,1.369e-03,85.0,-13.0,HOL,82.659424,-15.538624,919.22534,-241.92839,GOES-18_XRS,1,0,4400
2026-03-27 18:26:00,2026-03-27 18:17:00,2026-03-27 18:34:00,202603271817,3.556e-06,C3.5,GOES-18,9.711e-07,1.575e-03,2.532e-03,315.0,17.0,HOL,317.8957,13.529042,-628.6329,306.0094,GOES-18_XRS,1,0,4403
2026-03-27 19:13:00,2026-03-27 19:05:00,2026-03-27 19:22:00,202603271905,2.512e-06,C2.5,GOES-18,1.242e-06,1.335e-03,2.161e-03,357.0,24.0,HOL,354.91064,24.634256,-77.81848,502.4198,GOES-18_XRS,1,0,4401
2026-03-28 11:35:00,2026-03-28 11:18:00,2026-03-28 11:57:00,202603281118,4.121e-06,C4.1,GOES-18,2.079e-06,4.225e-03,8.424e-03,,,,294.04337,13.852226,-853.59357,273.56113,GOES-18_XRS,1,0,
2026-03-28 20:25:00,2026-03-28 20:17:00,2026-03-28 20:34:00,202603282017,1.930e-06,C1.9,GOES-18,1.268e-06,1.169e-03,1.860e-03,,,,304.5042,-21.596046,-738.2644,-292.8165,GOES-18_XRS,1,0,
2026-03-28 21:10:00,2026-03-28 21:00:00,2026-03-28 21:17:00,202603282100,2.141e-06,C2.1,GOES-18,1.349e-06,1.491e-03,2.027e-03,,,,300.08582,14.629242,-806.2242,296.17575,GOES-18_XRS,1,0,
2026-03-29 05:47:00,2026-03-29 05:42:00,2026-03-29 05:54:00,202603290542,1.654e-06,C1.6,GOES-18,1.039e-06,7.561e-04,1.162e-03,,,,20.484413,30.281591,291.38428,573.87744,GOES-18_XRS,1,0,
2026-03-29 19:59:00,2026-03-29 19:54:00,2026-03-29 20:03:00,202603291954,2.577e-06,C2.5,GOES-18,1.633e-06,1.136e-03,1.374e-03,,,,306.00824,-21.871355,-723.16736,-295.36926,GOES-18_XRS,1,0,
2026-03-29 21:33:00,2026-03-29 21:29:00,2026-03-29 21:36:00,202603292129,1.603e-06,C1.6,GOES-18,1.117e-06,6.714e-04,7.500e-04,,,,302.13794,16.976778,-779.73047,336.09488,GOES-18_XRS,1,0,
2026-03-30 00:48:00,2026-03-30 00:34:00,2026-03-30 00:59:00,202603300034,1.687e-06,C1.6,GOES-18,7.693e-07,1.312e-03,2.014e-03,,,,3.9100351,-27.81526,58.189377,-348.40762,GOES-18_XRS,1,0,
2026-03-30 03:19:00,2026-03-30 02:47:00,2026-03-30 03:44:00,202603300247,1.493e-04,X1.4,GOES-18,1.586e-06,1.543e-01,3.000e-01,,,,317.8727,-23.460592,-593.0837,-305.1289,GOES-18_XRS,1,0,
2026-03-30 20:47:00,2026-03-30 20:40:00,2026-03-30 20:52:00,202603302040,2.112e-06,C2.1,GOES-18,1.375e-06,1.121e-03,1.435e-03,,,,31.867695,14.582979,492.52823,332.41467,GOES-18_XRS,1,0,
2026-03-31 00:06:00,2026-03-30 23:58:00,2026-03-31 00:14:00,202603302358,1.530e-06,C1.5,GOES-18,1.042e-06,9.369e-04,1.415e-03,,,,,,772.1905,1297.3611,GOES-18_XRS,1,0,
2026-03-31 01:01:00,2026-03-31 00:55:00,2026-03-31 01:04:00,202603310055,1.518e-06,C1.5,GOES-18,1.079e-06,7.952e-04,8.688e-04,,,,13.516833,13.490923,219.20422,328.47675,GOES-18_XRS,1,0,
2026-03-31 10:34:00,2026-03-31 10:27:00,2026-03-31 10:49:00,202603311027,1.075e-06,C1.0,GOES-18,7.073e-07,6.005e-04,1.380e-03,,,,11.544216,9.337482,190.45898,262.4608,GOES-18_XRS,1,0,
2026-03-31 16:10:00,2026-03-31 16:02:00,2026-03-31 16:18:00,202603311602,9.920e-07,B9.9,GOES-18,6.094e-07,5.844e-04,8.796e-04,,,,,,,,,1,0,
2026-03-31 18:09:00,2026-03-31 17:58:00,2026-03-31 18:28:00,202603311758,1.023e-06,C1.0,GOES-19,7.126e-07,8.161e-04,1.795e-03,,,,340.68796,-30.303495,-275.26416,-393.3301,GOES-19_XRS,1,0,
2026-03-31 21:23:00,2026-03-31 21:16:00,2026-03-31 21:27:00,202603312116,1.141e-06,C1.1,GOES-18,7.836e-07,6.190e-04,7.316e-04,,,,342.35406,-25.820745,-263.09528,-322.6259,GOES-18_XRS,1,0,
2026-04-01 06:51:00,2026-04-01 06:38:00,2026-04-01 07:03:00,202604010638,1.269e-06,C1.2,GOES-18,7.057e-07,1.036e-03,1.698e-03,,,,7.8656397,14.442448,127.777916,344.32816,GOES-18_XRS,1,0,
2026-04-01 11:05:00,2026-04-01 10:49:00,2026-04-01 11:22:00,202604011049,1.304e-06,C1.3,GOES-18,6.567e-07,1.258e-03,2.210e-03,,,,311.44168,-6.279077,-717.53107,-32.531143,GOES-18_XRS,1,0,
2026-04-01 13:48:00,2026-04-01 13:37:00,2026-04-01 13:55:00,202604011337,5.373e-06,C5.3,GOES-18,8.726e-07,2.627e-03,3.651e-03,,,,325.5509,3.0105255,-544.32245,140.5072,GOES-18_XRS,1,0,
2026-04-01 17:45:00,2026-04-01 17:38:00,2026-04-01 17:50:00,202604011738,1.594e-06,C1.5,GOES-18,8.389e-07,8.838e-04,1.100e-03,,,,44.971584,12.8445,663.4747,288.07742,GOES-18_XRS,1,0,
2026-04-01 19:58:00,2026-04-01 19:47:00,2026-04-01 20:10:00,202604011947,8.131e-06,C8.1,GOES-18,8.775e-07,3.479e-03,6.576e-03,,,,330.7613,2.2690785,-470.368,133.25424,GOES-18_XRS,1,0,
2026-04-01 21:02:00,2026-04-01 20:54:00,2026-04-01 21:14:00,202604012054,1.439e-06,C1.4,GOES-18,9.228e-07,8.274e-04,1.560e-03,,,,10.641722,7.2175465,176.63492,226.97426,GOES-18_XRS,1,0,
2026-04-01 21:51:00,2026-04-01 21:34:00,2026-04-01 21:59:00,202604012134,4.809e-06,C4.8,GOES-18,1.034e-06,3.368e-03,4.487e-03,,,,332.31573,1.040845,-447.70078,114.15204,GOES-18_XRS,1,0,
2026-04-01 23:00:00,2026-04-01 22:41:00,,202604012241,5.228e-06,C5.2,GOES-18,1.656e-06,4.569e-03,,,,,349.7189,5.438077,-171.30585,197.82784,GOES-18_XRS,1,0,
2026-04-01 23:28:00,2026-04-01 23:08:00,2026-04-01 23:46:00,202604012308,6.123e-06,C6.1,GOES-18,4.477e-06,7.757e-03,1.314e-02,,,,20.177723,14.964563,321.15295,346.29312,GOES-18_XRS,2,0,
2026-04-02 07:13:00,2026-04-02 07:07:00,,202604020707,1.498e-06,C1.4,GOES-18,1.103e-06,8.089e-04,,,,,346.19592,-0.5106557,-230.0221,97.26689,GOES-18_XRS,1,0,
2026-04-02 07:30:00,2026-04-02 07:26:00,2026-04-02 07:36:00,202604020726,1.344e-06,C1.3,GOES-18,1.302e-06,6.374e-04,9.533e-04,,,,25.610325,8.226376,412.24774,234.18568,GOES-18_XRS,2,0,
2026-04-02 09:28:00,2026-04-02 09:22:00,2026-04-02 09:30:00,202604020922,1.885e-06,C1.8,GOES-19,1.304e-06,9.142e-04,1.016e-03,,,,342.2887,4.319968,-292.40973,175.53877,GOES-19_XRS,1,0,
2026-04-02 12:30:00,2026-04-02 12:23:00,2026-04-02 12:32:00,202604021223,1.368e-06,C1.3,GOES-18,9.578e-07,7.138e-04,7.818e-04,,,,336.07666,0.053528864,-390.81613,100.267624,GOES-18_XRS,1,0,
2026-04-02 15:02:00,2026-04-02 14:47:00,2026-04-02 15:13:00,202604021447,3.716e-06,C3.7,GOES-18,2.339e-06,3.669e-03,5.422e-03,339.0,2.0,HOL,326.9692,-1.5849155,-524.9387,64.51402,GOES-18_XRS,1,0,4409
2026-04-02 17:09:00,2026-04-02 16:58:00,,202604021658,1.962e-06,C1.9,GOES-18,1.237e-06,1.493e-03,,,,,359.2271,5.8754125,-12.935229,206.03271,GOES-18_XRS,1,0,
2026-04-02 18:15:00,2026-04-02 17:24:00,2026-04-02 18:34:00,202604021724,3.537e-05,M3.5,GOES-18,1.602e-06,2.788e-02,5.348e-02,16.0,12.0,HOL,16.66621,11.514697,270.8221,292.98154,GOES-18_XRS,2,0,4404
2026-04-02 21:28:00,2026-04-02 21:21:00,2026-04-02 21:32:00,202604022121,1.203e-06,C1.2,GOES-18,8.754e-07,6.883e-04,8.113e-04,,,,9.918835,-19.251268,156.74886,-215.00592,GOES-18_XRS,1,0,
2026-04-02 22:55:00,2026-04-02 22:46:00,,202604022246,1.984e-06,C1.9,GOES-18,8.682e-07,1.100e-03,,,,,344.71713,1.1623871,-254.00421,123.889404,GOES-18_XRS,1,0,
2026-04-02 23:15:00,2026-04-02 23:08:00,2026-04-02 23:20:00,202604022308,1.666e-06,C1.6,GOES-18,1.603e-06,1.084e-03,1.375e-03,347.0,3.0,HOL,352.7868,2.8835406,-120.88222,155.50247,GOES-18_XRS,2,0,4409
2026-04-02 23:58:00,2026-04-02 23:53:00,2026-04-03 00:04:00,202604022353,1.597e-06,C1.5,GOES-18,1.131e-06,7.811e-04,1.115e-03,,,,,,,,,1,0,
2026-04-03 00:55:00,2026-04-03 00:49:00,,202604030049,2.459e-06,C2.4,GOES-18,1.392e-06,1.171e-03,,,,,347.28024,1.0510538,-212.1937,123.13056,GOES-18_XRS,1,0,
2026-04-03 01:07:00,2026-04-03 00:59:00,2026-04-03 01:18:00,202604030059,7.072e-06,C7.0,GOES-18,2.178e-06,3.546e-03,6.373e-03,,,,347.43225,1.832082,-209.62495,136.20006,GOES-18_XRS,2,0,
2026-04-03 03:32:00,2026-04-03 03:24:00,2026-04-03 03:34:00,202604030324,2.292e-06,C2.2,GOES-18,8.865e-07,9.951e-04,1.081e-03,,,,349.2411,0.4802869,-179.92873,114.25613,GOES-18_XRS,1,0,
2026-04-03 05:42:00,2026-04-03 05:20:00,2026-04-03 05:45:00,202604030520,6.058e-06,C6.0,GOES-18,9.439e-07,3.337e-03,3.512e-03,,,,352.1656,0.9518618,-131.37065,122.93427,GOES-18_XRS,1,0,
2026-04-03 07:56:00,2026-04-03 07:45:00,2026-04-03 07:58:00,202604030745,1.331e-05,M1.3,GOES-18,1.714e-06,3.742e-03,3.921e-03,,,,353.97617,2.1369014,-101.08041,142.99701,GOES-18_XRS,1,0,
2026-04-03 09:13:00,2026-04-03 09:04:00,2026-04-03 09:16:00,202604030904,1.610e-06,C1.6,GOES-19,1.009e-06,9.950e-04,1.066e-03,,,,354.57098,-0.21582396,-91.194534,103.81082,GOES-19_XRS,1,0,
2026-04-03 10:17:00,2026-04-03 10:03:00,2026-04-03 10:23:00,202604031003,7.782e-06,C7.7,GOES-18,1.014e-06,3.737e-03,4.843e-03,,,,354.9439,1.0996221,-84.93042,125.799736,GOES-18_XRS,1,0,
2026-04-03 11:09:00,2026-04-03 11:05:00,2026-04-03 11:14:00,202604031105,3.370e-06,C3.3,GOES-18,1.315e-06,1.140e-03,1.516e-03,355.0,2.0,SVI,355.25888,1.9790388,-79.61794,140.46442,GOES-18_XRS,1,0,4409
2026-04-03 12:00:00,2026-04-03 11:53:00,2026-04-03 12:04:00,202604031153,3.405e-06,C3.4,GOES-18,1.098e-06,1.324e-03,1.566e-03,355.0,2.0,SVI,355.4541,2.3817933,-76.32482,147.1571,GOES-18_XRS,1,0,4409
2026-04-03 12:28:00,2026-04-03 12:19:00,2026-04-03 12:34:00,202604031219,5.137e-06,C5.1,GOES-18,1.256e-06,2.510e-03,3.365e-03,357.0,2.0,SVI,355.5023,1.5753921,-75.554825,133.72621,GOES-18_XRS,1,0,4409
2026-04-03 12:50:00,2026-04-03 12:46:00,2026-04-03 12:52:00,202604031246,1.332e-05,M1.3,GOES-18,1.684e-06,3.079e-03,3.348e-03,,,,356.98087,2.5758326,-50.712746,150.53712,GOES-18_XRS,1,0,
2026-04-03 15:59:00,2026-04-03 15:50:00,,202604031550,1.368e-06,C1.3,GOES-19,9.723e-07,9.605e-04,,,,,69.02238,20.68233,839.192,373.1021,GOES-19_XRS,1,0,
2026-04-03 16:08:00,2026-04-03 16:04:00,2026-04-03 16:11:00,202604031604,3.404e-06,C3.4,GOES-18,1.435e-06,1.260e-03,1.377e-03,359.0,-1.0,HOL,353.99753,-1.901452,-100.73165,75.186615,GOES-18_XRS,1,0,4409
2026-04-03 17:36:00,2026-04-03 17:31:00,2026-04-03 17:39:00,202604031731,1.720e-06,C1.7,GOES-18,7.876e-07,6.275e-04,6.895e-04,358.0,-2.0,HOL,0.48155832,-3.639757,8.08432,46.53216,GOES-18_XRS,1,0,4409
2026-04-03 19:00:00,2026-04-03 18:55:00,2026-04-03 19:05:00,202604031855,1.468e-06,C1.4,GOES-18,1.064e-06,6.913e-04,9.168e-04,,,,352.56656,-0.721804,-124.67543,94.515335,GOES-18_XRS,1,0,
2026-04-03 19:14:00,2026-04-03 19:06:00,,202604031906,2.468e-06,C2.4,GOES-18,1.241e-06,1.383e-03,,,,,0.5360128,-2.347993,9.00885,68.15356,GOES-18_XRS,1,0,
2026-04-03 19:21:00,2026-04-03 19:17:00,2026-04-03 19:24:00,202604031917,4.925e-06,C4.9,GOES-18,2.039e-06,1.609e-03,1.737e-03,360.0,-1.0,HOL,358.97177,-1.7689185,-17.287067,77.848625,GOES-18_XRS,2,0,4409
2026-04-03 20:13:00,2026-04-03 20:06:00,2026-04-03 20:20:00,202604032006,2.194e-06,C2.1,GOES-18,1.012e-06,1.026e-03,1.528e-03,1.0,2.0,HOL,1.1590244,0.3198737,19.494276,112.76754,GOES-18_XRS,1,0,4409
2026-04-03 21:34:00,2026-04-03 21:25:00,,202604032125,2.325e-06,C2.3,GOES-18,1.060e-06,1.233e-03,,1.0,2.0,HOL,359.03015,1.6926808,-16.305513,135.61363,GOES-18_XRS,1,0,4409
2026-04-03 22:02:00,2026-04-03 21:42:00,2026-04-03 22:10:00,202604032142,5.832e-06,C5.8,GOES-18,1.875e-06,5.487e-03,6.989e-03,,,,0.02746013,1.425453,0.46174803,131.15807,GOES-18_XRS,2,0,
2026-04-03 23:45:00,2026-04-03 23:36:00,2026-04-03 23:48:00,202604032336,1.761e-06,C1.7,GOES-18,7.166e-07,8.499e-04,9.161e-04,3.0,-1.0,HOL,2.6904604,-3.9718053,45.13001,40.581745,GOES-18_XRS,1,0,4409
2026-04-04 00:41:00,2026-04-04 00:26:00,2026-04-04 00:55:00,202604040026,2.329e-06,C2.3,GOES-18,1.104e-06,2.012e-03,3.372e-03,5.0,1.0,HOL,1.4059105,-0.19359773,23.645094,103.98659,GOES-18_XRS,1,0,4409
2026-04-04 01:17:00,2026-04-04 01:07:00,2026-04-04 01:23:00,202604040107,7.545e-05,M7.5,GOES-18,1.245e-06,2.750e-02,3.621e-02,,,,3.9180765,3.575461,65.7191,166.48953,GOES-18_XRS,1,0,
2026-04-04 02:58:00,2026-04-04 02:51:00,2026-04-04 03:02:00,202604040251,1.728e-06,C1.7,GOES-18,1.161e-06,9.149e-04,1.071e-03,,,,6.2876897,0.59088975,105.535515,116.38107,GOES-18_XRS,1,0,
2026-04-04 03:30:00,2026-04-04 03:16:00,2026-04-04 03:41:00,202604040316,2.223e-06,C2.2,GOES-18,9.943e-07,1.790e-03,2.745e-03,,,,4.140263,1.4471388,69.55274,131.00539,GOES-18_XRS,1,0,
2026-04-04 04:35:00,2026-04-04 04:19:00,2026-04-04 04:51:00,202604040419,2.597e-06,C2.5,GOES-18,9.220e-07,2.189e-03,3.921e-03,,,,5.302747,-0.62555254,89.054794,96.16756,GOES-18_XRS,1,0,
2026-04-04 05:54:00,2026-04-04 05:49:00,2026-04-04 05:58:00,202604040549,1.079e-06,C1.0,GOES-18,7.544e-07,4.929e-04,6.004e-04,,,,12.575485,10.647521,206.14249,279.53772,GOES-18_XRS,1,0,
2026-04-04 06:14:00,2026-04-04 06:01:00,2026-04-04 06:21:00,202604040601,2.984e-06,C2.9,GOES-18,8.684e-07,1.828e-03,2.439e-03,,,,54.864788,15.413689,758.0551,313.2249,GOES-18_XRS,1,0,
2026-04-04 07:01:00,2026-04-04 06:52:00,2026-04-04 07:11:00,202604040652,2.250e-06,C2.2,GOES-18,1.149e-06,1.467e-03,2.357e-03,,,,5.754245,-5.584007,96.15911,12.753303,GOES-18_XRS,1,0,
2026-04-04 07:58:00,2026-04-04 07:38:00,2026-04-04 08:14:00,202604040738,1.701e-05,M1.7,GOES-18,8.490e-07,1.126e-02,2.076e-02,7.0,2.0,SVI,6.460046,2.1214097,108.33925,141.63652,GOES-18_XRS,1,0,4409
2026-04-04 11:34:00,2026-04-04 11:22:00,2026-04-04 11:47:00,202604041122,1.212e-06,C1.2,GOES-18,5.662e-07,8.591e-04,1.495e-03,8.0,2.0,SVI,357.94284,-12.040288,-33.828682,-95.393616,GOES-18_XRS,1,0,4409
2026-04-04 12:11:00,2026-04-04 11:57:00,2026-04-04 12:22:00,202604041157,1.298e-05,M1.2,GOES-18,8.003e-07,7.238e-03,1.164e-02,9.0,2.0,SVI,9.124676,2.4210615,152.65967,145.7606,GOES-18_XRS,1,0,4409
2026-04-04 13:39:00,2026-04-04 13:29:00,2026-04-04 13:44:00,202604041329,1.751e-06,C1.7,GOES-18,9.123e-07,1.070e-03,1.296e-03,9.0,2.0,SVI,7.5840545,0.83272046,127.153015,119.66802,GOES-18_XRS,1,0,4409
2026-04-04 15:15:00,2026-04-04 15:00:00,2026-04-04 15:35:00,202604041500,1.663e-06,C1.6,GOES-18,7.796e-07,1.486e-03,2.942e-03,,,,10.188182,-1.275803,170.38187,83.597206,GOES-18_XRS,1,0,
2026-04-04 16:25:00,2026-04-04 16:18:00,2026-04-04 16:32:00,202604041618,1.712e-06,C1.7,GOES-18,1.196e-06,1.008e-03,1.451e-03,,,,13.634997,-3.2125669,226.75885,49.743427,GOES-18_XRS,1,0,
2026-04-04 17:15:00,2026-04-04 17:02:00,2026-04-04 17:24:00,202604041702,2.816e-06,C2.8,GOES-18,1.019e-06,1.915e-03,2.771e-03,13.0,2.0,HOL,11.085765,-4.407021,184.70668,30.661377,GOES-18_XRS,1,0,4409
2026-04-04 19:00:00,2026-04-04 18:48:00,2026-04-04 19:09:00,202604041848,1.795e-06,C1.7,GOES-18,8.589e-07,1.250e-03,1.846e-03,,,,12.3893175,-0.23671846,206.70021,100.02195,GOES-18_XRS,1,0,
2026-04-04 19:47:00,2026-04-04 19:35:00,2026-04-04 20:05:00,202604041935,7.881e-06,C7.8,GOES-18,1.038e-06,5.293e-03,1.068e-02,,,,14.272108,2.0607014,237.33614,137.4945,GOES-18_XRS,1,0,
2026-04-04 23:04:00,2026-04-04 22:54:00,2026-04-04 23:14:00,202604042254,1.074e-05,M1.0,GOES-18,8.189e-07,4.556e-03,7.986e-03,,,,16.172922,1.6575782,268.1937,129.71613,GOES-18_XRS,1,0,
2026-04-05 00:28:00,2026-04-05 00:21:00,2026-04-05 00:33:00,202604050021,1.447e-06,C1.4,GOES-18,8.761e-07,7.552e-04,9.469e-04,,,,14.524204,6.485155,240.01874,210.28207,GOES-18_XRS,1,0,
2026-04-05 02:04:00,2026-04-05 01:51:00,2026-04-05 02:13:00,202604050151,3.874e-06,C3.8,GOES-18,7.517e-07,2.239e-03,3.313e-03,,,,19.067053,2.6161244,314.30972,143.89839,GOES-18_XRS,1,0,
2026-04-05 03:16:00,2026-04-05 03:12:00,2026-04-05 03:19:00,202604050312,8.140e-07,B8.1,GOES-19,5.810e-07,3.432e-04,3.832e-04,,,,,,,,,1,0,
2026-04-05 03:29:00,2026-04-05 03:23:00,,202604050323,1.174e-06,C1.1,GOES-18,6.177e-07,5.495e-04,,,,,18.338577,2.8550253,302.66205,148.2406,GOES-18_XRS,1,0,
2026-04-05 03:41:00,2026-04-05 03:34:00,2026-04-05 03:50:00,202604050334,1.557e-06,C1.5,GOES-18,1.020e-06,9.130e-04,1.489e-03,,,,15.71654,4.7050915,260.02667,180.28299,GOES-18_XRS,2,0,
2026-04-05 04:00:00,2026-04-05 03:55:00,2026-04-05 04:04:00,202604050355,1.812e-06,C1.8,GOES-18,1.080e-06,7.928e-04,9.493e-04,,,,16.520027,-2.3803048,273.6602,61.830097,GOES-18_XRS,1,0,
2026-04-05 04:28:00,2026-04-05 04:20:00,2026-04-05 04:44:00,202604050420,1.242e-06,C1.2,GOES-18,7.501e-07,7.653e-04,1.628e-03,,,,18.375616,-1.5234879,303.53098,75.13773,GOES-18_XRS,1,0,
2026-04-05 05:06:00,2026-04-05 05:01:00,2026-04-05 05:12:00,202604050501,1.163e-06,C1.1,GOES-18,7.211e-07,5.446e-04,7.698e-04,,,,17.561985,-2.3022003,290.39844,62.52771,GOES-18_XRS,1,0,
2026-04-05 05:32:00,2026-04-05 05:27:00,2026-04-05 05:35:00,202604050527,8.954e-07,B8.9,GOES-18,5.348e-07,3.673e-04,4.099e-04,,,,,,,,,1,0,
2026-04-05 05:43:00,2026-04-05 05:35:00,2026-04-05 05:53:00,202604050535,1.659e-06,C1.6,GOES-18,7.535e-07,9.191e-04,1.586e-03,,,,18.01319,-2.9174824,297.46497,51.92772,GOES-18_XRS,1,0,
2026-04-05 06:04:00,2026-04-05 05:59:00,2026-04-05 06:06:00,202604050559,1.590e-06,C1.5,GOES-18,1.020e-06,6.927e-04,7.563e-04,,,,355.8715,-1.6569198,-69.32841,77.97978,GOES-18_XRS,1,0,
2026-04-05 06:49:00,2026-04-05 06:41:00,2026-04-05 06:54:00,202604050641,1.448e-06,C1.4,GOES-18,6.327e-07,6.439e-04,8.228e-04,342.0,9.0,SVI,346.38678,2.3055463,-226.52634,141.39066,GOES-18_XRS,1,0,4412
2026-04-05 07:29:00,2026-04-05 07:23:00,2026-04-05 07:33:00,202604050723,9.787e-07,B9.7,GOES-18,6.500e-07,4.626e-04,5.515e-04,,,,,,,,,1,0,
2026-04-05 08:09:00,2026-04-05 08:04:00,,202604050804,8.209e-07,B8.2,GOES-18,5.897e-07,4.070e-04,,,,,,,,,,1,0,
2026-04-05 08:29:00,2026-04-05 08:21:00,2026-04-05 08:31:00,202604050821,1.116e-06,C1.1,GOES-18,7.045e-07,6.381e-04,6.837e-04,,,,14.41479,-11.889666,234.63947,-96.91536,GOES-18_XRS,2,0,
2026-04-05 10:24:00,2026-04-05 10:17:00,2026-04-05 10:29:00,202604051017,6.821e-07,B6.8,GOES-18,4.926e-07,3.826e-04,4.886e-04,,,,,,,,,1,0,
2026-04-05 11:04:00,2026-04-05 10:52:00,2026-04-05 11:10:00,202604051052,1.313e-06,C1.3,GOES-18,5.411e-07,8.291e-04,1.051e-03,23.0,2.0,SVI,20.495592,-14.269473,326.7876,-139.95076,GOES-18_XRS,1,0,4409
2026-04-05 13:00:00,2026-04-05 12:57:00,2026-04-05 13:02:00,202604051257,1.132e-06,C1.1,GOES-18,4.602e-07,3.400e-04,3.726e-04,,,,17.283245,-10.717559,281.14548,-78.89854,GOES-18_XRS,1,0,
2026-04-05 19:50:00,2026-04-05 19:47:00,2026-04-05 19:54:00,202604051947,7.997e-07,B7.9,GOES-18,4.715e-07,2.764e-04,3.512e-04,,,,,,,,,1,0,
2026-04-05 20:37:00,2026-04-05 20:24:00,2026-04-05 20:49:00,202604052024,8.161e-07,B8.1,GOES-18,5.200e-07,7.051e-04,1.124e-03,,,,,,,,,1,0,
2026-04-05 23:33:00,2026-04-05 23:25:00,,202604052325,9.003e-07,B9.0,GOES-18,5.128e-07,5.078e-04,,,,,,,,,,1,0,
2026-04-05 23:47:00,2026-04-05 23:39:00,2026-04-05 23:54:00,202604052339,2.856e-06,C2.8,GOES-18,7.013e-07,1.300e-03,1.838e-03,,,,28.096455,-3.195992,452.66943,39.258896,GOES-18_XRS,2,0,
2026-04-06 05:15:00,2026-04-06 05:06:00,2026-04-06 05:30:00,202604060506,1.073e-06,C1.0,GOES-18,6.690e-07,6.777e-04,1.458e-03,,,,43.974525,-35.117687,546.1132,-488.1646,GOES-18_XRS,1,0,
2026-04-06 08:17:00,2026-04-06 08:09:00,2026-04-06 08:19:00,202604060809,7.161e-07,B7.1,GOES-18,4.551e-07,4.073e-04,4.397e-04,,,,,,,,,1,0,
2026-04-07 04:27:00,2026-04-07 04:20:00,2026-04-07 04:29:00,202604070420,8.398e-07,B8.3,GOES-18,5.352e-07,4.253e-04,4.606e-04,,,,,,,,,1,0,
2026-04-07 13:56:00,2026-04-07 13:32:00,2026-04-07 14:19:00,202604071332,2.366e-06,C2.3,GOES-18,5.410e-07,2.499e-03,4.739e-03,55.0,2.0,SVI,50.750893,-8.743173,735.64844,-80.66804,GOES-18_XRS,1,0,4409
2026-04-07 15:44:00,2026-04-07 15:36:00,2026-04-07 15:46:00,202604071536,1.212e-06,C1.2,GOES-18,6.027e-07,5.833e-04,6.275e-04,,,,51.463425,-18.86273,711.35474,-248.07326,GOES-18_XRS,1,0,
2026-04-07 18:32:00,2026-04-07 18:15:00,2026-04-07 18:47:00,202604071815,5.722e-06,C5.7,GOES-18,6.851e-07,3.610e-03,6.840e-03,,,,55.89081,-2.3766084,794.76984,18.113012,GOES-18_XRS,1,0,
2026-04-07 20:52:00,2026-04-07 20:40:00,2026-04-07 21:00:00,202604072040,1.395e-06,C1.3,GOES-18,6.030e-07,9.064e-04,1.284e-03,,,,63.08005,-9.46984,844.53204,-111.142525,GOES-18_XRS,1,0,
2026-04-07 21:56:00,2026-04-07 21:53:00,2026-04-07 22:00:00,202604072153,8.006e-07,B8.0,GOES-18,5.815e-07,2.995e-04,3.788e-04,,,,,,,,,1,0,
2026-04-07 22:12:00,2026-04-07 22:04:00,2026-04-07 22:25:00,202604072204,1.174e-06,C1.1,GOES-18,6.056e-07,6.566e-04,1.306e-03,,,,60.304813,-16.309187,800.7211,-219.26875,GOES-18_XRS,1,0,
2026-04-07 23:20:00,2026-04-07 23:10:00,2026-04-07 23:26:00,202604072310,2.481e-06,C2.4,GOES-18,7.754e-07,1.409e-03,1.797e-03,,,,282.44775,12.580912,-913.9644,229.27359,GOES-18_XRS,1,0,
2026-04-08 00:48:00,2026-04-08 00:38:00,2026-04-08 00:54:00,202604080038,1.027e-06,C1.0,GOES-18,6.724e-07,7.485e-04,9.545e-04,,,,86.920746,3.744228,954.9265,67.71709,GOES-18_XRS,1,0,
2026-04-08 05:01:00,2026-04-08 04:57:00,2026-04-08 05:12:00,202604080457,1.378e-06,C1.3,GOES-18,6.666e-07,5.175e-04,1.129e-03,,,,291.21704,7.74036,-886.42596,165.23654,GOES-18_XRS,1,0,
2026-04-08 05:56:00,2026-04-08 05:51:00,2026-04-08 06:00:00,202604080551,8.708e-07,B8.7,GOES-18,5.876e-07,3.994e-04,4.844e-04,,,,,,,,,1,0,
2026-04-08 12:33:00,2026-04-08 12:22:00,2026-04-08 12:39:00,202604081222,1.310e-06,C1.3,GOES-18,7.733e-07,9.471e-04,1.201e-03,,,,301.55975,10.365353,-804.83734,224.36816,GOES-18_XRS,1,0,
2026-04-08 15:43:00,2026-04-08 15:31:00,2026-04-08 15:50:00,202604081531,8.780e-06,C8.7,GOES-18,6.826e-07,3.746e-03,5.212e-03,293.0,13.0,HOL,296.7779,14.2253,-830.59174,279.04077,GOES-18_XRS,1,0,4414
2026-04-08 23:50:00,2026-04-08 23:38:00,2026-04-08 23:58:00,202604082338,1.431e-06,C1.4,GOES-18,7.564e-07,1.056e-03,1.464e-03,298.0,14.0,HOL,282.99313,16.280172,-896.70013,289.14163,GOES-18_XRS,1,0,4414
2026-04-09 01:05:00,2026-04-09 00:57:00,2026-04-09 01:10:00,202604090057,1.451e-06,C1.4,GOES-18,7.221e-07,7.509e-04,9.342e-04,,,,67.37224,-9.687419,873.1269,-122.08441,GOES-18_XRS,1,0,
2026-04-09 02:23:00,2026-04-09 02:19:00,2026-04-09 02:27:00,202604090219,9.679e-07,B9.6,GOES-18,5.683e-07,3.867e-04,4.729e-04,,,,,,,,,1,0,
2026-04-09 04:43:00,2026-04-09 04:40:00,2026-04-09 04:47:00,202604090440,8.186e-07,B8.1,GOES-18,5.106e-07,2.985e-04,3.728e-04,,,,,,,,,1,0,
2026-04-09 05:28:00,2026-04-09 05:21:00,2026-04-09 05:36:00,202604090521,1.323e-06,C1.3,GOES-18,4.977e-07,5.900e-04,9.375e-04,,,,,,991.9393,-173.2422,GOES-18_XRS,1,0,
2026-04-09 06:24:00,2026-04-09 06:14:00,,202604090614,9.823e-07,B9.8,GOES-18,4.801e-07,6.245e-04,,,,,,,,,,1,0,
2026-04-09 06:31:00,2026-04-09 06:28:00,2026-04-09 06:40:00,202604090628,1.042e-06,C1.0,GOES-18,9.216e-07,4.174e-04,8.374e-04,,,,,,871.30273,-533.24225,GOES-18_XRS,2,0,
2026-04-09 07:33:00,2026-04-09 07:27:00,2026-04-09 07:41:00,202604090727,7.468e-07,B7.4,GOES-18,3.918e-07,3.417e-04,5.582e-04,,,,,,,,,1,0,
2026-04-09 07:54:00,2026-04-09 07:48:00,2026-04-09 08:00:00,202604090748,8.677e-07,B8.6,GOES-18,5.358e-07,4.410e-04,6.089e-04,,,,,,,,,1,0,
2026-04-09 08:14:00,2026-04-09 08:07:00,2026-04-09 08:20:00,202604090807,1.418e-06,C1.4,GOES-18,6.858e-07,6.740e-04,9.273e-04,,,,70.511856,0.6469362,904.2418,44.49853,GOES-18_XRS,1,0,
2026-04-09 08:45:00,2026-04-09 08:23:00,2026-04-09 09:05:00,202604090823,1.071e-05,M1.0,GOES-19,8.900e-07,9.074e-03,1.708e-02,77.0,2.0,SVI,80.28169,1.9241366,944.21906,49.0438,GOES-19_XRS,1,0,4409
2026-04-10 03:08:00,2026-04-10 02:57:00,2026-04-10 03:16:00,202604100257,5.265e-07,B5.2,GOES-18,3.017e-07,3.698e-04,5.291e-04,,,,,,,,,1,0,
2026-04-10 04:25:00,2026-04-10 04:13:00,2026-04-10 05:05:00,202604100413,5.928e-07,B5.9,GOES-18,3.561e-07,4.808e-04,1.642e-03,,,,,,,,,1,0,
2026-04-10 09:24:00,2026-04-10 09:14:00,2026-04-10 09:30:00,202604100914,7.417e-07,B7.4,GOES-19,3.090e-07,4.230e-04,5.468e-04,,,,,,,,,1,0,
2026-04-10 12:47:00,2026-04-10 12:39:00,2026-04-10 12:54:00,202604101239,7.685e-07,B7.6,GOES-18,3.690e-07,3.944e-04,5.685e-04,,,,,,,,,1,0,
2026-04-10 14:31:00,2026-04-10 14:24:00,2026-04-10 14:37:00,202604101424,2.278e-07,B2.2,GOES-18,1.630e-07,1.365e-04,1.816e-04,,,,,,,,,1,0,
2026-04-10 15:49:00,2026-04-10 15:38:00,2026-04-10 15:54:00,202604101538,6.217e-07,B6.2,GOES-18,3.191e-07,4.289e-04,5.131e-04,313.0,17.0,SVI,,,,,,1,0,4414
2026-04-11 04:27:00,2026-04-11 04:15:00,2026-04-11 04:39:00,202604110415,5.378e-07,B5.3,GOES-18,3.316e-07,4.304e-04,7.098e-04,,,,,,,,,1,0,
2026-04-11 10:24:00,2026-04-11 10:07:00,2026-04-11 10:39:00,202604111007,1.057e-06,C1.0,GOES-18,2.690e-07,8.327e-04,1.457e-03,351.0,20.0,SVI,326.44537,13.220641,-516.93506,298.70474,GOES-18_XRS,1,0,4416
2026-04-11 19:15:00,2026-04-11 19:09:00,2026-04-11 19:24:00,202604111909,3.675e-07,B3.6,GOES-18,2.687e-07,1.908e-04,3.256e-04,,,,,,,,,1,0,
2026-04-11 21:00:00,2026-04-11 20:53:00,2026-04-11 21:03:00,202604112053,6.108e-07,B6.1,GOES-18,3.474e-07,3.028e-04,3.276e-04,,,,,,,,,1,0,
2026-04-11 23:24:00,2026-04-11 23:15:00,2026-04-11 23:30:00,202604112315,2.005e-06,C2.0,GOES-18,2.904e-07,6.751e-04,9.309e-04,,,,,,987.557,-229.10779,GOES-18_XRS,1,0,
2026-04-12 00:18:00,2026-04-12 00:14:00,2026-04-12 00:22:00,202604120014,5.515e-07,B5.5,GOES-18,3.366e-07,2.144e-04,2.622e-04,,,,,,,,,1,0,
2026-04-12 01:01:00,2026-04-12 00:47:00,2026-04-12 01:05:00,202604120047,1.921e-06,C1.9,GOES-18,2.955e-07,9.002e-04,1.011e-03,,,,,,940.6424,-232.9744,GOES-18_XRS,1,0,
2026-04-12 01:49:00,2026-04-12 01:40:00,2026-04-12 01:54:00,202604120140,5.752e-07,B5.7,GOES-18,3.827e-07,3.702e-04,4.559e-04,,,,,,,,,1,0,
2026-04-12 02:20:00,2026-04-12 02:17:00,2026-04-12 02:23:00,202604120217,1.555e-06,C1.5,GOES-18,3.870e-07,4.162e-04,4.593e-04,,,,,,923.55176,-271.82404,GOES-18_XRS,1,0,
2026-04-12 03:18:00,2026-04-12 03:09:00,2026-04-12 03:22:00,202604120309,1.090e-06,C1.0,GOES-18,3.141e-07,4.568e-04,5.363e-04,,,,,,984.9329,-432.50488,GOES-18_XRS,1,0,
2026-04-12 03:27:00,2026-04-12 03:23:00,2026-04-12 03:30:00,202604120323,9.762e-07,B9.7,GOES-18,6.504e-07,3.934e-04,4.355e-04,,,,,,,,,1,0,
2026-04-12 05:08:00,2026-04-12 04:55:00,2026-04-12 05:11:00,202604120455,2.436e-06,C2.4,GOES-18,2.563e-07,9.830e-04,1.038e-03,,,,74.86284,-14.6716795,894.8106,-216.77812,GOES-18_XRS,1,0,
2026-04-12 06:17:00,2026-04-12 06:13:00,2026-04-12 06:23:00,202604120613,4.874e-07,B4.8,GOES-18,2.651e-07,1.846e-04,2.748e-04,,,,,,,,,1,0,
2026-04-12 07:38:00,2026-04-12 07:31:00,2026-04-12 07:41:00,202604120731,2.469e-06,C2.4,GOES-18,3.362e-07,8.522e-04,9.151e-04,,,,52.087467,-10.743883,743.89594,-119.04465,GOES-18_XRS,1,0,
2026-04-12 08:38:00,2026-04-12 08:29:00,2026-04-12 08:41:00,202604120829,1.534e-06,C1.5,GOES-18,2.807e-07,5.201e-04,5.582e-04,,,,,,940.1949,-348.44836,GOES-18_XRS,1,0,
2026-04-12 12:07:00,2026-04-12 11:59:00,2026-04-12 12:12:00,202604121159,3.427e-07,B3.4,GOES-18,1.999e-07,1.817e-04,2.307e-04,,,,,,,,,1,0,
2026-04-12 14:56:00,2026-04-12 14:47:00,2026-04-12 15:06:00,202604121447,7.057e-07,B7.0,GOES-18,2.564e-07,3.257e-04,5.840e-04,,,,,,,,,1,0,
2026-04-12 18:42:00,2026-04-12 18:34:00,2026-04-12 18:48:00,202604121834,4.929e-07,B4.9,GOES-18,3.137e-07,2.972e-04,3.928e-04,,,,,,,,,1,0,
2026-04-12 19:49:00,2026-04-12 19:40:00,,202604121940,4.787e-07,B4.7,GOES-18,3.315e-07,3.217e-04,,,,,,,,,,1,0,
2026-04-12 19:58:00,2026-04-12 19:55:00,2026-04-12 20:02:00,202604121955,4.835e-07,B4.8,GOES-18,4.279e-07,1.929e-04,2.473e-04,,,,,,,,,2,0,
2026-04-13 01:18:00,2026-04-13 01:13:00,,202604130113,4.046e-07,B4.0,GOES-18,2.949e-07,1.946e-04,,,,,,,,,,1,0,
2026-04-13 02:02:00,2026-04-13 01:31:00,2026-04-13 02:15:00,202604130131,5.077e-07,B5.0,GOES-18,3.570e-07,9.090e-04,1.208e-03,,,,,,,,,2,0,
2026-04-13 07:09:00,2026-04-13 06:58:00,2026-04-13 07:20:00,202604130658,5.131e-07,B5.1,GOES-18,2.471e-07,3.570e-04,5.791e-04,,,,,,,,,1,0,
2026-04-13 08:18:00,2026-04-13 08:11:00,2026-04-13 08:35:00,202604130811,3.879e-07,B3.8,GOES-18,2.455e-07,2.201e-04,5.233e-04,,,,,,,,,1,0,
2026-04-13 11:37:00,2026-04-13 11:20:00,2026-04-13 11:52:00,202604131120,1.149e-06,C1.1,GOES-18,3.268e-07,9.340e-04,1.621e-03,313.0,17.0,SVI,294.12076,26.600666,-781.84656,461.90878,GOES-18_XRS,1,0,4414
2026-04-13 12:52:00,2026-04-13 12:46:00,2026-04-13 12:56:00,202604131246,5.177e-07,B5.1,GOES-18,3.443e-07,2.549e-04,3.032e-04,,,,,,,,,1,0,
2026-04-13 15:37:00,2026-04-13 15:32:00,2026-04-13 15:40:00,202604131532,4.851e-07,B4.8,GOES-18,2.853e-07,2.011e-04,2.214e-04,,,,,,,,,1,0,
2026-04-13 16:32:00,2026-04-13 16:27:00,2026-04-13 16:39:00,202604131627,3.813e-07,B3.8,GOES-18,2.640e-07,1.864e-04,2.860e-04,,,,,,,,,1,0,
2026-04-13 18:12:00,2026-04-13 18:05:00,2026-04-13 18:16:00,202604131805,4.381e-07,B4.3,GOES-18,2.928e-07,2.361e-04,2.780e-04,,,,,,,,,1,0,
2026-04-14 05:34:00,2026-04-14 05:19:00,2026-04-14 05:46:00,202604140519,9.461e-07,B9.4,GOES-18,3.875e-07,7.985e-04,1.252e-03,,,,,,,,,1,0,
2026-04-14 07:02:00,2026-04-14 06:54:00,2026-04-14 07:10:00,202604140654,5.589e-07,B5.5,GOES-18,3.592e-07,3.334e-04,5.034e-04,,,,,,,,,1,0,
2026-04-14 13:11:00,2026-04-14 13:07:00,2026-04-14 13:17:00,202604141307,4.208e-07,B4.2,GOES-18,2.965e-07,1.734e-04,2.606e-04,,,,,,,,,1,0,
2026-04-14 15:05:00,2026-04-14 14:57:00,2026-04-14 15:17:00,202604141457,5.870e-07,B5.8,GOES-18,3.922e-07,3.572e-04,6.750e-04,,,,,,,,,1,0,
2026-04-14 21:54:00,2026-04-14 21:47:00,,202604142147,4.718e-07,B4.7,GOES-19,3.289e-07,2.606e-04,,,,,,,,,,1,0,
2026-04-14 22:13:00,2026-04-14 21:59:00,2026-04-14 22:16:00,202604142159,6.760e-07,B6.7,GOES-19,4.199e-07,5.585e-04,5.882e-04,,,,,,,,,2,0,
2026-04-15 02:42:00,2026-04-15 02:34:00,2026-04-15 02:53:00,202604150234,6.512e-07,B6.5,GOES-18,4.389e-07,4.138e-04,7.260e-04,,,,,,,,,1,0,
2026-04-15 04:43:00,2026-04-15 04:38:00,,202604150438,7.918e-07,B7.9,GOES-18,3.952e-07,3.376e-04,,,,,,,,,,1,0,
2026-04-15 05:15:00,2026-04-15 04:55:00,2026-04-15 05:27:00,202604150455,9.547e-07,B9.5,GOES-18,5.939e-07,1.072e-03,1.555e-03,,,,,,,,,2,0,
2026-04-15 07:49:00,2026-04-15 07:30:00,2026-04-15 07:52:00,202604150730,8.056e-07,B8.0,GOES-18,3.951e-07,8.331e-04,8.642e-04,,,,,,,,,1,0,
2026-04-15 18:49:00,2026-04-15 18:43:00,2026-04-15 19:10:00,202604151843,4.185e-07,B4.1,GOES-19,3.135e-07,2.291e-04,6.586e-04,,,,,,,,,1,0,
2026-04-15 22:37:00,2026-04-15 22:30:00,2026-04-15 22:48:00,202604152230,5.927e-07,B5.9,GOES-18,4.101e-07,3.402e-04,6.325e-04,324.0,8.0,HOL,,,,,,1,0,4419
2026-04-16 00:53:00,2026-04-16 00:39:00,2026-04-16 01:01:00,202604160039,1.259e-06,C1.2,GOES-18,3.296e-07,7.987e-04,1.117e-03,,,,,,-1509.6084,370.89865,GOES-18_XRS,1,0,
2026-04-16 02:02:00,2026-04-16 01:56:00,2026-04-16 02:06:00,202604160156,5.189e-07,B5.1,GOES-18,3.629e-07,2.668e-04,3.181e-04,,,,,,,,,1,0,
2026-04-16 02:51:00,2026-04-16 02:43:00,2026-04-16 02:58:00,202604160243,6.085e-07,B6.0,GOES-18,3.469e-07,3.351e-04,4.786e-04,,,,,,,,,1,0,
2026-04-16 04:06:00,2026-04-16 03:59:00,2026-04-16 04:11:00,202604160359,4.888e-07,B4.8,GOES-18,3.467e-07,2.734e-04,3.453e-04,,,,,,,,,1,0,
2026-04-16 05:06:00,2026-04-16 04:59:00,2026-04-16 05:11:00,202604160459,4.276e-07,B4.2,GOES-18,3.142e-07,2.457e-04,3.111e-04,,,,,,,,,1,0,
2026-04-16 05:28:00,2026-04-16 05:16:00,2026-04-16 05:32:00,202604160516,9.868e-07,B9.8,GOES-18,3.717e-07,5.655e-04,6.370e-04,,,,,,,,,1,0,
2026-04-16 06:14:00,2026-04-16 06:08:00,2026-04-16 06:17:00,202604160608,4.525e-07,B4.5,GOES-18,3.026e-07,2.142e-04,2.342e-04,,,,,,,,,1,0,
2026-04-16 07:30:00,2026-04-16 07:20:00,2026-04-16 07:34:00,202604160720,8.336e-07,B8.3,GOES-18,3.845e-07,4.824e-04,5.519e-04,321.0,13.0,LEA,,,,,,1,0,4419
2026-04-16 08:12:00,2026-04-16 08:04:00,2026-04-16 08:20:00,202604160804,9.829e-07,B9.8,GOES-18,4.415e-07,4.977e-04,7.627e-04,,,,,,,,,1,0,
2026-04-16 09:04:00,2026-04-16 08:54:00,,202604160854,9.911e-07,B9.9,GOES-18,4.446e-07,6.157e-04,,322.0,12.0,LEA,,,,,,1,0,4419
2026-04-16 09:17:00,2026-04-16 09:13:00,2026-04-16 09:20:00,202604160913,9.412e-07,B9.4,GOES-18,8.072e-07,4.201e-04,4.670e-04,,,,,,,,,2,0,
2026-04-16 11:14:00,2026-04-16 11:04:00,2026-04-16 11:31:00,202604161104,7.853e-07,B7.8,GOES-18,3.909e-07,4.893e-04,1.058e-03,,,,,,,,,1,0,
2026-04-16 12:25:00,2026-04-16 12:16:00,2026-04-16 12:36:00,202604161216,1.792e-06,C1.7,GOES-18,8.026e-07,9.882e-04,1.770e-03,,,,313.3321,13.0131445,-679.42346,276.46902,GOES-18_XRS,1,0,
2026-04-16 13:11:00,2026-04-16 13:00:00,2026-04-16 13:17:00,202604161300,1.099e-06,C1.0,GOES-18,5.538e-07,7.918e-04,9.932e-04,324.0,8.0,HOL,,,-1386.3077,248.74355,GOES-18_XRS,1,0,4419
2026-04-16 13:47:00,2026-04-16 13:40:00,2026-04-16 13:51:00,202604161340,6.269e-07,B6.2,GOES-18,3.762e-07,3.218e-04,3.784e-04,,,,,,,,,1,0,
2026-04-16 13:58:00,2026-04-16 13:54:00,2026-04-16 14:06:00,202604161354,7.296e-07,B7.2,GOES-18,4.350e-07,2.865e-04,5.122e-04,325.0,12.0,HOL,,,,,,1,0,4419
2026-04-16 20:48:00,2026-04-16 20:39:00,2026-04-16 21:08:00,202604162039,7.113e-07,B7.1,GOES-18,4.626e-07,4.568e-04,1.129e-03,,,,,,,,,1,0,
2026-04-16 21:22:00,2026-04-16 21:15:00,2026-04-16 21:29:00,202604162115,1.071e-06,C1.0,GOES-18,5.439e-07,5.671e-04,8.170e-04,,,,,,-1410.0511,219.9576,GOES-18_XRS,1,0,
2026-04-16 22:26:00,2026-04-16 22:11:00,2026-04-16 22:35:00,202604162211,8.676e-07,B8.6,GOES-18,4.512e-07,8.172e-04,1.112e-03,331.0,11.0,HOL,,,,,,1,0,4419
2026-04-17 00:03:00,2026-04-16 23:48:00,,202604162348,8.703e-07,B8.7,GOES-18,4.710e-07,8.312e-04,,,,,,,,,,1,0,
2026-04-17 00:16:00,2026-04-17 00:12:00,2026-04-17 00:29:00,202604170012,9.103e-07,B9.1,GOES-18,8.118e-07,4.157e-04,1.042e-03,332.0,11.0,HOL,,,,,,2,0,4419
2026-04-17 01:36:00,2026-04-17 01:29:00,,202604170129,7.573e-07,B7.5,GOES-18,5.113e-07,4.059e-04,,,,,,,,,,1,0,
2026-04-17 01:43:00,2026-04-17 01:39:00,2026-04-17 01:56:00,202604170139,8.404e-07,B8.4,GOES-18,6.414e-07,3.725e-04,8.893e-04,,,,,,,,,2,0,
2026-04-17 02:37:00,2026-04-17 02:30:00,2026-04-17 02:50:00,202604170230,7.682e-07,B7.6,GOES-18,5.410e-07,4.317e-04,8.702e-04,,,,,,,,,1,0,
2026-04-17 04:42:00,2026-04-17 04:27:00,2026-04-17 05:02:00,202604170427,4.145e-06,C4.1,GOES-18,5.119e-07,2.324e-03,5.699e-03,331.0,12.0,LEA,324.52505,11.688132,-545.0583,266.18613,GOES-18_XRS,1,0,4419
2026-04-17 10:12:00,2026-04-17 10:04:00,2026-04-17 10:20:00,202604171004,5.574e-07,B5.5,GOES-18,3.713e-07,3.430e-04,5.207e-04,,,,,,,,,1,0,
2026-04-17 15:06:00,2026-04-17 15:01:00,2026-04-17 15:11:00,202604171501,4.907e-07,B4.9,GOES-18,3.540e-07,2.367e-04,3.118e-04,,,,,,,,,1,0,
2026-04-17 15:32:00,2026-04-17 15:26:00,2026-04-17 15:39:00,202604171526,5.656e-07,B5.6,GOES-18,3.582e-07,2.875e-04,4.266e-04,,,,,,,,,1,0,
2026-04-17 18:06:00,2026-04-17 18:02:00,2026-04-17 18:09:00,202604171802,7.507e-07,B7.5,GOES-18,3.527e-07,2.646e-04,2.940e-04,,,,,,,,,1,0,
2026-04-17 21:15:00,2026-04-17 21:07:00,2026-04-17 21:21:00,202604172107,5.951e-07,B5.9,GOES-19,3.968e-07,3.571e-04,4.764e-04,,,,,,,,,1,0,
2026-04-18 07:04:00,2026-04-18 06:40:00,2026-04-18 07:22:00,202604180640,1.630e-06,C1.6,GOES-18,5.177e-07,1.873e-03,3.120e-03,,,,73.33168,11.441989,898.10156,214.07603,GOES-18_XRS,1,0,
2026-04-18 15:49:00,2026-04-18 15:42:00,2026-04-18 15:51:00,202604181542,6.553e-07,B6.5,GOES-18,3.548e-07,2.880e-04,3.115e-04,,,,,,,,,1,0,
2026-04-19 06:28:00,2026-04-19 06:13:00,,202604190613,3.253e-07,B3.2,GOES-18,9.705e-08,2.851e-04,,,,,,,,,,1,0,
2026-04-19 06:36:00,2026-04-19 06:30:00,,202604190630,3.326e-07,B3.3,GOES-18,2.857e-07,1.846e-04,,,,,,,,,,2,0,
2026-04-19 13:24:00,2026-04-19 13:09:00,,202604191309,5.772e-07,B5.7,GOES-18,3.363e-07,5.616e-04,,,,,,,,,,1,0,
2026-04-19 13:38:00,2026-04-19 13:28:00,2026-04-19 13:42:00,202604191328,5.902e-07,B5.9,GOES-18,5.714e-07,4.887e-04,5.582e-04,,,,,,,,,2,0,
2026-04-19 14:17:00,2026-04-19 14:14:00,2026-04-19 14:22:00,202604191414,5.988e-07,B5.9,GOES-18,4.323e-07,2.276e-04,3.186e-04,,,,,,,,,1,0,
2026-04-19 14:45:00,2026-04-19 14:36:00,2026-04-19 14:51:00,202604191436,6.406e-07,B6.4,GOES-18,4.360e-07,4.288e-04,5.588e-04,337.0,1.0,SVI,,,,,,1,0,
2026-04-19 23:52:00,2026-04-19 23:46:00,2026-04-20 00:08:00,202604192346,5.027e-07,B5.0,GOES-19,3.513e-07,2.487e-04,6.273e-04,,,,,,,,,1,0,
2026-04-20 08:45:00,2026-04-20 08:33:00,2026-04-20 08:51:00,202604200833,1.097e-06,C1.0,GOES-18,4.108e-07,6.714e-04,8.617e-04,11.0,16.0,SVI,310.99857,1.8178666,-722.4324,87.102066,GOES-18_XRS,1,0,4419
2026-04-20 13:15:00,2026-04-20 13:09:00,2026-04-20 13:19:00,202604201309,5.579e-07,B5.5,GOES-18,3.894e-07,2.851e-04,3.409e-04,,,,,,,,,1,0,
2026-04-20 13:30:00,2026-04-20 13:21:00,,202604201321,5.558e-07,B5.5,GOES-19,5.071e-07,4.208e-04,,,,,,,,,,2,0,
2026-04-20 15:13:00,2026-04-20 14:57:00,2026-04-20 15:25:00,202604201457,1.612e-06,C1.6,GOES-18,3.990e-07,1.271e-03,1.995e-03,,,,,,-1673.0735,-273.33722,GOES-18_XRS,1,0,
2026-04-20 16:07:00,2026-04-20 15:59:00,2026-04-20 16:09:00,202604201559,5.663e-07,B5.6,GOES-18,3.874e-07,3.252e-04,3.473e-04,17.0,13.0,HOL,,,,,,1,0,4419
2026-04-20 20:02:00,2026-04-20 19:52:00,2026-04-20 20:12:00,202604201952,6.896e-07,B6.8,GOES-18,4.718e-07,5.032e-04,7.976e-04,,,,,,,,,1,0,
2026-04-21 01:15:00,2026-04-21 01:03:00,2026-04-21 01:24:00,202604210103,1.396e-06,C1.3,GOES-18,4.546e-07,8.863e-04,1.310e-03,,,,,,-1633.6223,183.77951,GOES-18_XRS,1,0,
2026-04-21 06:02:00,2026-04-21 05:53:00,2026-04-21 06:08:00,202604210553,5.355e-06,C5.3,GOES-18,4.891e-07,1.596e-03,2.312e-03,,,,,,-1059.2286,-125.672844,GOES-18_XRS,1,0,
2026-04-21 06:55:00,2026-04-21 06:47:00,,202604210647,1.387e-06,C1.3,GOES-18,6.669e-07,8.201e-04,,,,,,,-1168.039,333.79767,GOES-18_XRS,1,0,
2026-04-21 07:19:00,2026-04-21 07:00:00,2026-04-21 07:38:00,202604210700,1.815e-06,C1.8,GOES-18,1.097e-06,2.193e-03,3.850e-03,,,,,,-1098.4542,319.55594,GOES-18_XRS,2,0,
2026-04-21 09:56:00,2026-04-21 09:42:00,2026-04-21 10:06:00,202604210942,1.618e-06,C1.6,GOES-18,7.661e-07,1.428e-03,2.047e-03,,,,,,-920.3411,312.6391,GOES-18_XRS,1,0,
2026-04-21 11:30:00,2026-04-21 11:26:00,2026-04-21 11:42:00,202604211126,2.249e-06,C2.2,GOES-18,6.975e-07,8.081e-04,1.787e-03,,,,,,-939.1239,321.9433,GOES-18_XRS,1,0,
2026-04-21 11:50:00,2026-04-21 11:45:00,2026-04-21 11:55:00,202604211145,4.045e-06,C4.0,GOES-18,1.227e-06,1.527e-03,2.002e-03,,,,302.40048,16.006943,-776.43414,306.53012,GOES-18_XRS,1,0,
2026-04-21 14:02:00,2026-04-21 13:41:00,2026-04-21 14:10:00,202604211341,1.480e-06,C1.4,GOES-18,7.086e-07,1.624e-03,2.025e-03,301.0,17.0,SVI,,,-1179.8701,259.57138,GOES-18_XRS,1,0,4420
2026-04-21 14:24:00,2026-04-21 14:15:00,2026-04-21 14:40:00,202604211415,1.826e-06,C1.8,GOES-18,9.424e-07,1.074e-03,2.314e-03,303.0,16.0,HOL,303.1912,17.740755,-762.5204,334.58105,GOES-18_XRS,1,0,4420
2026-04-21 16:43:00,2026-04-21 16:29:00,2026-04-21 16:55:00,202604211629,1.389e-06,C1.3,GOES-18,5.330e-07,1.060e-03,1.699e-03,,,,,,-1642.0887,145.91104,GOES-18_XRS,1,0,
2026-04-21 18:23:00,2026-04-21 18:19:00,,202604211819,8.787e-07,B8.7,GOES-19,5.413e-07,3.690e-04,,,,,,,,,,1,0,
2026-04-21 18:36:00,2026-04-21 18:17:00,2026-04-21 18:52:00,202604211817,1.725e-06,C1.7,GOES-18,5.855e-07,1.623e-03,2.782e-03,,,,,,-1286.3075,187.94145,GOES-18_XRS,1,0,
2026-04-21 21:15:00,2026-04-21 21:09:00,2026-04-21 21:17:00,202604212109,9.256e-07,B9.2,GOES-18,5.689e-07,4.191e-04,4.563e-04,,,,,,,,,1,0,
2026-04-21 21:25:00,2026-04-21 21:20:00,2026-04-21 21:37:00,202604212120,1.923e-06,C1.9,GOES-18,5.658e-07,6.497e-04,1.498e-03,306.0,16.0,HOL,,,-1197.7129,252.21104,GOES-18_XRS,1,0,4420
2026-04-21 22:30:00,2026-04-21 22:24:00,2026-04-21 22:34:00,202604212224,8.280e-07,B8.2,GOES-18,5.889e-07,4.141e-04,4.958e-04,306.0,16.0,HOL,,,,,,1,0,4420
2026-04-21 22:54:00,2026-04-21 22:49:00,2026-04-21 22:57:00,202604212249,7.893e-07,B7.8,GOES-18,5.818e-07,3.757e-04,4.146e-04,,,,,,,,,1,0,
2026-04-21 23:20:00,2026-04-21 23:13:00,2026-04-21 23:25:00,202604212313,1.224e-06,C1.2,GOES-18,4.781e-07,6.016e-04,7.561e-04,,,,,,-1822.9126,263.93866,GOES-18_XRS,1,0,
2026-04-22 00:22:00,2026-04-22 00:18:00,2026-04-22 00:25:00,202604220018,8.377e-07,B8.3,GOES-18,5.400e-07,3.217e-04,3.594e-04,,,,,,,,,1,0,
2026-04-22 01:39:00,2026-04-22 01:32:00,2026-04-22 01:44:00,202604220132,1.768e-06,C1.7,GOES-18,5.072e-07,6.323e-04,8.318e-04,,,,,,-1221.6428,290.6231,GOES-18_XRS,1,0,
2026-04-22 04:33:00,2026-04-22 04:22:00,2026-04-22 04:40:00,202604220422,1.433e-06,C1.4,GOES-18,6.973e-07,9.723e-04,1.294e-03,,,,,,-1033.7621,342.06744,GOES-18_XRS,1,0,
2026-04-22 06:17:00,2026-04-22 06:10:00,2026-04-22 06:20:00,202604220610,1.141e-06,C1.1,GOES-18,8.057e-07,6.229e-04,6.769e-04,,,,308.2383,0.3396565,-751.7005,57.56061,GOES-18_XRS,1,0,
2026-04-22 06:26:00,2026-04-22 06:23:00,2026-04-22 06:28:00,202604220623,1.311e-06,C1.3,GOES-19,8.976e-07,4.516e-04,5.064e-04,311.0,17.0,SVI,315.2921,13.897817,-653.72406,286.91354,GOES-19_XRS,1,0,4420
2026-04-22 09:58:00,2026-04-22 09:49:00,2026-04-22 10:09:00,202604220949,1.044e-06,C1.0,GOES-18,5.414e-07,6.005e-04,1.053e-03,,,,,,-1878.3005,115.34639,GOES-18_XRS,1,0,
2026-04-22 15:04:00,2026-04-22 14:59:00,2026-04-22 15:11:00,202604221459,9.419e-07,B9.4,GOES-18,5.754e-07,4.398e-04,6.781e-04,320.0,15.0,HOL,,,,,,1,0,4420
2026-04-22 16:38:00,2026-04-22 16:35:00,2026-04-22 16:41:00,202604221635,1.565e-06,C1.5,GOES-18,6.795e-07,4.669e-04,5.243e-04,315.0,16.0,HOL,,,-982.9186,303.38156,GOES-18_XRS,1,0,4420
2026-04-22 17:14:00,2026-04-22 17:01:00,2026-04-22 17:24:00,202604221701,3.757e-06,C3.7,GOES-18,8.102e-07,2.181e-03,3.416e-03,318.0,16.0,HOL,316.0694,15.897738,-638.6693,318.8229,GOES-18_XRS,1,0,4420
2026-04-22 19:20:00,2026-04-22 19:05:00,2026-04-22 19:39:00,202604221905,2.323e-06,C2.3,GOES-18,5.772e-07,1.613e-03,3.395e-03,,,,284.75012,14.694837,-893.4864,261.80124,GOES-18_XRS,1,0,
2026-04-22 23:14:00,2026-04-22 23:02:00,2026-04-22 23:27:00,202604222302,3.089e-06,C3.0,GOES-18,7.814e-07,1.735e-03,3.224e-03,,,,319.29785,16.798613,-597.60596,335.73102,GOES-18_XRS,1,0,
2026-04-23 01:17:00,2026-04-23 01:02:00,2026-04-23 01:29:00,202604230102,4.469e-06,C4.4,GOES-18,1.077e-06,2.927e-03,4.853e-03,,,,286.8312,17.342398,-872.74744,306.482,GOES-18_XRS,1,0,
2026-04-23 02:23:00,2026-04-23 02:16:00,2026-04-23 02:30:00,202604230216,1.932e-06,C1.9,GOES-18,1.236e-06,1.093e-03,1.572e-03,,,,321.5262,20.885424,-556.40576,400.41452,GOES-18_XRS,1,0,
2026-04-23 04:35:00,2026-04-23 04:24:00,2026-04-23 04:48:00,202604230424,1.650e-05,M1.6,GOES-18,9.280e-07,6.269e-03,1.326e-02,,,,56.51452,15.821226,767.3893,303.51114,GOES-18_XRS,1,0,
2026-04-23 04:59:00,2026-04-23 04:50:00,2026-04-23 05:08:00,202604230450,1.245e-05,M1.2,GOES-18,7.701e-06,8.316e-03,1.276e-02,317.0,18.0,SVI,,,-913.00165,299.94928,GOES-18_XRS,1,0,4420
2026-04-23 07:57:00,2026-04-23 07:48:00,,202604230748,4.545e-06,C4.5,GOES-18,2.389e-06,2.752e-03,,325.0,18.0,SVI,326.56055,15.8600235,-507.55026,326.77554,GOES-18_XRS,1,0,4420
2026-04-23 08:11:00,2026-04-23 08:06:00,2026-04-23 08:19:00,202604230806,5.667e-06,C5.6,GOES-18,3.945e-06,2.683e-03,4.469e-03,325.0,17.0,SVI,328.98022,17.093699,-471.66656,347.83545,GOES-18_XRS,2,0,4420
2026-04-23 08:48:00,2026-04-23 08:40:00,2026-04-23 08:53:00,202604230840,4.329e-05,M4.3,GOES-18,1.797e-06,1.568e-02,1.976e-02,62.0,18.0,SVI,64.13353,17.114677,821.9363,314.46573,GOES-18_XRS,1,0,4419
2026-04-23 09:53:00,2026-04-23 09:47:00,2026-04-23 09:57:00,202604230947,2.377e-06,C2.3,GOES-18,1.665e-06,1.225e-03,1.452e-03,,,,318.4427,17.828466,-604.4002,350.46323,GOES-18_XRS,1,0,
2026-04-23 11:58:00,2026-04-23 11:51:00,2026-04-23 12:04:00,202604231151,1.411e-06,C1.4,GOES-18,9.179e-07,7.704e-04,1.053e-03,,,,313.4697,-10.292391,-683.4079,-114.8519,GOES-18_XRS,1,0,
2026-04-23 12:30:00,2026-04-23 12:26:00,2026-04-23 12:37:00,202604231226,1.397e-06,C1.3,GOES-18,9.973e-07,5.999e-04,9.553e-04,,,,328.079,14.318918,-490.5758,303.41104,GOES-18_XRS,1,0,
2026-04-23 13:02:00,2026-04-23 12:59:00,2026-04-23 13:04:00,202604231259,2.177e-06,C2.1,GOES-18,1.490e-06,7.557e-04,8.455e-04,330.0,17.0,SVI,324.3603,10.943742,-547.7521,246.52007,GOES-18_XRS,1,0,4420
2026-04-23 14:00:00,2026-04-23 13:42:00,2026-04-23 14:11:00,202604231342,1.712e-05,M1.7,GOES-18,1.146e-06,1.056e-02,1.700e-02,65.0,17.0,SVI,59.597107,15.631408,794.0787,296.5266,GOES-18_XRS,1,0,4419
2026-04-23 15:27:00,2026-04-23 15:14:00,,202604231514,1.407e-06,C1.4,GOES-18,9.810e-07,1.284e-03,,327.0,17.0,SVI,292.6195,4.020971,-879.96436,98.103455,GOES-18_XRS,1,0,4420
2026-04-23 16:17:00,2026-04-23 15:42:00,2026-04-23 16:46:00,202604231542,7.463e-06,C7.4,GOES-18,1.245e-06,9.182e-03,1.826e-02,,,,279.10626,5.6895294,-937.9524,107.1351,GOES-18_XRS,2,0,
2026-04-23 17:08:00,2026-04-23 17:00:00,2026-04-23 17:14:00,202604231700,4.954e-05,M4.9,GOES-18,2.982e-06,2.045e-02,2.699e-02,65.0,17.0,HOL,70.45351,17.433975,858.85254,311.1835,GOES-18_XRS,1,0,4419
2026-04-23 20:06:00,2026-04-23 19:59:00,2026-04-23 20:10:00,202604231959,4.148e-06,C4.1,GOES-18,1.756e-06,1.864e-03,2.196e-03,,,,329.5277,18.00843,-461.75125,361.75644,GOES-18_XRS,1,0,
2026-04-23 23:16:00,2026-04-23 23:04:00,2026-04-23 23:23:00,202604232304,3.707e-06,C3.7,GOES-18,1.247e-06,2.173e-03,2.918e-03,,,,307.195,-3.825206,-760.3022,-14.567082,GOES-18_XRS,1,0,
2026-04-24 01:07:00,2026-04-24 00:51:00,2026-04-24 01:13:00,202604240051,2.491e-04,X2.4,GOES-18,1.110e-06,8.624e-02,1.164e-01,,,,77.10967,19.38628,877.8595,332.79224,GOES-18_XRS,1,0,
2026-04-24 04:01:00,2026-04-24 03:57:00,2026-04-24 04:05:00,202604240357,7.926e-06,C7.9,GOES-18,1.613e-06,2.321e-03,2.813e-03,,,,318.74353,-3.4404094,-630.06055,3.5605474,GOES-18_XRS,1,0,
2026-04-24 05:30:00,2026-04-24 05:22:00,2026-04-24 05:43:00,202604240522,3.112e-06,C3.1,GOES-18,2.209e-06,1.921e-03,3.755e-03,,,,49.57652,16.360664,698.65424,318.7675,GOES-18_XRS,1,0,
2026-04-24 07:11:00,2026-04-24 07:07:00,2026-04-24 07:18:00,202604240707,3.956e-06,C3.9,GOES-18,1.867e-06,1.544e-03,2.439e-03,319.0,-4.0,SVI,326.33005,-4.3337054,-529.3346,-5.008003,GOES-18_XRS,1,0,4421
2026-04-24 08:13:00,2026-04-24 08:01:00,2026-04-24 08:18:00,202604240801,2.517e-04,X2.5,GOES-18,3.694e-06,7.919e-02,9.998e-02,73.0,19.0,SVI,,,900.98914,320.2828,GOES-18_XRS,1,0,4419
2026-04-24 09:07:00,2026-04-24 08:57:00,2026-04-24 09:19:00,202604240857,1.994e-05,M1.9,GOES-18,5.550e-06,9.463e-03,1.852e-02,,,,318.87756,-4.151432,-627.8322,-8.42021,GOES-18_XRS,1,0,
2026-04-24 10:57:00,2026-04-24 10:50:00,2026-04-24 11:01:00,202604241050,4.577e-06,C4.5,GOES-18,3.181e-06,2.499e-03,2.929e-03,,,,327.4668,5.10184,-512.86835,152.52144,GOES-18_XRS,1,0,
2026-04-24 12:21:00,2026-04-24 12:16:00,2026-04-24 12:32:00,202604241216,3.944e-06,C3.9,GOES-18,2.705e-06,1.841e-03,3.868e-03,,,,279.13995,4.9093766,-938.8538,94.09163,GOES-18_XRS,1,0,
2026-04-24 13:01:00,2026-04-24 12:34:00,2026-04-24 13:14:00,202604241234,1.722e-05,M1.7,GOES-18,3.236e-06,1.784e-02,2.672e-02,323.0,-6.0,HOL,318.84946,-3.0191803,-628.9337,10.250161,GOES-18_XRS,1,0,4423
2026-04-24 14:38:00,2026-04-24 14:33:00,2026-04-24 14:45:00,202604241433,3.523e-06,C3.5,GOES-18,1.818e-06,1.548e-03,2.363e-03,323.0,-6.0,HOL,321.15536,-2.1551948,-599.9361,26.658928,GOES-18_XRS,1,0,4423
2026-04-24 16:06:00,2026-04-24 15:55:00,2026-04-24 16:14:00,202604241555,3.725e-06,C3.7,GOES-18,1.591e-06,2.464e-03,3.469e-03,325.0,-5.0,SVI,332.71637,3.007042,-438.36807,121.311745,GOES-18_XRS,1,0,4423
2026-04-24 16:44:00,2026-04-24 16:40:00,2026-04-24 16:48:00,202604241640,3.468e-06,C3.4,GOES-18,2.154e-06,1.400e-03,1.728e-03,326.0,-5.0,SVI,336.85208,-4.6130157,-375.29745,-3.204283,GOES-18_XRS,1,0,4423
2026-04-24 17:15:00,2026-04-24 17:04:00,2026-04-24 17:26:00,202604241704,7.093e-06,C7.0,GOES-18,2.693e-06,4.517e-03,7.484e-03,325.0,-6.0,HOL,324.6615,-5.1431007,-551.4994,-20.370329,GOES-18_XRS,1,0,4423
2026-04-24 18:15:00,2026-04-24 17:54:00,2026-04-24 18:30:00,202604241754,6.413e-05,M6.4,GOES-18,2.927e-06,4.817e-02,8.308e-02,80.0,18.0,HOL,,,916.5898,304.937,GOES-18_XRS,1,0,4419
2026-04-25 00:25:00,2026-04-25 00:17:00,2026-04-25 00:28:00,202604250017,2.746e-06,C2.7,GOES-19,1.784e-06,1.545e-03,1.674e-03,,,,341.87387,16.359095,-285.84744,341.48526,GOES-19_XRS,1,0,
2026-04-25 01:33:00,2026-04-25 01:17:00,2026-04-25 01:53:00,202604250117,4.676e-06,C4.6,GOES-18,1.310e-06,3.653e-03,7.444e-03,326.0,-7.0,LEA,327.29144,-5.5483723,-514.9026,-25.533813,GOES-18_XRS,1,0,4423
2026-04-25 07:08:00,2026-04-25 07:03:00,2026-04-25 07:12:00,202604250703,1.333e-06,C1.3,GOES-18,9.348e-07,6.171e-04,7.478e-04,,,,291.2783,8.373457,-880.5014,167.00894,GOES-18_XRS,1,0,
2026-04-25 07:46:00,2026-04-25 07:40:00,2026-04-25 07:49:00,202604250740,2.499e-06,C2.4,GOES-18,7.965e-07,9.119e-04,1.006e-03,,,,292.5063,3.6216018,-880.70953,90.33947,GOES-18_XRS,1,0,
2026-04-25 07:59:00,2026-04-25 07:56:00,2026-04-25 08:03:00,202604250756,1.308e-05,M1.3,GOES-18,1.363e-06,3.232e-03,3.935e-03,333.0,-5.0,SVI,334.17078,-4.0778127,-416.14105,3.2967458,GOES-18_XRS,1,0,4423
2026-04-25 09:32:00,2026-04-25 09:30:00,2026-04-25 09:35:00,202604250930,2.102e-06,C2.1,GOES-18,1.295e-06,6.052e-04,6.895e-04,,,,284.8787,5.812258,-917.8834,116.50217,GOES-18_XRS,1,0,
2026-04-25 09:54:00,2026-04-25 09:47:00,2026-04-25 09:56:00,202604250947,3.255e-06,C3.2,GOES-18,1.162e-06,1.193e-03,1.297e-03,350.0,17.0,SVI,352.1741,18.406597,-123.71663,375.71436,GOES-18_XRS,1,0,4420
2026-04-25 12:31:00,2026-04-25 12:25:00,2026-04-25 12:34:00,202604251225,1.468e-06,C1.4,GOES-18,8.683e-07,6.484e-04,7.097e-04,,,,294.76538,6.413838,-862.02057,139.14551,GOES-18_XRS,1,0,
2026-04-25 13:20:00,2026-04-25 13:08:00,2026-04-25 13:28:00,202604251308,3.887e-06,C3.8,GOES-18,1.138e-06,2.170e-03,3.124e-03,,,,,,954.2727,264.90762,GOES-18_XRS,1,0,
2026-04-25 14:30:00,2026-04-25 14:22:00,2026-04-25 14:32:00,202604251422,1.110e-05,M1.1,GOES-18,1.203e-06,2.589e-03,2.758e-03,287.0,7.0,SVI,289.92725,8.730328,-887.34717,170.9334,GOES-18_XRS,1,0,4425
2026-04-25 16:02:00,2026-04-25 15:53:00,2026-04-25 16:08:00,202604251553,2.163e-06,C2.1,GOES-18,1.028e-06,1.275e-03,1.649e-03,,,,61.482944,12.668642,819.0938,245.42516,GOES-18_XRS,1,0,
2026-04-25 19:38:00,2026-04-25 19:26:00,2026-04-25 19:53:00,202604251926,3.968e-06,C3.9,GOES-18,9.933e-07,2.157e-03,4.459e-03,,,,2.0894606,14.696795,33.772465,318.0196,GOES-18_XRS,1,0,
2026-04-25 21:26:00,2026-04-25 21:24:00,2026-04-25 21:28:00,202604252124,3.597e-06,C3.5,GOES-18,1.344e-06,8.608e-04,9.886e-04,,,,339.3481,-3.383174,-337.1373,16.898222,GOES-18_XRS,1,0,
2026-04-25 23:48:00,2026-04-25 23:42:00,2026-04-25 23:55:00,202604252342,1.904e-06,C1.9,GOES-18,1.146e-06,8.883e-04,1.345e-03,,,,339.1408,-11.576279,-334.0105,-119.894936,GOES-18_XRS,1,0,
2026-04-26 00:23:00,2026-04-26 00:08:00,2026-04-26 00:35:00,202604260008,1.326e-05,M1.3,GOES-18,1.290e-06,6.840e-03,1.192e-02,,,,298.05743,7.2832417,-836.3192,157.1139,GOES-18_XRS,1,0,
2026-04-26 05:26:00,2026-04-26 05:19:00,2026-04-26 05:31:00,202604260519,2.166e-06,C2.1,GOES-18,1.549e-06,1.230e-03,1.551e-03,,,,320.34436,10.803251,-599.66345,237.53313,GOES-18_XRS,1,0,
2026-04-26 07:19:00,2026-04-26 07:08:00,2026-04-26 07:26:00,202604260708,3.890e-06,C3.8,GOES-18,1.110e-06,2.065e-03,2.880e-03,,,,295.47412,7.427516,-855.0597,156.13733,GOES-18_XRS,1,0,
2026-04-26 09:12:00,2026-04-26 09:07:00,2026-04-26 09:21:00,202604260907,1.271e-06,C1.2,GOES-19,9.192e-07,6.136e-04,1.075e-03,,,,9.184879,20.944098,142.70137,412.58057,GOES-19_XRS,1,0,
2026-04-26 11:17:00,2026-04-26 11:03:00,2026-04-26 11:26:00,202604261103,3.514e-06,C3.5,GOES-18,1.165e-06,2.476e-03,3.601e-03,12.0,15.0,SVI,5.8911257,12.126765,96.0838,275.8307,GOES-18_XRS,1,0,4420
2026-04-26 11:36:00,2026-04-26 11:32:00,2026-04-26 11:40:00,202604261132,3.592e-06,C3.5,GOES-18,1.823e-06,1.329e-03,1.638e-03,11.0,15.0,SVI,10.184276,13.067451,164.90466,290.01492,GOES-18_XRS,1,0,4420
2026-04-26 12:22:00,2026-04-26 12:18:00,,202604261218,1.969e-06,C1.9,GOES-18,1.420e-06,8.510e-04,,12.0,16.0,SVI,353.56183,6.6396327,-106.65573,186.76126,GOES-18_XRS,1,0,4420
2026-04-26 12:37:00,2026-04-26 12:31:00,2026-04-26 12:41:00,202604261231,2.535e-06,C2.5,GOES-18,1.826e-06,1.300e-03,1.545e-03,,,,351.6542,12.770692,-135.53355,285.6182,GOES-18_XRS,2,0,
2026-04-26 14:03:00,2026-04-26 13:54:00,2026-04-26 14:08:00,202604261354,1.441e-05,M1.4,GOES-18,1.694e-06,5.706e-03,7.031e-03,12.0,15.0,HOL,13.453834,15.148613,214.98953,321.89185,GOES-18_XRS,1,0,4420
2026-04-26 14:25:00,2026-04-26 14:18:00,2026-04-26 14:33:00,202604261418,8.490e-06,C8.4,GOES-18,2.710e-06,4.012e-03,6.194e-03,302.0,5.0,HOL,302.31323,6.639363,-802.15576,151.06064,GOES-18_XRS,1,0,4425
2026-04-26 15:11:00,2026-04-26 15:04:00,,202604261504,2.777e-06,C2.7,GOES-18,1.911e-06,1.517e-03,,300.0,6.0,SVI,298.53424,7.616113,-831.84204,162.66948,GOES-18_XRS,1,0,4425
2026-04-26 15:22:00,2026-04-26 15:18:00,2026-04-26 15:29:00,202604261518,2.976e-06,C2.9,GOES-18,2.335e-06,1.333e-03,2.124e-03,9.0,16.0,SVI,354.8682,9.913658,-84.368126,240.05835,GOES-18_XRS,2,0,4420
2026-04-26 16:01:00,2026-04-26 15:49:00,,202604261549,5.092e-06,C5.0,GOES-18,2.262e-06,3.338e-03,,304.0,6.0,HOL,324.42108,6.329484,-553.27454,167.46011,GOES-18_XRS,1,0,4425
2026-04-26 16:13:00,2026-04-26 16:07:00,2026-04-26 16:19:00,202604261607,4.916e-06,C4.9,GOES-18,4.145e-06,2.793e-03,3.845e-03,,,,309.72214,6.1648273,-731.0548,151.26866,GOES-18_XRS,2,0,
2026-04-26 17:39:00,2026-04-26 17:34:00,2026-04-26 17:42:00,202604261734,5.459e-06,C5.4,GOES-18,2.307e-06,1.976e-03,2.169e-03,,,,312.46075,8.077483,-698.36694,185.3357,GOES-18_XRS,1,0,
2026-04-26 18:03:00,2026-04-26 17:57:00,2026-04-26 18:09:00,202604261757,9.767e-06,C9.7,GOES-18,2.888e-06,3.974e-03,5.483e-03,304.0,5.0,HOL,304.34503,7.729835,-781.85126,171.09415,GOES-18_XRS,1,0,4425
2026-04-26 19:15:00,2026-04-26 19:00:00,,202604261900,8.874e-06,C8.8,GOES-18,3.764e-06,7.202e-03,,16.0,15.0,HOL,312.26987,8.092697,-700.44574,185.32251,GOES-18_XRS,1,0,4420
2026-04-26 19:24:00,2026-04-26 19:18:00,2026-04-26 19:27:00,202604261918,1.719e-05,M1.7,GOES-18,8.168e-06,7.755e-03,8.412e-03,,,,1.6747822,12.582035,27.31023,282.94128,GOES-18_XRS,2,0,
2026-04-26 20:04:00,2026-04-26 19:54:00,2026-04-26 20:07:00,202604261954,2.276e-05,M2.2,GOES-18,4.883e-06,9.217e-03,9.891e-03,305.0,5.0,HOL,307.0433,7.979911,-755.49304,178.0473,GOES-18_XRS,1,0,4425
2026-04-26 21:35:00,2026-04-26 21:30:00,2026-04-26 21:37:00,202604262130,5.014e-06,C5.0,GOES-18,3.462e-06,2.228e-03,2.459e-03,,,,19.422836,14.504406,308.13428,309.02875,GOES-18_XRS,1,0,
2026-04-26 21:48:00,2026-04-26 21:39:00,2026-04-26 21:54:00,202604262139,7.753e-06,C7.7,GOES-18,3.851e-06,4.449e-03,5.844e-03,,,,27.300035,14.557136,424.78595,305.72675,GOES-18_XRS,1,0,
2026-04-26 22:48:00,2026-04-26 22:43:00,,202604262243,5.428e-06,C5.4,GOES-18,3.497e-06,2.360e-03,,,,,15.881694,13.381643,254.83238,292.58124,GOES-18_XRS,1,0,
2026-04-26 22:57:00,2026-04-26 22:51:00,2026-04-26 23:02:00,202604262251,6.020e-05,M6.0,GOES-18,4.726e-06,1.612e-02,2.177e-02,,,,19.046282,16.096119,300.0808,334.12564,GOES-18_XRS,2,0,
2026-04-27 01:05:00,2026-04-27 00:58:00,,202604270058,2.730e-06,C2.7,GOES-18,2.013e-06,1.588e-03,,,,,330.36707,7.8051453,-468.7462,195.42377,GOES-18_XRS,1,0,
2026-04-27 01:21:00,2026-04-27 01:07:00,2026-04-27 01:26:00,202604270107,3.367e-06,C3.3,GOES-18,2.693e-06,3.334e-03,3.875e-03,,,,320.71286,8.5399065,-598.9253,200.10104,GOES-18_XRS,2,0,
2026-04-27 01:37:00,2026-04-27 01:28:00,2026-04-27 01:42:00,202604270128,4.632e-06,C4.6,GOES-18,3.049e-06,2.981e-03,3.631e-03,,,,43.919006,18.423248,629.16034,353.39154,GOES-18_XRS,1,0,
2026-04-27 02:03:00,2026-04-27 01:53:00,,202604270153,6.836e-06,C6.8,GOES-18,2.557e-06,3.888e-03,,,,,312.1528,7.3170557,-702.98315,172.21042,GOES-18_XRS,1,0,
2026-04-27 02:15:00,2026-04-27 02:09:00,2026-04-27 02:18:00,202604270209,6.522e-06,C6.5,GOES-18,5.454e-06,3.609e-03,3.952e-03,,,,341.1614,9.111338,-305.1837,222.54243,GOES-18_XRS,2,0,
2026-04-27 03:37:00,2026-04-27 03:30:00,2026-04-27 03:41:00,202604270330,5.907e-06,C5.9,GOES-18,3.013e-06,2.821e-03,3.297e-03,,,,1.9433949,11.269076,31.840773,261.35855,GOES-18_XRS,1,0,
2026-04-27 04:10:00,2026-04-27 04:05:00,2026-04-27 04:17:00,202604270405,3.525e-06,C3.5,GOES-18,2.626e-06,1.737e-03,2.662e-03,,,,20.301147,12.453791,324.2495,275.6361,GOES-18_XRS,1,0,
2026-04-27 05:43:00,2026-04-27 05:37:00,2026-04-27 05:50:00,202604270537,1.872e-06,C1.8,GOES-18,1.207e-06,9.080e-04,1.378e-03,21.0,16.0,SVI,15.343486,14.140914,245.58942,304.3738,GOES-18_XRS,1,0,4420
2026-04-27 06:07:00,2026-04-27 06:02:00,2026-04-27 06:10:00,202604270602,1.802e-06,C1.8,GOES-18,1.229e-06,8.290e-04,9.146e-04,,,,320.78857,5.3556643,-602.02026,147.73108,GOES-18_XRS,1,0,
2026-04-27 06:45:00,2026-04-27 06:39:00,2026-04-27 06:50:00,202604270639,1.052e-05,M1.0,GOES-18,1.243e-06,3.240e-03,4.256e-03,316.0,6.0,SVI,315.38278,6.764723,-666.9004,166.048,GOES-18_XRS,1,0,4425
2026-04-27 07:45:00,2026-04-27 07:38:00,2026-04-27 07:51:00,202604270738,5.479e-06,C5.4,GOES-18,1.235e-06,2.376e-03,3.234e-03,24.0,15.0,SVI,23.182459,13.415236,366.4311,289.33707,GOES-18_XRS,1,0,4420
2026-04-27 10:07:00,2026-04-27 10:00:00,2026-04-27 10:11:00,202604271000,1.631e-06,C1.6,GOES-18,9.999e-07,8.667e-04,1.012e-03,20.0,16.0,SVI,15.192988,7.0657663,248.95906,190.10674,GOES-18_XRS,1,0,4420
2026-04-27 18:46:00,2026-04-27 18:37:00,2026-04-27 18:50:00,202604271837,1.781e-06,C1.7,GOES-18,7.108e-07,9.070e-04,1.048e-03,30.0,15.0,HOL,29.498844,13.008697,458.95993,278.53683,GOES-18_XRS,1,0,4420
2026-04-27 21:44:00,2026-04-27 21:40:00,2026-04-27 21:48:00,202604272140,1.083e-06,C1.0,GOES-18,7.905e-07,4.584e-04,5.682e-04,,,,39.723026,12.267401,597.11615,258.96487,GOES-18_XRS,1,0,
2026-04-27 22:54:00,2026-04-27 22:45:00,2026-04-27 22:58:00,202604272245,1.494e-06,C1.4,GOES-18,1.044e-06,1.000e-03,1.145e-03,,,,322.8976,-1.2952545,-576.8207,38.268288,GOES-18_XRS,1,0,
2026-04-27 23:13:00,2026-04-27 23:06:00,2026-04-27 23:16:00,202604272306,5.405e-06,C5.4,GOES-18,9.800e-07,1.849e-03,2.004e-03,33.0,16.0,HOL,32.648647,14.539538,499.45447,300.49844,GOES-18_XRS,1,0,4420
2026-04-28 01:03:00,2026-04-28 00:54:00,2026-04-28 01:10:00,202604280054,2.340e-06,C2.3,GOES-18,1.177e-06,1.354e-03,1.894e-03,,,,334.59647,7.528398,-406.92322,192.05669,GOES-18_XRS,1,0,
2026-04-28 01:32:00,2026-04-28 01:22:00,2026-04-28 01:49:00,202604280122,2.755e-06,C2.7,GOES-18,1.419e-06,1.886e-03,3.906e-03,,,,325.9524,2.2029185,-535.1502,98.632675,GOES-18_XRS,1,0,
2026-04-28 05:06:00,2026-04-28 04:58:00,2026-04-28 05:10:00,202604280458,1.620e-06,C1.6,GOES-18,9.128e-07,8.823e-04,1.033e-03,,,,353.58798,18.441029,-101.377716,372.1455,GOES-18_XRS,1,0,
2026-04-28 08:17:00,2026-04-28 08:09:00,2026-04-28 08:22:00,202604280809,6.079e-06,C6.0,GOES-18,1.533e-06,2.683e-03,3.361e-03,34.0,16.0,LEA,37.071297,13.198405,561.16455,275.43027,GOES-18_XRS,1,0,4420
2026-04-28 09:23:00,2026-04-28 09:13:00,2026-04-28 09:26:00,202604280913,9.086e-06,C9.0,GOES-18,1.694e-06,3.451e-03,3.732e-03,36.0,16.0,SVI,39.271557,14.595738,585.6354,295.84424,GOES-18_XRS,1,0,4420
2026-04-28 09:32:00,2026-04-28 09:28:00,2026-04-28 09:41:00,202604280928,7.131e-06,C7.1,GOES-18,4.496e-06,2.936e-03,5.730e-03,,,,38.577885,13.836983,578.8885,284.35086,GOES-18_XRS,1,0,
2026-04-28 11:18:00,2026-04-28 11:12:00,2026-04-28 11:21:00,202604281112,3.163e-06,C3.1,GOES-18,1.576e-06,1.345e-03,1.464e-03,,,,42.53873,16.429579,619.82916,321.92413,GOES-18_XRS,1,0,
2026-04-28 11:46:00,2026-04-28 11:41:00,2026-04-28 11:48:00,202604281141,9.350e-06,C9.3,GOES-18,1.777e-06,2.396e-03,2.505e-03,38.0,17.0,SVI,37.900124,15.875094,564.8868,316.99344,GOES-18_XRS,1,0,4420
2026-04-28 12:14:00,2026-04-28 12:00:00,,202604281200,7.745e-06,C7.7,GOES-18,1.881e-06,4.295e-03,,,,,39.476673,13.359242,591.35565,275.8752,GOES-18_XRS,1,0,
2026-04-28 12:23:00,2026-04-28 12:17:00,2026-04-28 12:29:00,202604281217,1.027e-05,M1.0,GOES-18,5.154e-06,5.149e-03,7.065e-03,38.0,15.0,SVI,39.58997,13.333922,592.83234,275.37122,GOES-18_XRS,2,0,4420
2026-04-28 13:53:00,2026-04-28 13:49:00,2026-04-28 13:55:00,202604281349,1.575e-05,M1.5,GOES-18,1.760e-06,2.897e-03,3.125e-03,38.0,17.0,SVI,38.867825,16.290955,575.8095,322.64813,GOES-18_XRS,1,0,4420
2026-04-28 14:07:00,2026-04-28 14:03:00,2026-04-28 14:09:00,202604281403,1.105e-05,M1.1,GOES-18,2.643e-06,2.909e-03,3.137e-03,39.0,17.0,SVI,39.209244,16.000599,580.90094,317.8076,GOES-18_XRS,1,0,4420
2026-04-28 14:33:00,2026-04-28 14:30:00,2026-04-28 14:36:00,202604281430,2.672e-06,C2.6,GOES-18,1.933e-06,1.001e-03,1.130e-03,42.0,16.0,HOL,44.74575,15.546057,648.15485,305.9453,GOES-18_XRS,1,0,4420
2026-04-28 15:53:00,2026-04-28 15:49:00,2026-04-28 15:55:00,202604281549,4.211e-06,C4.2,GOES-18,1.167e-06,1.154e-03,1.252e-03,40.0,17.0,SVI,38.057262,14.948912,569.3897,302.05573,GOES-18_XRS,1,0,4420
2026-04-28 16:08:00,2026-04-28 16:01:00,2026-04-28 16:11:00,202604281601,2.734e-06,C2.7,GOES-18,1.601e-06,1.330e-03,1.442e-03,41.0,17.0,SVI,40.381786,14.461356,599.69336,292.4585,GOES-18_XRS,1,0,4420
2026-04-28 18:32:00,2026-04-28 18:10:00,,202604281810,5.275e-06,C5.2,GOES-18,1.333e-06,5.315e-03,,,,,338.8049,7.82944,-342.68433,198.04576,GOES-18_XRS,1,0,
2026-04-28 18:49:00,2026-04-28 18:43:00,2026-04-28 18:53:00,202604281843,8.127e-06,C8.1,GOES-18,4.138e-06,3.836e-03,4.529e-03,339.0,9.0,HOL,347.7118,7.8161635,-201.77443,201.11899,GOES-18_XRS,2,0,4425
2026-04-28 19:53:00,2026-04-28 19:49:00,2026-04-28 19:55:00,202604281949,2.582e-06,C2.5,GOES-18,1.793e-06,1.036e-03,1.140e-03,,,,50.295425,16.288277,705.471,312.2276,GOES-18_XRS,1,0,
2026-04-28 22:05:00,2026-04-28 22:02:00,2026-04-28 22:07:00,202604282202,3.125e-06,C3.1,GOES-18,9.696e-07,7.757e-04,8.525e-04,42.0,17.0,HOL,43.18466,16.09327,628.3923,315.55954,GOES-18_XRS,1,0,4420
2026-04-28 22:47:00,2026-04-28 22:39:00,2026-04-28 23:04:00,202604282239,2.038e-06,C2.0,GOES-18,8.411e-07,1.060e-03,2.607e-03,,,,336.36346,1.4187516,-383.4607,90.87366,GOES-18_XRS,1,0,
2026-04-29 00:07:00,2026-04-29 00:00:00,2026-04-29 00:16:00,202604290000,1.738e-06,C1.7,GOES-18,1.035e-06,9.204e-04,1.543e-03,,,,347.71707,6.217022,-202.37692,174.58594,GOES-18_XRS,1,0,
2026-04-29 00:43:00,2026-04-29 00:37:00,2026-04-29 00:49:00,202604290037,2.406e-06,C2.4,GOES-18,9.315e-07,1.072e-03,1.453e-03,,,,43.139088,15.177491,630.67114,301.03897,GOES-18_XRS,1,0,
2026-04-29 01:08:00,2026-04-29 01:00:00,2026-04-29 01:12:00,202604290100,2.120e-06,C2.1,GOES-18,1.049e-06,1.124e-03,1.298e-03,,,,356.38995,3.668663,-60.136723,134.06439,GOES-18_XRS,1,0,
2026-04-29 03:54:00,2026-04-29 03:44:00,2026-04-29 04:05:00,202604290344,3.085e-06,C3.0,GOES-18,1.064e-06,1.527e-03,2.733e-03,,,,23.1133,9.685188,370.15094,226.7134,GOES-18_XRS,1,0,
2026-04-29 04:45:00,2026-04-29 04:39:00,2026-04-29 04:50:00,202604290439,5.141e-06,C5.1,GOES-18,1.100e-06,1.864e-03,2.401e-03,47.0,17.0,SVI,47.32674,17.013128,671.6835,325.9883,GOES-18_XRS,1,0,4420
2026-04-29 06:14:00,2026-04-29 06:05:00,2026-04-29 06:23:00,202604290605,1.826e-06,C1.8,GOES-18,8.927e-07,1.054e-03,1.639e-03,47.0,16.0,SVI,39.355133,10.5887,595.8346,230.52634,GOES-18_XRS,1,0,4420
2026-04-29 06:52:00,2026-04-29 06:45:00,,202604290645,1.458e-06,C1.4,GOES-18,1.069e-06,8.738e-04,,,,,343.55914,-1.3993052,-270.72903,46.598446,GOES-18_XRS,1,0,
2026-04-29 07:04:00,2026-04-29 06:59:00,2026-04-29 07:06:00,202604290659,1.347e-06,C1.3,GOES-18,1.295e-06,7.070e-04,7.815e-04,,,,25.56663,23.95254,377.07996,447.06638,GOES-18_XRS,2,0,
2026-04-29 07:28:00,2026-04-29 07:20:00,2026-04-29 07:35:00,202604290720,2.110e-06,C2.1,GOES-18,1.058e-06,1.166e-03,1.653e-03,,,,46.544315,11.6942625,679.20123,242.10672,GOES-18_XRS,1,0,
2026-04-29 11:34:00,2026-04-29 11:18:00,2026-04-29 11:44:00,202604291118,2.262e-06,C2.2,GOES-18,1.103e-06,2.028e-03,2.889e-03,,,,14.135218,-1.4983426,233.59076,45.40883,GOES-18_XRS,1,0,
2026-04-29 12:02:00,2026-04-29 11:55:00,2026-04-29 12:08:00,202604291155,2.056e-06,C2.0,GOES-18,1.275e-06,1.142e-03,1.537e-03,47.0,16.0,SVI,62.419415,14.861795,817.6696,276.47794,GOES-18_XRS,1,0,4420
2026-04-29 14:13:00,2026-04-29 14:03:00,2026-04-29 14:19:00,202604291403,1.997e-06,C1.9,GOES-18,9.534e-07,1.225e-03,1.571e-03,342.0,6.0,SVI,2.2737932,8.744133,37.520893,216.54141,GOES-18_XRS,1,0,4425
2026-04-29 15:09:00,2026-04-29 15:05:00,2026-04-29 15:15:00,202604291505,2.187e-06,C2.1,GOES-18,8.366e-07,7.323e-04,1.099e-03,53.0,17.0,SVI,50.097668,14.200731,710.35913,278.5556,GOES-18_XRS,1,0,4420
2026-04-29 15:51:00,2026-04-29 15:44:00,2026-04-29 16:01:00,202604291544,1.532e-06,C1.5,GOES-18,1.094e-06,8.848e-04,1.528e-03,,,,357.8879,-16.898901,-33.74063,-208.22298,GOES-18_XRS,1,0,
2026-04-29 16:16:00,2026-04-29 16:08:00,2026-04-29 16:22:00,202604291608,1.667e-06,C1.6,GOES-18,1.211e-06,1.065e-03,1.413e-03,,,,12.529647,23.315197,190.5285,442.1638,GOES-18_XRS,1,0,
2026-04-29 19:36:00,2026-04-29 19:30:00,2026-04-29 19:42:00,202604291930,2.089e-06,C2.0,GOES-18,1.224e-06,1.027e-03,1.424e-03,,,,346.1688,8.875867,-225.9612,216.27617,GOES-18_XRS,1,0,
2026-04-30 00:21:00,2026-04-30 00:16:00,2026-04-30 00:23:00,202604300016,1.551e-06,C1.5,GOES-18,9.190e-07,6.582e-04,7.302e-04,,,,63.84928,18.126923,813.98505,325.97586,GOES-18_XRS,1,0,
2026-04-30 00:31:00,2026-04-30 00:24:00,2026-04-30 00:41:00,202604300024,5.155e-06,C5.1,GOES-18,1.251e-06,2.066e-03,3.864e-03,,,,21.880445,15.866959,342.79535,324.66678,GOES-18_XRS,1,0,
2026-04-30 01:52:00,2026-04-30 01:33:00,,202604300133,1.910e-06,C1.9,GOES-18,9.072e-07,1.945e-03,,,,,31.862267,3.9741993,503.5026,126.69854,GOES-18_XRS,1,0,
2026-04-30 02:19:00,2026-04-30 02:08:00,2026-04-30 02:26:00,202604300208,1.575e-06,C1.5,GOES-18,1.479e-06,1.376e-03,1.836e-03,,,,40.958492,5.5482364,623.52747,145.86868,GOES-18_XRS,2,0,
2026-04-30 09:03:00,2026-04-30 08:46:00,,202604300846,3.514e-06,C3.5,GOES-18,1.378e-06,2.937e-03,,,,,59.018066,16.595154,784.16425,306.82138,GOES-18_XRS,1,0,
2026-04-30 09:17:00,2026-04-30 09:11:00,2026-04-30 09:21:00,202604300911,3.307e-06,C3.3,GOES-18,3.250e-06,1.969e-03,2.359e-03,,,,58.439396,17.060293,777.4791,314.71765,GOES-18_XRS,2,0,
2026-04-30 09:40:00,2026-04-30 09:35:00,2026-04-30 09:45:00,202604300935,3.768e-06,C3.7,GOES-18,2.784e-06,1.807e-03,2.376e-03,,,,,,-1174.2919,-257.5313,GOES-18_XRS,1,0,
2026-04-30 22:50:00,2026-04-30 22:45:00,2026-04-30 22:55:00,202604302245,1.881e-06,C1.8,GOES-18,8.769e-07,7.712e-04,1.012e-03,,,,51.442127,13.268937,726.6968,261.02283,GOES-18_XRS,1,0,
2026-05-01 02:52:00,2026-05-01 02:46:00,2026-05-01 02:57:00,202605010246,1.498e-06,C1.4,GOES-18,1.065e-06,7.774e-04,9.971e-04,,,,31.397215,13.463757,484.22693,279.86484,GOES-18_XRS,1,0,
2026-05-01 04:19:00,2026-05-01 04:12:00,2026-05-01 04:22:00,202605010412,1.855e-06,C1.8,GOES-18,9.103e-07,8.479e-04,9.190e-04,,,,,,941.43335,234.42778,GOES-18_XRS,1,0,
2026-05-01 06:59:00,2026-05-01 06:54:00,2026-05-01 07:07:00,202605010654,1.434e-06,C1.4,GOES-18,8.955e-07,6.037e-04,1.051e-03,,,,314.81503,-9.352964,-668.61945,-106.51863,GOES-18_XRS,1,0,
2026-05-01 08:50:00,2026-05-01 08:47:00,2026-05-01 08:53:00,202605010847,1.464e-06,C1.4,GOES-18,8.939e-07,4.859e-04,5.436e-04,,,,302.19687,-10.380844,-794.4665,-135.21947,GOES-18_XRS,1,0,
2026-05-01 09:33:00,2026-05-01 09:29:00,2026-05-01 09:40:00,202605010929,1.903e-06,C1.9,GOES-18,1.015e-06,7.531e-04,1.218e-03,,,,,,950.04114,299.04575,GOES-18_XRS,1,0,
2026-05-01 14:14:00,2026-05-01 14:10:00,2026-05-01 14:16:00,202605011410,1.700e-06,C1.7,GOES-18,8.804e-07,5.979e-04,6.596e-04,,,,76.65287,12.007664,906.94214,213.27486,GOES-18_XRS,1,0,
2026-05-01 15:29:00,2026-05-01 15:24:00,2026-05-01 15:33:00,202605011524,7.484e-06,C7.4,GOES-18,9.684e-07,2.117e-03,2.415e-03,73.0,15.0,SVI,69.605415,14.386435,865.6469,259.47913,GOES-18_XRS,1,0,4420
2026-05-01 23:15:00,2026-05-01 23:10:00,2026-05-01 23:20:00,202605012310,1.365e-06,C1.3,GOES-18,9.386e-07,6.424e-04,8.500e-04,,,,322.6132,-9.008922,-572.99255,-95.59519,GOES-18_XRS,1,0,
2026-05-01 23:29:00,2026-05-01 23:21:00,2026-05-01 23:35:00,202605012321,2.850e-06,C2.8,GOES-18,1.147e-06,1.393e-03,1.876e-03,,,,25.19432,-23.2881,373.70224,-320.07922,GOES-18_XRS,1,0,
2026-05-02 02:45:00,2026-05-02 02:30:00,2026-05-02 02:55:00,202605020230,2.589e-06,C2.5,GOES-18,1.087e-06,2.139e-03,3.102e-03,,,,338.68964,-7.200984,-344.70114,-56.55213,GOES-18_XRS,1,0,
2026-05-02 05:48:00,2026-05-02 05:37:00,2026-05-02 05:52:00,202605020537,2.424e-06,C2.4,GOES-18,1.141e-06,1.501e-03,1.691e-03,,,,56.15552,5.853968,788.4583,134.65121,GOES-18_XRS,1,0,
2026-05-02 06:25:00,2026-05-02 06:16:00,2026-05-02 06:33:00,202605020616,1.904e-06,C1.9,GOES-18,1.030e-06,1.144e-03,1.697e-03,,,,57.955112,14.5242605,782.85114,273.46014,GOES-18_XRS,1,0,
2026-05-02 08:10:00,2026-05-02 07:56:00,2026-05-02 08:20:00,202605020756,1.835e-06,C1.8,GOES-18,1.111e-06,1.663e-03,2.408e-03,,,,330.1098,-12.338753,-465.24478,-146.33507,GOES-18_XRS,1,0,
2026-05-02 09:25:00,2026-05-02 09:22:00,2026-05-02 09:28:00,202605020922,2.283e-06,C2.2,GOES-18,1.078e-06,7.593e-04,8.448e-04,,,,50.923862,11.92805,724.9897,238.45407,GOES-18_XRS,1,0,
2026-05-02 10:28:00,2026-05-02 10:20:00,2026-05-02 10:36:00,202605021020,2.021e-06,C2.0,GOES-18,1.024e-06,1.138e-03,1.716e-03,344.0,-4.0,SVI,343.257,-7.744542,-272.9114,-64.3691,GOES-18_XRS,1,0,4429
2026-05-02 11:04:00,2026-05-02 10:44:00,2026-05-02 11:26:00,202605021044,4.048e-06,C4.0,GOES-18,1.330e-06,4.053e-03,7.971e-03,,,,80.38449,13.123027,914.5752,226.66138,GOES-18_XRS,1,0,
2026-05-02 11:51:00,2026-05-02 11:44:00,,202605021144,3.188e-06,C3.1,GOES-18,1.890e-06,1.736e-03,,30.0,-22.0,SVI,28.771059,-26.761286,410.59854,-376.32938,GOES-18_XRS,1,0,4428
2026-05-02 12:03:00,2026-05-02 11:55:00,,202605021155,3.571e-06,C3.5,GOES-18,2.948e-06,2.412e-03,,,,,31.629137,-20.269978,470.02814,-276.31418,GOES-18_XRS,2,0,
2026-05-02 14:04:00,2026-05-02 13:56:00,2026-05-02 14:10:00,202605021356,2.434e-06,C2.4,GOES-18,1.428e-06,1.465e-03,1.942e-03,346.0,-5.0,SVI,334.34857,-10.615357,-406.66675,-115.9774,GOES-18_XRS,1,0,4429
2026-05-02 15:21:00,2026-05-02 15:11:00,,202605021511,3.533e-06,C3.5,GOES-18,1.568e-06,2.036e-03,,32.0,-21.0,SVI,28.621471,-21.7794,425.0338,-298.85358,GOES-18_XRS,1,0,4428
2026-05-02 15:35:00,2026-05-02 15:31:00,2026-05-02 15:40:00,202605021531,4.263e-06,C4.2,GOES-18,2.732e-06,1.758e-03,2.359e-03,57.0,19.0,SVI,44.254345,2.7389297,665.62946,93.56621,GOES-18_XRS,2,0,4424
2026-05-02 18:38:00,2026-05-02 18:30:00,2026-05-02 18:42:00,202605021830,8.746e-06,C8.7,GOES-18,1.319e-06,2.760e-03,3.244e-03,,,,78.797516,13.656721,907.9535,236.94565,GOES-18_XRS,1,0,
2026-05-02 20:25:00,2026-05-02 20:17:00,2026-05-02 20:30:00,202605022017,2.286e-06,C2.2,GOES-18,1.499e-06,1.342e-03,1.679e-03,,,,358.22626,-11.654112,-28.984701,-127.175186,GOES-18_XRS,1,0,
2026-05-03 02:27:00,2026-05-03 02:20:00,2026-05-03 02:33:00,202605030220,1.529e-06,C1.5,GOES-18,9.270e-07,8.350e-04,1.136e-03,,,,71.59313,13.957245,877.5066,249.59686,GOES-18_XRS,1,0,
2026-05-03 03:41:00,2026-05-03 03:33:00,2026-05-03 03:47:00,202605030333,1.688e-06,C1.6,GOES-18,8.168e-07,8.754e-04,1.173e-03,,,,352.96542,-4.56127,-116.71601,-10.174038,GOES-18_XRS,1,0,
2026-05-03 07:08:00,2026-05-03 06:56:00,2026-05-03 07:15:00,202605030656,3.665e-06,C3.6,GOES-18,1.045e-06,2.389e-03,3.130e-03,,,,62.05756,13.652783,818.59705,254.57399,GOES-18_XRS,1,0,
2026-05-04 01:33:00,2026-05-04 01:13:00,2026-05-04 01:44:00,202605040113,1.888e-05,M1.8,GOES-18,8.666e-07,8.213e-03,1.434e-02,,,,78.56151,15.687142,898.539,269.1969,GOES-18_XRS,1,0,
2026-05-04 10:51:00,2026-05-04 10:39:00,2026-05-04 11:03:00,202605041039,1.198e-06,C1.1,GOES-18,7.830e-07,1.015e-03,1.642e-03,,,,19.330688,-1.2413784,316.22437,39.832462,GOES-18_XRS,1,0,
2026-05-04 11:39:00,2026-05-04 11:33:00,2026-05-04 11:42:00,202605041133,1.569e-06,C1.5,GOES-18,9.961e-07,7.209e-04,7.914e-04,,,,57.79266,1.2104827,806.7634,54.170403,GOES-18_XRS,1,0,
2026-05-04 22:06:00,2026-05-04 22:00:00,2026-05-04 22:14:00,202605042200,1.565e-06,C1.5,GOES-19,1.074e-06,8.349e-04,1.326e-03,,,,,,-900.77686,377.25797,GOES-19_XRS,1,0,
2026-05-05 04:24:00,2026-05-05 04:19:00,2026-05-05 04:30:00,202605050419,1.220e-06,C1.2,GOES-18,8.357e-07,5.770e-04,8.219e-04,,,,332.08774,-18.408195,-424.1678,-248.2497,GOES-18_XRS,1,0,
2026-05-05 05:12:00,2026-05-05 05:04:00,2026-05-05 05:20:00,202605050504,1.335e-06,C1.3,GOES-18,8.708e-07,7.716e-04,1.176e-03,,,,344.6643,17.359386,-241.10696,342.13998,GOES-18_XRS,1,0,
2026-05-05 05:27:00,2026-05-05 05:21:00,,202605050521,6.022e-06,C6.0,GOES-18,1.067e-06,1.942e-03,,,,,,,956.27563,276.3946,GOES-18_XRS,1,0,
2026-05-05 05:46:00,2026-05-05 05:37:00,2026-05-05 05:52:00,202605050537,3.924e-06,C3.9,GOES-18,3.721e-06,3.010e-03,3.926e-03,,,,,,1035.4795,274.9945,GOES-18_XRS,2,0,
2026-05-05 08:27:00,2026-05-05 08:18:00,,202605050818,1.182e-06,C1.1,GOES-19,8.240e-07,8.039e-04,,,,,75.26039,16.415539,883.2765,283.7117,GOES-19_XRS,1,0,
2026-05-05 08:38:00,2026-05-05 08:30:00,2026-05-05 08:42:00,202605050830,1.969e-06,C1.9,GOES-18,1.165e-06,1.153e-03,1.322e-03,,,,37.1615,-8.040304,571.0094,-83.93621,GOES-18_XRS,1,0,
2026-05-05 14:12:00,2026-05-05 14:09:00,2026-05-05 14:15:00,202605051409,1.894e-06,C1.8,GOES-18,1.046e-06,6.402e-04,7.154e-04,,,,80.03179,1.5941508,937.1173,37.13406,GOES-18_XRS,1,0,
2026-05-05 15:09:00,2026-05-05 14:59:00,2026-05-05 15:12:00,202605051459,1.269e-06,C1.2,GOES-18,8.658e-07,8.991e-04,9.590e-04,,,,345.75766,-10.321963,-231.23236,-111.6424,GOES-18_XRS,1,0,
2026-05-06 04:46:00,2026-05-06 04:33:00,2026-05-06 04:57:00,202605060433,1.046e-06,C1.0,GOES-18,6.260e-07,8.928e-04,1.368e-03,,,,321.00815,-54.89201,-344.91843,-750.9166,GOES-18_XRS,1,0,
2026-05-06 17:24:00,2026-05-06 17:19:00,2026-05-06 17:29:00,202605061719,1.499e-06,C1.4,GOES-18,7.774e-07,6.412e-04,8.443e-04,44.0,-4.0,HOL,40.967827,-5.5742097,622.6259,-47.364643,GOES-18_XRS,1,0,4429
2026-05-07 02:15:00,2026-05-07 01:28:00,2026-05-07 03:08:00,202605070128,4.517e-06,C4.5,GOES-18,1.517e-06,1.068e-02,2.236e-02,,,,275.9527,15.945106,-909.58704,266.68295,GOES-18_XRS,1,0,
2026-05-07 10:45:00,2026-05-07 10:35:00,2026-05-07 10:53:00,202605071035,2.353e-06,C2.3,GOES-18,7.141e-07,1.160e-03,1.752e-03,,,,24.025146,-20.302643,364.48074,-280.20172,GOES-18_XRS,1,0,
2026-05-07 12:59:00,2026-05-07 12:53:00,2026-05-07 13:03:00,202605071253,1.577e-06,C1.5,GOES-18,8.350e-07,7.217e-04,8.513e-04,339.0,-18.0,SVI,342.6085,-13.814264,-277.13086,-173.19733,GOES-18_XRS,1,0,4433
2026-05-07 15:14:00,2026-05-07 14:20:00,2026-05-07 15:40:00,202605071420,2.610e-05,M2.6,GOES-18,1.566e-06,5.270e-02,8.077e-02,,,,275.75006,20.528162,-886.0768,338.3027,GOES-18_XRS,1,0,
2026-05-07 17:57:00,2026-05-07 17:45:00,2026-05-07 18:13:00,202605071745,6.048e-06,C6.0,GOES-18,2.419e-06,4.585e-03,8.707e-03,341.0,-17.0,HOL,340.4316,-19.640902,-301.12112,-268.5513,GOES-18_XRS,1,0,4433
2026-05-08 01:54:00,2026-05-08 01:49:00,2026-05-08 01:56:00,202605080149,1.024e-06,C1.0,GOES-18,6.172e-07,4.044e-04,4.434e-04,,,,,,-1630.2906,60.67809,GOES-18_XRS,1,0,
2026-05-08 04:03:00,2026-05-08 03:58:00,2026-05-08 04:05:00,202605080358,1.172e-06,C1.1,GOES-18,5.824e-07,4.176e-04,4.523e-04,,,,,,-1801.1619,186.45576,GOES-18_XRS,1,0,
2026-05-08 11:20:00,2026-05-08 11:13:00,2026-05-08 11:22:00,202605081113,1.079e-06,C1.0,GOES-18,5.510e-07,4.937e-04,5.331e-04,,,,340.9758,-2.573473,-310.85394,11.026037,GOES-18_XRS,1,0,
2026-05-08 15:51:00,2026-05-08 15:41:00,2026-05-08 16:01:00,202605081541,4.218e-06,C4.2,GOES-18,7.044e-07,2.180e-03,3.569e-03,23.0,12.0,HOL,21.919142,9.974853,350.87592,216.75809,GOES-18_XRS,1,0,4432
2026-05-08 17:04:00,2026-05-08 16:56:00,2026-05-08 17:11:00,202605081656,9.016e-07,B9.0,GOES-18,6.415e-07,5.583e-04,7.973e-04,,,,,,,,,1,0,
2026-05-08 17:16:00,2026-05-08 17:13:00,2026-05-08 17:21:00,202605081713,1.028e-06,C1.0,GOES-19,7.842e-07,3.933e-04,5.552e-04,,,,32.907845,17.545189,494.09106,332.248,GOES-19_XRS,2,0,
2026-05-08 18:02:00,2026-05-08 17:56:00,2026-05-08 18:09:00,202605081756,1.489e-06,C1.4,GOES-18,8.508e-07,7.033e-04,1.065e-03,,,,19.528543,10.66056,313.52493,228.54224,GOES-18_XRS,1,0,
2026-05-08 18:25:00,2026-05-08 18:20:00,2026-05-08 18:27:00,202605081820,1.162e-06,C1.1,GOES-18,8.452e-07,5.322e-04,5.796e-04,,,,31.215055,11.653759,484.21744,239.61743,GOES-18_XRS,1,0,
2026-05-08 19:07:00,2026-05-08 19:01:00,2026-05-08 19:09:00,202605081901,2.152e-06,C2.1,GOES-18,7.324e-07,6.758e-04,7.278e-04,,,,23.155474,10.661578,368.77255,227.18187,GOES-18_XRS,1,0,
2026-05-08 19:21:00,2026-05-08 19:16:00,2026-05-08 19:37:00,202605081916,1.263e-06,C1.2,GOES-18,7.096e-07,5.207e-04,1.405e-03,27.0,11.0,HOL,20.673378,8.02963,333.63602,185.3016,GOES-18_XRS,1,0,4432
2026-05-08 20:21:00,2026-05-08 20:05:00,2026-05-08 20:35:00,202605082005,2.679e-06,C2.6,GOES-18,6.723e-07,1.947e-03,3.364e-03,27.0,12.0,HOL,21.23913,5.7625275,343.99448,147.8631,GOES-18_XRS,1,0,4432
2026-05-08 22:07:00,2026-05-08 22:00:00,2026-05-08 22:10:00,202605082200,1.039e-06,C1.0,GOES-18,7.121e-07,5.640e-04,6.134e-04,28.0,12.0,HOL,10.020186,-9.074818,164.0251,-95.68534,GOES-18_XRS,1,0,4432
2026-05-08 23:28:00,2026-05-08 23:19:00,2026-05-08 23:39:00,202605082319,2.499e-06,C2.4,GOES-18,7.051e-07,1.267e-03,2.289e-03,31.0,11.0,HOL,26.127058,7.9638596,416.13794,181.80699,GOES-18_XRS,1,0,4432
2026-05-09 00:21:00,2026-05-09 00:11:00,2026-05-09 00:30:00,202605090011,1.328e-06,C1.3,GOES-18,6.417e-07,7.537e-04,1.163e-03,30.0,12.0,HOL,3.7045527,-2.1157982,61.642986,20.668413,GOES-18_XRS,1,0,4432
2026-05-09 01:49:00,2026-05-09 01:41:00,2026-05-09 01:56:00,202605090141,1.050e-06,C1.0,GOES-19,7.611e-07,6.614e-04,9.374e-04,,,,31.06177,13.228607,479.11652,264.4874,GOES-19_XRS,1,0,
2026-05-09 02:28:00,2026-05-09 02:18:00,2026-05-09 02:38:00,202605090218,2.176e-06,C2.1,GOES-18,7.988e-07,1.343e-03,2.128e-03,,,,31.034962,10.782257,483.1315,225.12794,GOES-18_XRS,1,0,
2026-05-09 03:31:00,2026-05-09 03:21:00,2026-05-09 03:39:00,202605090321,2.361e-06,C2.3,GOES-18,8.757e-07,1.198e-03,1.793e-03,,,,32.730385,13.419441,501.63455,266.57437,GOES-18_XRS,1,0,
2026-05-09 05:21:00,2026-05-09 05:14:00,2026-05-09 05:26:00,202605090514,1.501e-06,C1.5,GOES-18,1.052e-06,8.659e-04,1.093e-03,,,,35.9054,13.485023,543.8555,265.78018,GOES-18_XRS,1,0,
2026-05-09 06:33:00,2026-05-09 06:22:00,2026-05-09 06:42:00,202605090622,1.518e-06,C1.5,GOES-18,8.135e-07,1.136e-03,1.648e-03,33.0,14.0,SVI,36.613136,8.182615,563.0073,179.59332,GOES-18_XRS,1,0,4432
2026-05-09 08:02:00,2026-05-09 07:53:00,2026-05-09 08:06:00,202605090753,1.675e-06,C1.6,GOES-18,7.695e-07,8.693e-04,1.008e-03,34.0,13.0,SVI,32.910633,10.866295,508.94244,225.16614,GOES-18_XRS,1,0,4432
2026-05-09 09:24:00,2026-05-09 09:19:00,2026-05-09 09:26:00,202605090919,1.219e-06,C1.2,GOES-18,7.873e-07,5.267e-04,5.815e-04,,,,22.53074,1.4726242,365.53806,75.54977,GOES-18_XRS,1,0,
2026-05-09 13:19:00,2026-05-09 13:15:00,2026-05-09 13:24:00,202605091315,1.366e-06,C1.3,GOES-18,9.286e-07,5.574e-04,7.604e-04,37.0,14.0,SVI,33.46926,12.416387,513.6602,249.5091,GOES-18_XRS,1,0,4432
2026-05-09 14:17:00,2026-05-09 13:59:00,,202605091359,1.577e-06,C1.5,GOES-18,8.524e-07,1.671e-03,,,,,31.02322,10.215732,483.80133,215.19843,GOES-18_XRS,1,0,
2026-05-09 14:31:00,2026-05-09 14:22:00,2026-05-09 14:38:00,202605091422,1.591e-06,C1.5,GOES-18,1.352e-06,1.127e-03,1.584e-03,,,,26.775013,9.869408,423.40475,211.53842,GOES-18_XRS,2,0,
2026-05-09 15:26:00,2026-05-09 15:16:00,2026-05-09 15:35:00,202605091516,1.524e-06,C1.5,GOES-18,8.773e-07,1.011e-03,1.568e-03,38.0,14.0,SVI,33.66139,9.477924,521.4218,201.7935,GOES-18_XRS,1,0,4432
2026-05-09 16:25:00,2026-05-09 16:20:00,2026-05-09 16:27:00,202605091620,1.115e-06,C1.1,GOES-18,7.965e-07,5.143e-04,5.666e-04,,,,41.648724,14.517949,613.2792,278.1565,GOES-18_XRS,1,0,
2026-05-09 18:55:00,2026-05-09 18:48:00,,202605091848,1.288e-06,C1.2,GOES-18,8.164e-07,6.877e-04,,39.0,11.0,HOL,34.950245,-4.9217467,544.3516,-37.139606,GOES-18_XRS,1,0,4432
2026-05-09 19:20:00,2026-05-09 19:12:00,2026-05-09 19:30:00,202605091912,1.211e-06,C1.2,GOES-18,1.108e-06,8.455e-04,1.408e-03,,,,44.01935,-2.050664,662.0215,5.110012,GOES-18_XRS,2,0,
2026-05-09 20:29:00,2026-05-09 20:21:00,2026-05-09 20:32:00,202605092021,1.277e-06,C1.2,GOES-18,8.862e-07,7.753e-04,8.371e-04,,,,50.96082,2.3335333,739.496,72.96291,GOES-18_XRS,1,0,
2026-05-09 21:46:00,2026-05-09 21:37:00,,202605092137,2.073e-06,C2.0,GOES-18,1.334e-06,1.338e-03,,,,,40.486492,13.11965,602.79443,256.2668,GOES-18_XRS,1,0,
2026-05-09 22:03:00,2026-05-09 21:57:00,2026-05-09 22:09:00,202605092157,2.138e-06,C2.1,GOES-18,1.787e-06,1.196e-03,1.672e-03,,,,41.86201,12.835462,620.23706,250.84314,GOES-18_XRS,2,0,
2026-05-10 02:33:00,2026-05-10 02:27:00,,202605100227,1.633e-06,C1.6,GOES-18,9.988e-07,7.902e-04,,,,,25.830177,12.738463,405.37506,257.3885,GOES-18_XRS,1,0,
2026-05-10 02:40:00,2026-05-10 02:36:00,2026-05-10 02:42:00,202605100236,2.103e-06,C2.1,GOES-18,1.384e-06,7.778e-04,8.560e-04,,,,30.596321,12.955743,473.0588,258.74542,GOES-18_XRS,2,0,
2026-05-10 04:03:00,2026-05-10 03:56:00,2026-05-10 04:08:00,202605100356,1.416e-06,C1.4,GOES-18,9.904e-07,8.099e-04,1.023e-03,,,,45.69544,7.0689163,676.8616,154.41104,GOES-18_XRS,1,0,
2026-05-10 05:04:00,2026-05-10 04:59:00,2026-05-10 05:10:00,202605100459,2.074e-06,C2.0,GOES-18,7.706e-07,8.048e-04,1.151e-03,47.0,16.0,LEA,42.36364,13.814936,623.67236,265.802,GOES-18_XRS,1,0,4432
2026-05-10 06:40:00,2026-05-10 06:32:00,2026-05-10 06:46:00,202605100632,1.463e-06,C1.4,GOES-18,6.722e-07,7.682e-04,1.017e-03,,,,294.92755,16.502495,-827.51276,291.5575,GOES-18_XRS,1,0,
2026-05-10 07:34:00,2026-05-10 07:28:00,2026-05-10 07:38:00,202605100728,2.084e-06,C2.0,GOES-18,8.412e-07,9.269e-04,1.092e-03,,,,47.87956,12.952607,688.76587,248.23509,GOES-18_XRS,1,0,
2026-05-10 09:24:00,2026-05-10 09:15:00,2026-05-10 09:28:00,202605100915,1.971e-06,C1.9,GOES-18,7.593e-07,9.725e-04,1.112e-03,,,,47.344753,8.629007,692.8736,178.52766,GOES-18_XRS,1,0,
2026-05-10 09:39:00,2026-05-10 09:32:00,2026-05-10 09:42:00,202605100932,3.764e-06,C3.7,GOES-18,7.981e-07,1.445e-03,1.557e-03,,,,46.608044,14.842159,669.3053,279.15088,GOES-18_XRS,1,0,
2026-05-10 10:43:00,2026-05-10 10:36:00,2026-05-10 10:47:00,202605101036,1.180e-06,C1.1,GOES-18,6.815e-07,6.144e-04,7.190e-04,48.0,14.0,SVI,57.39694,18.34892,761.334,326.51486,GOES-18_XRS,1,0,4432
2026-05-10 13:39:00,2026-05-10 13:19:00,2026-05-10 14:02:00,202605101319,5.787e-05,M5.7,GOES-18,1.158e-06,3.545e-02,8.546e-02,298.0,19.0,HOL,296.9881,20.440695,-794.6942,354.41452,GOES-18_XRS,1,0,4436
2026-05-10 19:34:00,2026-05-10 19:27:00,2026-05-10 19:43:00,202605101927,1.224e-06,C1.2,GOES-18,8.636e-07,6.948e-04,1.149e-03,,,,53.792023,15.353694,740.9965,281.74124,GOES-18_XRS,1,0,
2026-05-10 21:09:00,2026-05-10 20:58:00,2026-05-10 21:20:00,202605102058,1.325e-06,C1.3,GOES-18,8.130e-07,9.933e-04,1.604e-03,,,,45.070576,1.5547696,674.4412,62.90033,GOES-18_XRS,1,0,
2026-05-10 23:18:00,2026-05-10 23:11:00,2026-05-10 23:23:00,202605102311,1.406e-06,C1.4,GOES-18,7.410e-07,6.697e-04,8.562e-04,,,,60.47255,11.568672,811.4738,215.86995,GOES-18_XRS,1,0,
2026-05-11 00:52:00,2026-05-11 00:45:00,2026-05-11 00:58:00,202605110045,1.041e-06,C1.0,GOES-18,7.360e-07,5.801e-04,7.921e-04,,,,51.642593,16.058277,717.6926,294.18976,GOES-18_XRS,1,0,
2026-05-11 06:28:00,2026-05-11 06:21:00,2026-05-11 06:32:00,202605110621,7.131e-07,B7.1,GOES-18,4.974e-07,3.883e-04,4.579e-04,,,,,,,,,1,0,
2026-05-11 08:32:00,2026-05-11 08:21:00,2026-05-11 08:41:00,202605110821,1.480e-06,C1.4,GOES-18,6.879e-07,9.544e-04,1.436e-03,,,,48.95845,11.294268,704.54205,219.53166,GOES-18_XRS,1,0,
2026-05-11 09:57:00,2026-05-11 09:46:00,2026-05-11 10:13:00,202605110946,9.336e-07,B9.3,GOES-18,6.177e-07,7.283e-04,1.440e-03,,,,,,,,,1,0,
2026-05-11 11:54:00,2026-05-11 11:49:00,2026-05-11 11:59:00,202605111149,1.224e-06,C1.2,GOES-18,7.241e-07,5.435e-04,7.188e-04,,,,74.17487,15.59781,881.11395,268.76318,GOES-18_XRS,1,0,
2026-05-11 12:52:00,2026-05-11 12:46:00,,202605111246,9.075e-07,B9.0,GOES-18,6.712e-07,4.878e-04,,,,,,,,,,1,0,
2026-05-11 13:03:00,2026-05-11 12:58:00,2026-05-11 13:05:00,202605111258,8.778e-07,B8.7,GOES-18,8.498e-07,4.611e-04,5.090e-04,,,,,,,,,2,0,
2026-05-11 14:15:00,2026-05-11 14:05:00,2026-05-11 14:17:00,202605111405,1.862e-06,C1.8,GOES-18,7.840e-07,9.266e-04,9.770e-04,72.0,10.0,HOL,55.07584,11.343965,765.42487,215.74164,GOES-18_XRS,1,0,4432
2026-05-12 01:01:00,2026-05-12 00:48:00,2026-05-12 01:32:00,202605120048,1.356e-06,C1.3,GOES-18,7.429e-07,1.149e-03,3.245e-03,,,,76.154884,18.375164,875.88165,310.6472,GOES-18_XRS,1,0,
2026-05-12 06:37:00,2026-05-12 06:27:00,,202605120627,8.874e-07,B8.8,GOES-18,5.432e-07,6.110e-04,,,,,,,,,,1,0,
2026-05-12 06:54:00,2026-05-12 06:44:00,2026-05-12 07:04:00,202605120644,1.050e-06,C1.0,GOES-18,8.145e-07,8.025e-04,1.274e-03,,,,66.63742,16.766842,836.073,292.94427,GOES-18_XRS,2,0,
2026-05-12 09:35:00,2026-05-12 09:26:00,2026-05-12 09:43:00,202605120926,1.124e-06,C1.1,GOES-18,6.002e-07,6.959e-04,1.023e-03,,,,,,994.9913,135.1978,GOES-18_XRS,1,0,
2026-05-12 10:26:00,2026-05-12 10:19:00,,202605121019,1.379e-06,C1.3,GOES-18,6.129e-07,6.983e-04,,,,,54.91027,8.324218,770.77814,165.86545,GOES-18_XRS,1,0,
2026-05-12 10:49:00,2026-05-12 10:38:00,2026-05-12 11:00:00,202605121038,1.456e-06,C1.4,GOES-18,1.137e-06,1.196e-03,1.910e-03,,,,,,972.6085,224.00778,GOES-18_XRS,2,0,
2026-05-12 12:36:00,2026-05-12 12:31:00,2026-05-12 12:39:00,202605121231,9.518e-07,B9.5,GOES-19,6.457e-07,4.052e-04,4.530e-04,,,,,,,,,1,0,
2026-05-12 12:49:00,2026-05-12 12:40:00,2026-05-12 12:52:00,202605121240,2.014e-06,C2.0,GOES-18,8.249e-07,9.466e-04,1.027e-03,327.0,20.0,SVI,3.4883404,16.262691,55.704918,314.1656,GOES-18_XRS,1,0,4436
2026-05-12 14:58:00,2026-05-12 14:53:00,2026-05-12 15:00:00,202605121453,1.345e-06,C1.3,GOES-19,6.605e-07,4.696e-04,5.117e-04,,,,82.70384,14.080453,913.99054,236.86485,GOES-19_XRS,1,0,
2026-05-12 17:17:00,2026-05-12 17:11:00,2026-05-12 17:19:00,202605121711,1.527e-06,C1.5,GOES-18,7.233e-07,6.055e-04,6.538e-04,331.0,20.0,HOL,334.95422,16.480555,-386.96655,312.77213,GOES-18_XRS,1,0,4436
2026-05-12 21:48:00,2026-05-12 21:42:00,2026-05-12 21:51:00,202605122142,1.109e-06,C1.1,GOES-18,7.345e-07,5.243e-04,5.747e-04,48.0,-18.0,HOL,37.44369,-13.22633,563.9723,-180.02075,GOES-18_XRS,1,0,4433
2026-05-12 22:17:00,2026-05-12 22:11:00,2026-05-12 22:23:00,202605122211,1.095e-06,C1.0,GOES-18,7.109e-07,5.294e-04,7.505e-04,330.0,17.0,HOL,336.18323,6.936001,-382.1796,159.28503,GOES-18_XRS,1,0,4436
2026-05-13 01:54:00,2026-05-13 01:43:00,2026-05-13 02:01:00,202605130143,2.146e-06,C2.1,GOES-18,7.436e-07,1.250e-03,1.691e-03,,,,,,936.63135,156.20543,GOES-18_XRS,1,0,
2026-05-13 06:40:00,2026-05-13 06:31:00,2026-05-13 06:45:00,202605130631,2.322e-06,C2.3,GOES-18,1.009e-06,1.254e-03,1.528e-03,,,,340.85434,17.090717,-298.83804,323.2522,GOES-18_XRS,1,0,
2026-05-13 10:36:00,2026-05-13 10:28:00,2026-05-13 10:39:00,202605131028,1.588e-06,C1.5,GOES-18,7.974e-07,7.458e-04,8.059e-04,,,,62.80969,-12.502219,826.14136,-184.39153,GOES-18_XRS,1,0,
2026-05-13 16:54:00,2026-05-13 16:46:00,,202605131646,1.080e-06,C1.0,GOES-18,4.911e-07,5.526e-04,,,,,40.00504,12.132967,598.65234,235.37346,GOES-18_XRS,1,0,
2026-05-13 17:14:00,2026-05-13 17:06:00,2026-05-13 17:19:00,202605131706,2.096e-06,C2.0,GOES-18,8.564e-07,1.052e-03,1.318e-03,337.0,14.0,HOL,337.08243,12.611752,-362.2164,250.38107,GOES-18_XRS,2,0,4436
2026-05-13 18:05:00,2026-05-13 18:00:00,2026-05-13 18:10:00,202605131800,1.412e-06,C1.4,GOES-18,9.519e-07,6.585e-04,8.604e-04,,,,,,1047.9446,274.91812,GOES-18_XRS,1,0,
2026-05-13 19:48:00,2026-05-13 19:35:00,2026-05-13 19:59:00,202605131935,1.452e-06,C1.4,GOES-18,6.766e-07,1.130e-03,1.746e-03,,,,,,942.07074,252.72392,GOES-18_XRS,1,0,
2026-05-14 02:12:00,2026-05-14 02:05:00,2026-05-14 02:15:00,202605140205,1.611e-06,C1.6,GOES-18,7.526e-07,6.859e-04,7.453e-04,,,,,,951.4431,240.69847,GOES-18_XRS,1,0,
2026-05-14 03:41:00,2026-05-14 03:27:00,2026-05-14 03:49:00,202605140327,2.675e-06,C2.6,GOES-18,6.382e-07,2.013e-03,2.659e-03,,,,55.43149,18.79614,741.70233,331.12616,GOES-18_XRS,1,0,
2026-05-14 05:37:00,2026-05-14 05:20:00,2026-05-14 05:48:00,202605140520,1.985e-06,C1.9,GOES-18,6.199e-07,1.703e-03,2.469e-03,56.0,21.0,SVI,56.14964,17.808012,752.2949,315.15872,GOES-18_XRS,1,0,4435
2026-05-14 06:04:00,2026-05-14 05:56:00,2026-05-14 06:08:00,202605140556,1.611e-06,C1.6,GOES-18,1.092e-06,9.761e-04,1.133e-03,,,,48.188316,14.431851,687.12964,266.82773,GOES-18_XRS,1,0,
2026-05-14 06:42:00,2026-05-14 06:31:00,2026-05-14 06:49:00,202605140631,5.547e-06,C5.5,GOES-18,9.910e-07,2.376e-03,3.435e-03,57.0,21.0,SVI,56.49602,21.080498,740.1814,365.55032,GOES-18_XRS,1,0,4435
2026-05-14 08:55:00,2026-05-14 08:48:00,2026-05-14 08:58:00,202605140848,1.265e-06,C1.2,GOES-18,8.664e-07,7.061e-04,7.650e-04,59.0,22.0,SVI,48.70454,17.073166,683.618,308.1571,GOES-18_XRS,1,0,4435
2026-05-14 09:20:00,2026-05-14 09:13:00,2026-05-14 09:32:00,202605140913,2.518e-06,C2.5,GOES-18,7.551e-07,1.188e-03,2.220e-03,,,,56.122738,18.243101,750.17206,321.81592,GOES-18_XRS,1,0,
2026-05-14 10:42:00,2026-05-14 10:33:00,,202605141033,1.503e-06,C1.5,GOES-18,1.007e-06,9.790e-04,,,,,40.803036,17.572216,593.20465,320.27032,GOES-18_XRS,1,0,
2026-05-14 10:56:00,2026-05-14 10:46:00,2026-05-14 11:06:00,202605141046,2.584e-06,C2.5,GOES-18,1.332e-06,1.627e-03,2.625e-03,60.0,22.0,SVI,53.90342,17.985407,731.2747,319.15024,GOES-18_XRS,2,0,4435
2026-05-14 11:36:00,2026-05-14 11:26:00,2026-05-14 11:45:00,202605141126,3.849e-06,C3.8,GOES-18,9.188e-07,1.892e-03,2.981e-03,61.0,21.0,SVI,57.598457,18.881239,759.95044,330.6918,GOES-18_XRS,1,0,4435
2026-05-14 13:40:00,2026-05-14 13:21:00,,202605141321,1.015e-06,C1.0,GOES-18,5.306e-07,1.161e-03,,,,,79.47297,22.58141,862.1824,371.9646,GOES-18_XRS,1,0,
2026-05-14 14:01:00,2026-05-14 13:53:00,2026-05-14 14:04:00,202605141353,9.043e-07,B9.0,GOES-18,8.598e-07,6.357e-04,6.880e-04,,,,,,,,,2,0,
2026-05-14 14:33:00,2026-05-14 14:24:00,2026-05-14 14:38:00,202605141424,1.334e-06,C1.3,GOES-18,7.601e-07,8.161e-04,1.000e-03,62.0,20.0,HOL,51.270195,13.865037,720.794,255.48079,GOES-18_XRS,1,0,4435
2026-05-14 15:59:00,2026-05-14 15:53:00,2026-05-14 16:01:00,202605141553,7.745e-07,B7.7,GOES-18,5.502e-07,3.875e-04,4.231e-04,,,,,,,,,1,0,
2026-05-14 17:13:00,2026-05-14 17:04:00,,202605141704,2.476e-06,C2.4,GOES-18,5.122e-07,9.426e-04,,,,,62.5238,18.995392,797.7073,328.9344,GOES-18_XRS,1,0,
2026-05-14 17:39:00,2026-05-14 17:18:00,,202605141718,4.497e-06,C4.4,GOES-18,1.914e-06,5.510e-03,,,,,,,917.8512,278.30252,GOES-18_XRS,2,0,
2026-05-14 22:03:00,2026-05-14 21:55:00,2026-05-14 22:11:00,202605142155,1.011e-06,C1.0,GOES-18,6.385e-07,5.914e-04,8.973e-04,,,,21.984911,11.120947,350.05957,224.59254,GOES-18_XRS,1,0,
2026-05-14 22:20:00,2026-05-14 22:14:00,2026-05-14 22:28:00,202605142214,1.530e-06,C1.5,GOES-18,7.943e-07,7.126e-04,1.147e-03,,,,39.64505,23.103235,558.71686,405.01242,GOES-18_XRS,1,0,
2026-05-14 23:07:00,2026-05-14 22:58:00,,202605142258,1.164e-06,C1.1,GOES-18,7.894e-07,7.620e-04,,,,,14.6916685,21.957922,224.13475,396.24124,GOES-18_XRS,1,0,
2026-05-14 23:21:00,2026-05-14 23:16:00,2026-05-14 23:26:00,202605142316,1.257e-06,C1.2,GOES-18,1.078e-06,6.310e-04,8.376e-04,,,,28.317688,13.1378565,440.10654,254.8299,GOES-18_XRS,2,0,
2026-05-15 01:52:00,2026-05-15 01:48:00,2026-05-15 01:55:00,202605150148,1.098e-06,C1.0,GOES-18,6.916e-07,4.235e-04,4.744e-04,,,,42.83997,11.372389,634.674,219.67102,GOES-18_XRS,1,0,
2026-05-15 03:09:00,2026-05-15 02:52:00,2026-05-15 03:30:00,202605150252,3.338e-06,C3.3,GOES-18,8.405e-07,2.630e-03,5.605e-03,,,,353.77063,20.378944,-96.93645,373.10294,GOES-18_XRS,1,0,
2026-05-15 09:36:00,2026-05-15 09:32:00,2026-05-15 09:39:00,202605150932,9.412e-07,B9.4,GOES-18,4.520e-07,3.363e-04,3.719e-04,,,,,,,,,1,0,
2026-05-15 11:11:00,2026-05-15 11:07:00,2026-05-15 11:16:00,202605151107,6.547e-07,B6.5,GOES-18,3.797e-07,2.615e-04,3.506e-04,,,,,,,,,1,0,
2026-05-15 11:50:00,2026-05-15 11:43:00,2026-05-15 11:54:00,202605151143,4.305e-06,C4.3,GOES-18,3.690e-07,1.421e-03,1.576e-03,74.0,23.0,SVI,67.16801,22.333622,810.2274,376.50348,GOES-18_XRS,1,0,4435
2026-05-15 13:02:00,2026-05-15 12:54:00,,202605151254,4.933e-07,B4.9,GOES-18,3.277e-07,3.073e-04,,,,,,,,,,1,0,
2026-05-15 13:13:00,2026-05-15 13:08:00,2026-05-15 13:17:00,202605151308,6.699e-06,C6.6,GOES-18,4.452e-07,1.552e-03,1.899e-03,75.0,24.0,SVI,65.89978,21.169563,809.0854,359.5409,GOES-18_XRS,2,0,4435
2026-05-15 13:50:00,2026-05-15 13:40:00,2026-05-15 13:56:00,202605151340,1.151e-06,C1.1,GOES-18,4.650e-07,6.229e-04,8.210e-04,,,,,,-1875.2424,197.22906,GOES-18_XRS,1,0,
2026-05-15 16:14:00,2026-05-15 16:05:00,2026-05-15 16:18:00,202605151605,9.482e-06,C9.4,GOES-18,4.129e-07,2.478e-03,2.920e-03,76.0,23.0,HOL,70.7167,21.243814,835.8953,357.297,GOES-18_XRS,1,0,4435
2026-05-15 17:40:00,2026-05-15 17:31:00,2026-05-15 17:45:00,202605151731,8.196e-07,B8.1,GOES-18,4.505e-07,4.699e-04,5.828e-04,,,,,,,,,1,0,
2026-05-15 20:07:00,2026-05-15 20:01:00,2026-05-15 20:12:00,202605152001,8.360e-07,B8.3,GOES-18,3.283e-07,3.699e-04,4.750e-04,,,,,,,,,1,0,
2026-05-15 22:50:00,2026-05-15 22:41:00,2026-05-15 22:55:00,202605152241,9.830e-07,B9.8,GOES-18,4.166e-07,4.846e-04,6.052e-04,,,,,,,,,1,0,
2026-05-16 02:33:00,2026-05-16 02:29:00,2026-05-16 02:35:00,202605160229,4.837e-07,B4.8,GOES-18,3.351e-07,1.972e-04,2.195e-04,,,,,,,,,1,0,
2026-05-16 05:58:00,2026-05-16 05:54:00,,202605160554,3.209e-07,B3.2,GOES-18,2.029e-07,1.340e-04,,,,,,,,,,1,0,
2026-05-16 06:10:00,2026-05-16 06:02:00,,202605160602,4.059e-07,B4.0,GOES-18,2.846e-07,2.629e-04,,,,,,,,,,2,0,
2026-05-16 08:39:00,2026-05-16 08:32:00,,202605160832,3.131e-07,B3.1,GOES-18,2.159e-07,1.748e-04,,,,,,,,,,1,0,
2026-05-16 09:02:00,2026-05-16 08:47:00,,202605160847,3.802e-07,B3.8,GOES-18,2.762e-07,3.793e-04,,,,,,,,,,2,0,
2026-05-16 14:39:00,2026-05-16 14:19:00,2026-05-16 14:56:00,202605161419,1.179e-06,C1.1,GOES-18,5.044e-07,1.353e-03,2.230e-03,6.0,16.0,HOL,353.84546,13.792296,-99.2122,267.3552,GOES-18_XRS,1,0,4436
2026-05-16 15:12:00,2026-05-16 15:08:00,2026-05-16 15:16:00,202605161508,3.445e-06,C3.4,GOES-18,5.564e-07,8.646e-04,1.072e-03,,,,68.48206,20.949926,825.45654,353.66266,GOES-18_XRS,1,0,
2026-05-16 16:12:00,2026-05-16 15:50:00,,202605161550,1.898e-05,M1.8,GOES-18,6.049e-07,1.127e-02,,16.0,20.0,HOL,15.926554,19.69813,246.09497,358.53476,GOES-18_XRS,1,0,4436
2026-05-16 16:29:00,2026-05-16 16:22:00,2026-05-16 16:34:00,202605161622,1.357e-05,M1.3,GOES-18,1.178e-05,8.548e-03,1.076e-02,,,,14.781273,18.717537,230.18805,343.58597,GOES-18_XRS,2,0,
2026-05-16 17:42:00,2026-05-16 17:39:00,2026-05-16 17:44:00,202605161739,1.956e-05,M1.9,GOES-18,2.783e-06,4.608e-03,4.944e-03,,,,,,902.9798,344.50998,GOES-18_XRS,1,0,
2026-05-16 19:07:00,2026-05-16 19:02:00,2026-05-16 19:11:00,202605161902,2.628e-06,C2.6,GOES-18,1.426e-06,1.064e-03,1.286e-03,,,,69.30088,19.260712,838.97217,326.8937,GOES-18_XRS,1,0,
2026-05-16 20:03:00,2026-05-16 19:57:00,2026-05-16 20:09:00,202605161957,3.605e-06,C3.6,GOES-18,1.208e-06,1.409e-03,2.018e-03,,,,70.35127,19.812881,841.6836,334.74493,GOES-18_XRS,1,0,
2026-05-16 22:26:00,2026-05-16 22:22:00,2026-05-16 22:30:00,202605162222,1.436e-06,C1.4,GOES-18,1.050e-06,6.085e-04,7.523e-04,,,,,,-1065.2919,153.16438,GOES-18_XRS,1,0,
2026-05-16 23:30:00,2026-05-16 23:13:00,2026-05-16 23:38:00,202605162313,5.836e-06,C5.8,GOES-18,7.844e-07,4.053e-03,5.384e-03,,,,76.250656,18.831089,872.95483,315.42593,GOES-18_XRS,1,0,
2026-05-17 03:39:00,2026-05-17 03:29:00,2026-05-17 03:42:00,202605170329,1.415e-05,M1.4,GOES-18,6.862e-07,4.899e-03,5.208e-03,,,,81.96471,19.85295,883.916,327.365,GOES-18_XRS,1,0,
2026-05-17 04:44:00,2026-05-17 04:36:00,2026-05-17 04:52:00,202605170436,1.026e-06,C1.0,GOES-18,7.089e-07,6.295e-04,9.481e-04,,,,,,-995.51215,71.23124,GOES-18_XRS,1,0,
2026-05-17 05:32:00,2026-05-17 05:21:00,2026-05-17 05:37:00,202605170521,2.056e-06,C2.0,GOES-18,7.748e-07,1.328e-03,1.579e-03,,,,82.566216,17.353268,898.23413,287.80734,GOES-18_XRS,1,0,
2026-05-17 07:57:00,2026-05-17 07:44:00,,202605170744,8.814e-07,B8.8,GOES-18,5.342e-07,7.487e-04,,,,,,,,,,1,0,
2026-05-17 08:18:00,2026-05-17 08:10:00,2026-05-17 08:21:00,202605170810,7.520e-07,B7.5,GOES-18,7.113e-07,5.246e-04,5.667e-04,,,,,,,,,2,0,
2026-05-17 11:32:00,2026-05-17 11:23:00,2026-05-17 11:40:00,202605171123,1.174e-06,C1.1,GOES-18,6.994e-07,7.173e-04,1.070e-03,28.0,22.0,SVI,32.20027,12.576754,495.17596,240.29703,GOES-18_XRS,1,0,4436
2026-05-17 12:07:00,2026-05-17 12:01:00,2026-05-17 12:10:00,202605171201,1.032e-06,C1.0,GOES-18,6.269e-07,4.914e-04,5.370e-04,,,,,,-1730.109,35.67591,GOES-18_XRS,1,0,
2026-05-17 12:38:00,2026-05-17 12:25:00,2026-05-17 12:57:00,202605171225,1.080e-06,C1.0,GOES-18,5.121e-07,8.872e-04,1.830e-03,,,,30.632456,21.954468,449.86157,387.55576,GOES-18_XRS,1,0,
2026-05-17 18:16:00,2026-05-17 18:07:00,2026-05-17 18:23:00,202605171807,7.953e-07,B7.9,GOES-18,5.264e-07,5.221e-04,7.212e-04,,,,,,,,,1,0,
2026-05-17 20:53:00,2026-05-17 20:42:00,2026-05-17 21:05:00,202605172042,9.719e-06,C9.7,GOES-18,6.385e-07,3.608e-03,7.178e-03,33.0,19.0,HOL,29.526424,19.536518,442.14355,350.38992,GOES-18_XRS,1,0,4436
2026-05-18 03:29:00,2026-05-18 03:17:00,2026-05-18 03:35:00,202605180317,8.131e-07,B8.1,GOES-18,4.206e-07,5.859e-04,7.311e-04,,,,,,,,,1,0,
2026-05-18 15:40:00,2026-05-18 15:28:00,2026-05-18 15:51:00,202605181528,5.122e-07,B5.1,GOES-18,3.487e-07,4.325e-04,6.768e-04,,,,,,,,,1,0,
2026-05-18 18:28:00,2026-05-18 18:10:00,2026-05-18 18:45:00,202605181810,1.932e-06,C1.9,GOES-18,4.056e-07,1.514e-03,2.795e-03,48.0,15.0,HOL,36.648685,13.434602,552.49677,250.32674,GOES-18_XRS,1,0,4436
2026-05-18 20:00:00,2026-05-18 19:53:00,2026-05-18 20:04:00,202605181953,7.084e-07,B7.0,GOES-19,5.156e-07,4.017e-04,4.726e-04,,,,,,,,,1,0,
2026-05-19 03:14:00,2026-05-19 03:09:00,2026-05-19 03:18:00,202605190309,4.910e-07,B4.9,GOES-18,3.591e-07,2.305e-04,2.793e-04,,,,,,,,,1,0,
2026-05-19 05:43:00,2026-05-19 05:37:00,2026-05-19 05:47:00,202605190537,4.512e-07,B4.5,GOES-18,3.002e-07,2.258e-04,2.692e-04,,,,,,,,,1,0,
2026-05-19 07:40:00,2026-05-19 07:29:00,2026-05-19 07:44:00,202605190729,2.176e-06,C2.1,GOES-18,3.312e-07,8.725e-04,9.902e-04,50.0,20.0,LEA,37.63963,20.765882,543.2361,364.15353,GOES-18_XRS,1,0,4436
2026-05-19 09:18:00,2026-05-19 09:07:00,2026-05-19 09:24:00,202605190907,2.302e-07,B2.3,GOES-18,1.555e-07,1.827e-04,2.265e-04,,,,,,,,,1,0,
2026-05-19 09:46:00,2026-05-19 09:35:00,2026-05-19 09:49:00,202605190935,4.670e-07,B4.6,GOES-18,2.036e-07,2.758e-04,2.948e-04,,,,,,,,,1,0,
2026-05-19 10:26:00,2026-05-19 10:16:00,2026-05-19 10:31:00,202605191016,8.175e-07,B8.1,GOES-18,3.522e-07,4.530e-04,5.521e-04,,,,,,,,,1,0,
2026-05-19 11:33:00,2026-05-19 11:21:00,2026-05-19 11:52:00,202605191121,3.400e-07,B3.3,GOES-18,1.328e-07,2.367e-04,5.045e-04,,,,,,,,,1,0,
2026-05-19 14:08:00,2026-05-19 14:04:00,2026-05-19 14:11:00,202605191404,6.174e-07,B6.1,GOES-18,4.389e-07,2.561e-04,2.848e-04,58.0,18.0,HOL,,,,,,1,0,4436
2026-05-19 16:51:00,2026-05-19 16:40:00,2026-05-19 17:06:00,202605191640,1.106e-06,C1.1,GOES-18,3.459e-07,5.940e-04,1.270e-03,58.0,17.0,HOL,22.890162,15.733882,356.39453,289.77844,GOES-18_XRS,1,0,4436
2026-05-19 20:00:00,2026-05-19 19:44:00,2026-05-19 20:09:00,202605191944,2.177e-06,C2.1,GOES-18,4.477e-07,1.271e-03,1.946e-03,61.0,18.0,HOL,43.182827,14.446485,630.2949,262.25772,GOES-18_XRS,1,0,4436
2026-05-19 21:25:00,2026-05-19 21:13:00,,202605192113,1.047e-06,C1.0,GOES-18,4.919e-07,7.754e-04,,62.0,18.0,HOL,0.9729118,-1.1708939,16.168755,16.083817,GOES-18_XRS,1,0,4436
2026-05-19 21:45:00,2026-05-19 21:40:00,2026-05-19 21:49:00,202605192140,1.078e-06,C1.0,GOES-18,8.252e-07,5.245e-04,6.370e-04,,,,19.916525,1.8068013,324.19412,63.368275,GOES-18_XRS,2,0,
2026-05-19 22:03:00,2026-05-19 21:58:00,2026-05-19 22:07:00,202605192158,1.459e-06,C1.4,GOES-18,7.787e-07,6.180e-04,7.454e-04,,,,54.881954,10.982828,763.22943,200.95932,GOES-18_XRS,1,0,
2026-05-20 02:45:00,2026-05-20 02:35:00,2026-05-20 02:53:00,202605200235,8.692e-07,B8.6,GOES-18,5.421e-07,6.277e-04,8.903e-04,,,,,,,,,1,0,
2026-05-20 03:32:00,2026-05-20 03:25:00,2026-05-20 03:37:00,202605200325,8.953e-07,B8.9,GOES-18,6.626e-07,5.210e-04,6.576e-04,,,,,,,,,1,0,
2026-05-20 04:43:00,2026-05-20 04:12:00,2026-05-20 05:15:00,202605200412,1.045e-06,C1.0,GOES-18,6.119e-07,1.902e-03,3.574e-03,,,,,,-2063.2852,-174.47173,GOES-18_XRS,1,0,
2026-05-20 10:09:00,2026-05-20 09:59:00,2026-05-20 10:17:00,202605200959,1.080e-06,C1.0,GOES-18,5.815e-07,6.704e-04,9.812e-04,333.0,6.0,SVI,,,-1102.1956,-84.80249,GOES-18_XRS,1,0,4439
2026-05-21 13:21:00,2026-05-21 13:09:00,2026-05-21 13:24:00,202605211309,5.563e-06,C5.5,GOES-18,6.734e-07,2.017e-03,2.143e-03,,,,65.690155,12.455273,844.92584,217.61424,GOES-18_XRS,1,0,
2026-05-21 18:14:00,2026-05-21 18:04:00,,202605211804,8.349e-06,C8.3,GOES-18,9.892e-07,2.937e-03,,,,,,,936.07477,265.72437,GOES-18_XRS,1,0,
2026-05-21 18:25:00,2026-05-21 18:19:00,2026-05-21 18:30:00,202605211819,9.575e-06,C9.5,GOES-18,6.300e-06,5.040e-03,6.437e-03,,,,,,934.78186,251.3822,GOES-18_XRS,2,0,
2026-05-21 23:10:00,2026-05-21 23:04:00,2026-05-21 23:15:00,202605212304,1.341e-06,C1.3,GOES-18,9.534e-07,7.120e-04,9.178e-04,,,,,,1112.1505,185.63107,GOES-18_XRS,1,0,
2026-05-22 00:32:00,2026-05-22 00:22:00,2026-05-22 00:48:00,202605220022,2.896e-06,C2.8,GOES-18,9.359e-07,1.474e-03,3.373e-03,,,,,,929.0691,232.75151,GOES-18_XRS,1,0,
2026-05-22 03:02:00,2026-05-22 02:54:00,2026-05-22 03:18:00,202605220254,9.055e-07,B9.0,GOES-18,6.614e-07,5.720e-04,1.264e-03,,,,,,,,,1,0,
2026-05-22 03:34:00,2026-05-22 03:23:00,2026-05-22 03:49:00,202605220323,1.966e-06,C1.9,GOES-18,7.681e-07,1.129e-03,2.260e-03,,,,,,929.535,230.64972,GOES-18_XRS,1,0,
2026-05-22 04:50:00,2026-05-22 04:38:00,,202605220438,1.338e-06,C1.3,GOES-18,7.930e-07,1.043e-03,,,,,357.77176,2.040212,-36.99095,64.88074,GOES-18_XRS,1,0,
2026-05-22 04:59:00,2026-05-22 04:52:00,2026-05-22 05:05:00,202605220452,1.957e-06,C1.9,GOES-18,1.316e-06,1.077e-03,1.462e-03,,,,25.391155,5.434576,406.19232,117.97376,GOES-18_XRS,2,0,
2026-05-22 06:52:00,2026-05-22 06:40:00,2026-05-22 07:03:00,202605220640,2.100e-06,C2.1,GOES-18,7.914e-07,1.431e-03,2.351e-03,,,,66.29949,9.495288,857.35706,168.73506,GOES-18_XRS,1,0,
2026-05-22 07:36:00,2026-05-22 07:31:00,2026-05-22 07:40:00,202605220731,9.298e-07,B9.2,GOES-18,6.521e-07,4.283e-04,5.209e-04,,,,,,,,,1,0,
2026-05-22 09:36:00,2026-05-22 09:28:00,,202605220928,1.140e-06,C1.1,GOES-18,7.830e-07,7.002e-04,,,,,342.74747,6.1119313,-280.66895,130.38931,GOES-18_XRS,1,0,
2026-05-22 10:01:00,2026-05-22 09:49:00,,202605220949,1.395e-06,C1.3,GOES-18,1.020e-06,1.160e-03,,,,,56.99696,9.007258,786.8289,165.08458,GOES-18_XRS,2,0,
2026-05-22 13:01:00,2026-05-22 12:55:00,2026-05-22 13:05:00,202605221255,1.552e-06,C1.5,GOES-18,1.107e-06,7.964e-04,9.524e-04,,,,315.12378,4.7918797,-668.4186,100.79964,GOES-18_XRS,1,0,
2026-05-22 20:18:00,2026-05-22 20:11:00,2026-05-22 20:35:00,202605222011,1.191e-06,C1.1,GOES-18,7.374e-07,6.784e-04,1.634e-03,,,,,,-1605.0151,-675.3768,GOES-18_XRS,1,0,
2026-05-22 21:33:00,2026-05-22 21:25:00,2026-05-22 21:38:00,202605222125,1.507e-06,C1.5,GOES-18,8.650e-07,8.541e-04,1.058e-03,,,,,,-971.01483,-144.23672,GOES-18_XRS,1,0,
2026-05-22 22:55:00,2026-05-22 22:52:00,2026-05-22 22:58:00,202605222252,1.322e-06,C1.3,GOES-18,7.176e-07,4.222e-04,4.766e-04,,,,,,-1131.5186,-342.66116,GOES-18_XRS,1,0,
2026-05-22 23:50:00,2026-05-22 23:33:00,2026-05-22 23:58:00,202605222333,1.610e-06,C1.6,GOES-18,7.323e-07,1.468e-03,1.920e-03,,,,280.69568,-15.480922,-898.0386,-247.7447,GOES-18_XRS,1,0,
2026-05-23 02:24:00,2026-05-23 02:17:00,2026-05-23 02:29:00,202605230217,1.652e-06,C1.6,GOES-18,9.795e-07,8.524e-04,1.079e-03,,,,278.36273,-12.0883665,-917.25366,-194.31476,GOES-18_XRS,1,0,
2026-05-23 03:27:00,2026-05-23 03:22:00,2026-05-23 03:32:00,202605230322,1.378e-06,C1.3,GOES-18,7.757e-07,6.041e-04,7.967e-04,,,,,,-966.55884,-311.8023,GOES-18_XRS,1,0,
2026-05-23 03:50:00,2026-05-23 03:46:00,2026-05-23 03:53:00,202605230346,1.451e-06,C1.4,GOES-18,8.089e-07,5.144e-04,5.668e-04,,,,294.8796,-16.034136,-827.67773,-250.31241,GOES-18_XRS,1,0,
2026-05-23 05:48:00,2026-05-23 05:35:00,2026-05-23 05:53:00,202605230535,3.646e-06,C3.6,GOES-18,7.743e-07,1.959e-03,2.359e-03,,,,311.17633,-13.071776,-696.7402,-196.25381,GOES-18_XRS,1,0,
2026-05-23 07:17:00,2026-05-23 07:11:00,2026-05-23 07:21:00,202605230711,2.186e-06,C2.1,GOES-18,1.391e-06,1.095e-03,1.289e-03,,,,,,-1149.7117,-259.7991,GOES-18_XRS,1,0,
2026-05-23 09:13:00,2026-05-23 09:10:00,2026-05-23 09:16:00,202605230910,1.945e-06,C1.9,GOES-18,8.893e-07,6.106e-04,6.828e-04,,,,285.1192,-15.563177,-882.16046,-247.19043,GOES-18_XRS,1,0,
2026-05-23 11:44:00,2026-05-23 11:35:00,2026-05-23 11:47:00,202605231135,2.971e-06,C2.9,GOES-18,8.604e-07,1.186e-03,1.269e-03,,,,286.548,-10.876259,-893.0381,-170.96869,GOES-18_XRS,1,0,
2026-05-23 14:11:00,2026-05-23 14:02:00,2026-05-23 14:15:00,202605231402,2.355e-06,C2.3,GOES-18,1.017e-06,1.150e-03,1.345e-03,,,,288.88815,-7.7710285,-889.484,-119.17989,GOES-18_XRS,1,0,
2026-05-23 17:14:00,2026-05-23 17:08:00,2026-05-23 17:19:00,202605231708,1.853e-06,C1.8,GOES-18,1.359e-06,1.010e-03,1.292e-03,,,,297.41125,-8.086345,-834.4169,-120.72252,GOES-18_XRS,1,0,
2026-05-23 17:46:00,2026-05-23 17:34:00,2026-05-23 17:55:00,202605231734,2.059e-06,C2.0,GOES-18,1.267e-06,1.687e-03,2.412e-03,,,,320.4506,-4.787505,-603.27057,-57.798504,GOES-18_XRS,1,0,
2026-05-23 19:32:00,2026-05-23 19:07:00,,202605231907,2.730e-06,C2.7,GOES-18,1.474e-06,4.022e-03,,,,,72.23244,6.640835,897.3621,118.08765,GOES-18_XRS,1,0,
2026-05-23 19:55:00,2026-05-23 19:45:00,2026-05-23 20:02:00,202605231945,2.870e-06,C2.8,GOES-18,2.718e-06,2.349e-03,3.190e-03,,,,49.30238,3.356256,719.1688,73.708374,GOES-18_XRS,2,0,
2026-05-23 21:05:00,2026-05-23 21:00:00,2026-05-23 21:12:00,202605232100,2.964e-06,C2.9,GOES-18,1.882e-06,1.365e-03,2.111e-03,,,,,,-1049.6439,-148.5626,GOES-18_XRS,1,0,
2026-05-23 22:04:00,2026-05-23 21:57:00,2026-05-23 22:07:00,202605232157,5.570e-06,C5.5,GOES-18,1.827e-06,2.099e-03,2.267e-03,,,,282.3467,-6.7032356,-920.02405,-104.7865,GOES-18_XRS,1,0,
2026-05-23 22:32:00,2026-05-23 22:23:00,2026-05-23 22:53:00,202605232223,2.602e-06,C2.6,GOES-18,1.481e-06,1.671e-03,4.161e-03,,,,,,-984.44794,-83.40009,GOES-18_XRS,1,0,
2026-05-23 23:59:00,2026-05-23 23:43:00,2026-05-24 00:11:00,202605232343,4.782e-06,C4.7,GOES-18,1.478e-06,3.654e-03,5.862e-03,,,,,,,,,1,0,
2026-05-24 01:04:00,2026-05-24 00:48:00,2026-05-24 01:08:00,202605240048,3.563e-06,C3.5,GOES-18,1.240e-06,2.514e-03,2.776e-03,,,,281.56622,-4.9215317,-925.52924,-75.853874,GOES-18_XRS,1,0,
2026-05-24 02:25:00,2026-05-24 02:18:00,2026-05-24 02:30:00,202605240218,3.403e-06,C3.4,GOES-18,2.411e-06,1.924e-03,2.434e-03,,,,311.94202,-10.333054,-695.32574,-152.43056,GOES-18_XRS,1,0,
2026-05-24 02:37:00,2026-05-24 02:33:00,2026-05-24 02:40:00,202605240233,3.745e-06,C3.7,GOES-18,2.685e-06,1.585e-03,1.746e-03,,,,280.5163,-5.3413005,-928.14703,-83.278595,GOES-18_XRS,1,0,
2026-05-25 01:04:00,2026-05-25 00:51:00,2026-05-25 01:15:00,202605250051,3.761e-06,C3.7,GOES-18,8.034e-07,2.157e-03,3.522e-03,337.0,-17.0,HOL,335.59247,-15.5176,-378.66327,-232.0109,GOES-18_XRS,1,0,4447
2026-05-25 06:53:00,2026-05-25 06:41:00,2026-05-25 07:07:00,202605250641,1.754e-06,C1.7,GOES-18,9.002e-07,1.326e-03,2.381e-03,339.0,-16.0,SVI,345.68378,-13.554011,-228.67244,-199.33464,GOES-18_XRS,1,0,4447
2026-05-26 07:17:00,2026-05-26 07:11:00,2026-05-26 07:23:00,202605260711,2.416e-06,C2.4,GOES-18,1.264e-06,1.129e-03,1.582e-03,308.0,-8.0,SVI,309.61194,-6.016952,-727.6266,-84.98122,GOES-18_XRS,1,0,4448
2026-05-26 12:38:00,2026-05-26 12:30:00,2026-05-26 12:44:00,202605261230,9.728e-06,C9.7,GOES-18,1.116e-06,3.467e-03,4.694e-03,,,,304.85483,-17.06724,-744.7193,-266.25958,GOES-18_XRS,1,0,
2026-05-26 14:00:00,2026-05-26 13:50:00,2026-05-26 14:11:00,202605261350,1.603e-06,C1.6,GOES-18,1.079e-06,1.147e-03,1.904e-03,,,,,,-956.6921,171.08357,GOES-18_XRS,1,0,
2026-05-26 20:19:00,2026-05-26 20:10:00,2026-05-26 20:24:00,202605262010,2.536e-06,C2.5,GOES-18,1.131e-06,1.661e-03,1.972e-03,,,,277.77576,16.17912,-901.5202,266.74997,GOES-18_XRS,1,0,
2026-05-26 20:48:00,2026-05-26 20:40:00,,202605262040,1.787e-06,C1.7,GOES-18,1.223e-06,1.101e-03,,,,,,,-955.3966,185.63448,GOES-18_XRS,1,0,
2026-05-26 20:56:00,2026-05-26 20:51:00,2026-05-26 20:59:00,202605262051,1.852e-06,C1.8,GOES-18,1.764e-06,9.788e-04,1.086e-03,,,,305.01624,9.219547,-767.4397,164.40738,GOES-18_XRS,2,0,
2026-05-26 23:49:00,2026-05-26 23:39:00,2026-05-26 23:52:00,202605262339,4.722e-06,C4.7,GOES-18,1.194e-06,2.057e-03,2.196e-03,,,,306.87317,-18.156605,-721.6448,-283.46234,GOES-18_XRS,1,0,
2026-05-27 01:59:00,2026-05-27 01:49:00,2026-05-27 02:03:00,202605270149,1.964e-06,C1.9,GOES-18,8.885e-07,1.126e-03,1.278e-03,,,,,,-922.60486,275.01395,GOES-18_XRS,1,0,
2026-05-27 12:16:00,2026-05-27 12:07:00,2026-05-27 12:19:00,202605271207,3.477e-06,C3.4,GOES-18,1.230e-06,1.484e-03,1.601e-03,,,,312.35547,-10.230402,-690.6324,-155.00465,GOES-18_XRS,1,0,
2026-05-27 13:23:00,2026-05-27 13:20:00,2026-05-27 13:29:00,202605271320,2.861e-06,C2.8,GOES-18,1.082e-06,8.663e-04,1.322e-03,280.0,17.0,SVI,287.2572,15.531321,-872.24414,259.61218,GOES-18_XRS,1,0,4455
2026-05-28 08:00:00,2026-05-28 07:52:00,2026-05-28 08:07:00,202605280752,1.166e-06,C1.1,GOES-19,8.672e-07,7.500e-04,1.057e-03,20.0,-15.0,SVI,27.691133,-11.609675,432.6392,-174.80817,GOES-19_XRS,1,0,4447
2026-05-28 10:09:00,2026-05-28 09:58:00,2026-05-28 10:20:00,202605280958,1.836e-06,C1.8,GOES-18,9.457e-07,1.259e-03,2.080e-03,,,,281.93652,11.516929,-908.3358,192.92516,GOES-18_XRS,1,0,
2026-05-28 15:16:00,2026-05-28 15:09:00,2026-05-28 15:18:00,202605281509,3.173e-06,C3.1,GOES-18,7.968e-07,1.051e-03,1.155e-03,,,,27.59531,8.384396,435.54523,154.63097,GOES-18_XRS,1,0,
2026-05-28 16:37:00,2026-05-28 16:28:00,2026-05-28 16:40:00,202605281628,1.447e-06,C1.4,GOES-18,9.578e-07,9.168e-04,9.830e-04,,,,,,-1005.65497,181.90118,GOES-18_XRS,1,0,
2026-05-29 05:08:00,2026-05-29 04:50:00,,202605290450,6.038e-06,C6.0,GOES-18,1.057e-06,4.756e-03,,,,,292.19485,14.986946,-847.9625,251.38483,GOES-18_XRS,1,0,
2026-05-29 05:37:00,2026-05-29 05:24:00,2026-05-29 05:50:00,202605290524,7.620e-06,C7.6,GOES-18,4.900e-06,6.706e-03,1.113e-02,,,,292.7488,14.269405,-847.37994,240.06308,GOES-18_XRS,2,0,
2026-05-29 07:04:00,2026-05-29 06:40:00,2026-05-29 07:24:00,202605290640,1.168e-05,M1.1,GOES-18,5.073e-06,1.476e-02,2.552e-02,,,,294.32748,15.209862,-833.73975,255.47685,GOES-18_XRS,1,0,
2026-05-29 15:53:00,2026-05-29 15:41:00,2026-05-29 16:01:00,202605291541,1.249e-06,C1.2,GOES-18,7.171e-07,9.894e-04,1.361e-03,301.0,13.0,SVI,,,-1154.7008,130.31409,GOES-18_XRS,1,0,4455
2026-05-29 19:09:00,2026-05-29 19:01:00,2026-05-29 19:14:00,202605291901,1.183e-06,C1.1,GOES-18,7.478e-07,6.809e-04,8.493e-04,357.0,-8.0,HOL,347.09082,-18.66938,-201.16788,-289.4095,GOES-18_XRS,1,0,4449
2026-05-29 19:33:00,2026-05-29 19:28:00,,202605291928,1.608e-06,C1.6,GOES-18,7.187e-07,6.590e-04,,,,,309.3395,12.622481,-716.28894,217.24957,GOES-18_XRS,1,0,
2026-05-29 19:47:00,2026-05-29 19:36:00,2026-05-29 19:58:00,202605291936,3.012e-06,C3.0,GOES-18,1.409e-06,2.275e-03,3.585e-03,,,,305.84348,15.923031,-739.63885,269.25247,GOES-18_XRS,2,0,
2026-05-29 21:29:00,2026-05-29 21:11:00,2026-05-29 21:41:00,202605292111,2.085e-06,C2.0,GOES-18,8.706e-07,2.035e-03,3.045e-03,,,,296.65167,14.552855,-820.3248,245.09879,GOES-18_XRS,1,0,
2026-05-30 02:40:00,2026-05-30 02:35:00,2026-05-30 02:44:00,202605300235,1.393e-06,C1.3,GOES-18,1.007e-06,6.824e-04,8.209e-04,,,,0.12826435,-7.1130395,2.111908,-102.42092,GOES-18_XRS,1,0,
2026-05-30 07:47:00,2026-05-30 07:29:00,2026-05-30 07:59:00,202605300729,3.962e-06,C3.9,GOES-18,1.137e-06,3.495e-03,5.242e-03,4.0,-11.0,SVI,0.7434261,-13.640554,11.985942,-209.59496,GOES-18_XRS,1,0,4449
2026-05-30 08:52:00,2026-05-30 08:40:00,2026-05-30 09:08:00,202605300840,1.844e-06,C1.8,GOES-18,1.121e-06,1.465e-03,2.844e-03,,,,359.15802,-12.596902,-13.632498,-192.76248,GOES-18_XRS,1,0,
2026-05-30 11:53:00,2026-05-30 11:45:00,2026-05-30 11:55:00,202605301145,4.756e-06,C4.7,GOES-18,7.175e-07,1.283e-03,1.363e-03,17.0,-17.0,SVI,12.677541,-18.461943,197.83745,-287.3783,GOES-18_XRS,1,0,4446
2026-05-30 14:48:00,2026-05-30 14:37:00,2026-05-30 14:57:00,202605301437,1.104e-06,C1.1,GOES-18,7.225e-07,8.419e-04,1.238e-03,,,,65.20037,0.7850965,860.59814,19.011923,GOES-18_XRS,1,0,
2026-05-30 17:36:00,2026-05-30 17:27:00,2026-05-30 17:41:00,202605301727,1.192e-06,C1.1,GOES-18,7.852e-07,7.667e-04,9.406e-04,11.0,-10.0,HOL,354.10916,-17.025145,-93.27264,-264.78113,GOES-18_XRS,1,0,4449
2026-05-30 22:28:00,2026-05-30 22:22:00,,202605302222,1.106e-06,C1.1,GOES-18,8.030e-07,5.846e-04,,,,,32.028683,-17.586748,480.1703,-275.8365,GOES-18_XRS,1,0,
2026-05-30 22:37:00,2026-05-30 22:31:00,2026-05-30 22:39:00,202605302231,1.252e-06,C1.2,GOES-18,1.019e-06,6.825e-04,7.501e-04,,,,23.978756,-17.083149,369.07178,-267.06268,GOES-18_XRS,2,0,
2026-05-31 02:09:00,2026-05-31 01:59:00,2026-05-31 02:12:00,202605310159,3.143e-06,C3.1,GOES-18,7.881e-07,1.328e-03,1.416e-03,,,,23.18035,-14.265084,362.46204,-222.11443,GOES-18_XRS,1,0,
2026-05-31 03:05:00,2026-05-31 02:53:00,2026-05-31 03:19:00,202605310253,1.269e-06,C1.2,GOES-18,8.295e-07,1.049e-03,1.871e-03,,,,350.45486,18.788689,-149.18098,318.51486,GOES-18_XRS,1,0,
2026-05-31 04:36:00,2026-05-31 04:22:00,,202605310422,1.589e-06,C1.5,GOES-18,7.836e-07,1.277e-03,,15.0,-7.0,SVI,52.32831,9.466917,740.7873,164.01697,GOES-18_XRS,1,0,4449
2026-05-31 04:49:00,2026-05-31 04:44:00,2026-05-31 04:59:00,202605310444,1.849e-06,C1.8,GOES-18,1.287e-06,8.256e-04,1.604e-03,62.0,10.0,SVI,60.013763,8.19184,813.026,141.64497,GOES-18_XRS,2,0,4452
2026-05-31 08:07:00,2026-05-31 08:02:00,2026-05-31 08:10:00,202605310802,1.299e-06,C1.2,GOES-18,8.530e-07,5.763e-04,6.347e-04,,,,20.666494,-9.205929,331.04068,-140.04272,GOES-18_XRS,1,0,
2026-05-31 09:10:00,2026-05-31 08:59:00,2026-05-31 09:27:00,202605310859,1.126e-06,C1.1,GOES-18,7.921e-07,9.401e-04,1.862e-03,,,,323.42926,14.493946,-547.75165,247.6261,GOES-18_XRS,1,0,
2026-05-31 10:14:00,2026-05-31 10:12:00,2026-05-31 10:17:00,202605311012,1.005e-06,C1.0,GOES-18,6.975e-07,3.061e-04,3.506e-04,,,,10.99919,-40.30559,138.14978,-604.5666,GOES-18_XRS,1,0,
2026-05-31 10:42:00,2026-05-31 10:38:00,2026-05-31 10:45:00,202605311038,9.518e-07,B9.5,GOES-18,6.553e-07,3.803e-04,4.244e-04,,,,,,,,,1,0,
2026-05-31 12:43:00,2026-05-31 12:39:00,,202605311239,1.008e-06,C1.0,GOES-18,6.744e-07,4.034e-04,,,,,332.7578,-30.236202,-375.52048,-468.4618,GOES-18_XRS,1,0,
2026-05-31 12:51:00,2026-05-31 12:46:00,2026-05-31 12:53:00,202605311246,1.170e-06,C1.1,GOES-18,8.653e-07,5.495e-04,6.025e-04,,,,343.89053,-20.186033,-247.4372,-316.50122,GOES-18_XRS,2,0,
2026-05-31 18:10:00,2026-05-31 17:56:00,2026-05-31 18:28:00,202605311756,1.609e-06,C1.6,GOES-18,7.298e-07,1.371e-03,2.650e-03,,,,,,-1070.9202,-381.66806,GOES-18_XRS,1,0,
2026-05-31 18:36:00,2026-05-31 18:31:00,2026-05-31 18:39:00,202605311831,1.791e-06,C1.7,GOES-18,1.080e-06,7.743e-04,8.513e-04,10.0,-6.0,HOL,34.08511,-11.264989,521.9651,-175.69318,GOES-18_XRS,1,0,4457
2026-05-31 19:43:00,2026-05-31 19:39:00,2026-05-31 19:47:00,202605311939,1.579e-06,C1.5,GOES-18,8.170e-07,5.749e-04,7.079e-04,34.0,-11.0,HOL,38.35187,-15.430204,567.87225,-243.53218,GOES-18_XRS,1,0,4446
2026-05-31 21:53:00,2026-05-31 21:42:00,2026-05-31 22:11:00,202605312142,1.942e-06,C1.9,GOES-18,1.198e-06,1.467e-03,3.135e-03,12.0,-6.0,HOL,287.83667,19.694319,-849.0479,322.62265,GOES-18_XRS,1,0,4457
2026-06-01 05:19:00,2026-06-01 05:11:00,2026-06-01 05:25:00,202606010511,1.536e-06,C1.5,GOES-18,6.969e-07,7.618e-04,1.028e-03,31.0,-10.0,SVI,14.483202,-16.822773,227.45059,-264.58615,GOES-18_XRS,1,0,4449
2026-06-02 02:33:00,2026-06-02 02:28:00,2026-06-02 02:37:00,202606020228,1.176e-06,C1.1,GOES-18,7.987e-07,5.308e-04,6.412e-04,,,,327.9105,-11.1958065,-494.847,-176.53468,GOES-18_XRS,1,0,
2026-06-02 02:50:00,2026-06-02 02:40:00,2026-06-02 02:58:00,202606020240,1.828e-06,C1.8,GOES-18,8.474e-07,1.239e-03,1.767e-03,,,,5.5794983,9.829117,91.0285,171.41629,GOES-18_XRS,1,0,
2026-06-02 04:23:00,2026-06-02 04:11:00,2026-06-02 04:35:00,202606020411,1.483e-06,C1.4,GOES-18,9.295e-07,1.216e-03,2.004e-03,,,,350.73993,13.690529,-148.54117,233.74101,GOES-18_XRS,1,0,
2026-06-02 04:45:00,2026-06-02 04:42:00,2026-06-02 04:47:00,202606020442,1.207e-05,M1.2,GOES-18,6.761e-07,2.319e-03,2.533e-03,,,,287.5199,-19.732708,-850.1841,-317.1664,GOES-18_XRS,1,0,
2026-06-02 06:59:00,2026-06-02 06:46:00,2026-06-02 07:05:00,202606020646,3.101e-06,C3.1,GOES-18,1.142e-06,1.931e-03,2.424e-03,359.0,14.0,SVI,354.9978,13.046252,-80.70683,223.25334,GOES-18_XRS,1,0,4455
2026-06-02 07:55:00,2026-06-02 07:51:00,2026-06-02 07:59:00,202606020751,1.205e-06,C1.2,GOES-18,7.623e-07,4.725e-04,5.838e-04,,,,295.64194,-19.33375,-806.17255,-310.0803,GOES-18_XRS,1,0,
2026-06-02 08:29:00,2026-06-02 08:21:00,,202606020821,1.437e-06,C1.4,GOES-18,9.866e-07,8.620e-04,,358.0,11.0,SVI,323.80576,-19.503773,-528.3742,-310.1168,GOES-18_XRS,1,0,4455
2026-06-02 08:44:00,2026-06-02 08:31:00,2026-06-02 08:57:00,202606020831,3.791e-06,C3.7,GOES-18,1.299e-06,2.648e-03,4.630e-03,,,,359.0864,8.172629,-14.997002,143.88591,GOES-18_XRS,2,0,
2026-06-02 10:05:00,2026-06-02 09:51:00,2026-06-02 10:19:00,202606020951,1.300e-05,M1.2,GOES-18,1.261e-06,6.765e-03,1.346e-02,359.0,11.0,SVI,356.66263,9.863389,-54.496643,171.40498,GOES-18_XRS,1,0,4455
2026-06-02 11:02:00,2026-06-02 10:57:00,2026-06-02 11:05:00,202606021057,4.387e-06,C4.3,GOES-18,2.400e-06,1.805e-03,1.982e-03,,,,,,-964.3798,-369.37308,GOES-18_XRS,1,0,
2026-06-02 13:58:00,2026-06-02 13:53:00,2026-06-02 14:01:00,202606021353,2.346e-06,C2.3,GOES-18,9.565e-07,9.041e-04,9.910e-04,,,,,,-888.02203,-348.66785,GOES-18_XRS,1,0,
2026-06-02 16:50:00,2026-06-02 16:31:00,2026-06-02 16:56:00,202606021631,3.331e-05,M3.3,GOES-18,1.039e-06,1.865e-02,2.257e-02,29.0,56.0,HOL,5.05278,12.479949,81.69941,213.30656,GOES-18_XRS,1,0,4455
2026-06-02 18:13:00,2026-06-02 18:07:00,2026-06-02 18:18:00,202606021807,2.975e-06,C2.9,GOES-18,1.355e-06,1.301e-03,1.658e-03,6.0,11.0,HOL,10.904547,9.730315,177.1387,168.41649,GOES-18_XRS,1,0,4455
2026-06-02 18:41:00,2026-06-02 18:35:00,2026-06-02 18:45:00,202606021835,2.479e-06,C2.4,GOES-18,1.390e-06,1.211e-03,1.429e-03,,,,7.446151,12.338455,120.27724,210.82776,GOES-18_XRS,1,0,
2026-06-02 20:39:00,2026-06-02 20:24:00,2026-06-02 20:49:00,202606022024,4.269e-06,C4.2,GOES-18,1.203e-06,3.063e-03,4.576e-03,,,,6.1222186,11.260922,99.37366,193.23558,GOES-18_XRS,1,0,
2026-06-03 00:46:00,2026-06-03 00:22:00,2026-06-03 00:56:00,202606030022,4.025e-06,C4.0,GOES-18,1.168e-06,4.559e-03,5.979e-03,,,,7.8836374,10.523535,128.11702,180.87994,GOES-18_XRS,1,0,
2026-06-03 01:15:00,2026-06-03 01:11:00,2026-06-03 01:18:00,202606030111,2.077e-06,C2.0,GOES-18,1.436e-06,8.559e-04,9.494e-04,,,,4.864077,3.2519605,80.43402,61.386375,GOES-18_XRS,1,0,
2026-06-03 01:36:00,2026-06-03 01:22:00,2026-06-03 01:43:00,202606030122,9.325e-05,M9.3,GOES-18,1.521e-06,5.096e-02,6.628e-02,11.0,13.0,LEA,11.743627,14.593953,187.10103,246.44443,GOES-18_XRS,1,0,4455
2026-06-03 03:34:00,2026-06-03 03:24:00,2026-06-03 03:41:00,202606030324,1.875e-06,C1.8,GOES-18,1.258e-06,1.353e-03,1.837e-03,,,,36.617672,-4.6791363,564.32526,-71.571465,GOES-18_XRS,1,0,
2026-06-03 04:55:00,2026-06-03 04:50:00,2026-06-03 04:59:00,202606030450,2.154e-06,C2.1,GOES-18,1.154e-06,9.172e-04,1.101e-03,12.0,14.0,SVI,14.914084,13.983189,237.21982,236.28452,GOES-18_XRS,1,0,4455
2026-06-03 07:00:00,2026-06-03 06:49:00,2026-06-03 07:07:00,202606030649,7.755e-05,M7.7,GOES-18,9.935e-07,2.473e-02,3.667e-02,13.0,14.0,LEA,14.766644,15.610435,233.16109,262.1462,GOES-18_XRS,1,0,4455
2026-06-03 10:59:00,2026-06-03 10:53:00,2026-06-03 11:08:00,202606031053,2.494e-06,C2.4,GOES-18,1.125e-06,1.093e-03,1.923e-03,,,,15.000602,13.133529,239.41374,222.13359,GOES-18_XRS,1,0,
2026-06-03 11:28:00,2026-06-03 11:19:00,2026-06-03 11:35:00,202606031119,1.031e-04,X1.0,GOES-18,1.890e-06,4.403e-02,6.217e-02,,,,17.54399,14.993754,276.54138,251.85269,GOES-18_XRS,1,0,
2026-06-03 15:36:00,2026-06-03 15:26:00,2026-06-03 15:45:00,202606031526,1.737e-06,C1.7,GOES-18,1.048e-06,1.184e-03,1.793e-03,,,,12.340458,9.657517,200.13692,165.44843,GOES-18_XRS,1,0,
2026-06-03 19:26:00,2026-06-03 19:21:00,2026-06-03 19:32:00,202606031921,1.536e-06,C1.5,GOES-18,1.003e-06,7.198e-04,1.022e-03,21.0,15.0,HOL,16.923298,12.77086,269.62482,215.54852,GOES-18_XRS,1,0,4455
2026-06-03 20:52:00,2026-06-03 20:46:00,2026-06-03 20:55:00,202606032046,1.850e-06,C1.8,GOES-18,9.948e-07,7.922e-04,8.731e-04,,,,16.637648,13.5370035,264.3719,227.79091,GOES-18_XRS,1,0,
2026-06-03 23:43:00,2026-06-03 23:27:00,2026-06-04 00:00:00,202606032327,5.162e-06,C5.1,GOES-18,1.248e-06,3.895e-03,7.377e-03,,,,323.27658,14.397555,-549.65796,240.35854,GOES-18_XRS,1,0,
2026-06-04 02:00:00,2026-06-04 01:54:00,2026-06-04 02:05:00,202606040154,1.843e-06,C1.8,GOES-18,9.795e-07,8.730e-04,1.112e-03,,,,9.528512,-7.2965107,155.97484,-115.29661,GOES-18_XRS,1,0,
2026-06-04 03:57:00,2026-06-04 03:41:00,2026-06-04 04:06:00,202606040341,2.691e-06,C2.6,GOES-18,1.156e-06,2.549e-03,3.401e-03,59.0,-8.0,SVI,37.622845,-8.84527,572.4691,-141.78467,GOES-18_XRS,1,0,4457
2026-06-04 06:23:00,2026-06-04 06:16:00,2026-06-04 06:30:00,202606040616,1.224e-06,C1.2,GOES-18,8.968e-07,7.056e-04,1.028e-03,,,,313.47684,-19.29303,-649.60095,-310.05948,GOES-18_XRS,1,0,
2026-06-04 06:38:00,2026-06-04 06:31:00,2026-06-04 06:40:00,202606040631,1.570e-06,C1.5,GOES-18,1.009e-06,8.027e-04,8.698e-04,,,,67.39309,-20.443346,819.34595,-329.0085,GOES-18_XRS,1,0,
2026-06-04 12:58:00,2026-06-04 12:50:00,2026-06-04 13:09:00,202606041250,1.583e-06,C1.5,GOES-18,1.147e-06,1.007e-03,1.795e-03,30.0,12.0,SVI,38.402954,6.2434173,585.998,106.74329,GOES-18_XRS,1,0,4455
2026-06-04 15:58:00,2026-06-04 15:54:00,2026-06-04 16:06:00,202606041554,1.653e-06,C1.6,GOES-18,1.083e-06,6.949e-04,1.213e-03,,,,,,1075.2886,39.75094,GOES-18_XRS,1,0,
2026-06-04 16:35:00,2026-06-04 16:25:00,2026-06-04 16:44:00,202606041625,1.823e-06,C1.8,GOES-18,1.288e-06,1.373e-03,2.056e-03,,,,300.01886,13.809029,-796.83813,228.25325,GOES-18_XRS,1,0,
2026-06-04 23:42:00,2026-06-04 23:37:00,2026-06-04 23:45:00,202606042337,1.551e-06,C1.5,GOES-18,1.020e-06,6.859e-04,7.554e-04,,,,71.35388,-8.976516,886.2117,-146.59279,GOES-18_XRS,1,0,
2026-06-05 00:08:00,2026-06-05 00:01:00,2026-06-05 00:13:00,202606050001,1.477e-06,C1.4,GOES-19,1.086e-06,8.570e-04,1.081e-03,,,,,,929.4717,-180.87689,GOES-19_XRS,1,0,
2026-06-05 02:08:00,2026-06-05 01:54:00,,202606050154,1.506e-06,C1.5,GOES-18,9.288e-07,1.357e-03,,,,,334.1648,11.531054,-405.36313,192.8153,GOES-18_XRS,1,0,
2026-06-05 02:21:00,2026-06-05 02:17:00,2026-06-05 02:24:00,202606050217,1.471e-06,C1.4,GOES-18,1.232e-06,6.587e-04,7.365e-04,,,,19.336908,0.54682666,314.42798,12.301329,GOES-18_XRS,2,0,
2026-06-05 11:47:00,2026-06-05 11:40:00,,202606051140,1.755e-06,C1.7,GOES-18,1.141e-06,9.485e-04,,317.0,19.0,SVI,333.68115,9.110227,-415.5847,152.64891,GOES-18_XRS,1,0,4462
2026-06-05 11:54:00,2026-06-05 11:51:00,2026-06-05 11:56:00,202606051151,1.951e-06,C1.9,GOES-18,1.632e-06,7.009e-04,7.837e-04,84.0,-11.0,SVI,36.791386,-7.2789283,563.73175,-118.13534,GOES-18_XRS,2,0,4457
2026-06-05 13:25:00,2026-06-05 13:20:00,2026-06-05 13:35:00,202606051320,1.569e-06,C1.5,GOES-18,1.085e-06,7.502e-04,1.442e-03,344.0,14.0,SVI,334.12384,11.905499,-405.38226,198.04312,GOES-18_XRS,1,0,4459
2026-06-05 15:03:00,2026-06-05 14:52:00,,202606051452,4.159e-06,C4.1,GOES-18,9.474e-07,2.539e-03,,47.0,12.0,SVI,45.898678,11.300648,667.859,187.46422,GOES-18_XRS,1,0,4455
2026-06-05 15:13:00,2026-06-05 15:10:00,2026-06-05 15:15:00,202606051510,3.997e-06,C3.9,GOES-18,3.277e-06,1.477e-03,1.629e-03,,,,57.46602,-1.6488987,798.7158,-26.006252,GOES-18_XRS,2,0,
2026-06-05 18:22:00,2026-06-05 18:15:00,2026-06-05 18:28:00,202606051815,1.457e-06,C1.4,GOES-18,1.029e-06,8.137e-04,1.112e-03,,,,357.2657,0.6041368,-45.306606,12.108571,GOES-18_XRS,1,0,
2026-06-05 18:54:00,2026-06-05 18:31:00,2026-06-05 19:16:00,202606051831,3.896e-06,C3.8,GOES-18,1.118e-06,4.084e-03,7.605e-03,,,,336.94067,5.6000056,-370.09445,94.524536,GOES-18_XRS,1,0,
2026-06-05 22:45:00,2026-06-05 22:18:00,2026-06-05 22:59:00,202606052218,4.720e-06,C4.7,GOES-18,1.445e-06,5.615e-03,8.192e-03,,,,324.8854,13.462592,-530.8013,222.28021,GOES-18_XRS,1,0,
2026-06-06 03:59:00,2026-06-06 03:52:00,,202606060352,2.142e-06,C2.1,GOES-18,9.837e-07,9.665e-04,,,,,22.419598,20.853306,338.27478,338.9859,GOES-18_XRS,1,0,
2026-06-06 04:16:00,2026-06-06 04:10:00,2026-06-06 04:20:00,202606060410,1.712e-06,C1.7,GOES-18,1.662e-06,1.016e-03,1.215e-03,,,,27.90349,16.637274,425.54984,272.8008,GOES-18_XRS,2,0,
2026-06-06 06:30:00,2026-06-06 06:23:00,2026-06-06 06:39:00,202606060623,3.115e-06,C3.1,GOES-18,1.088e-06,1.328e-03,2.269e-03,24.0,18.0,SVI,24.801582,16.248247,382.24557,266.51688,GOES-18_XRS,1,0,4456
2026-06-06 11:57:00,2026-06-06 11:49:00,2026-06-06 12:03:00,202606061149,1.810e-06,C1.8,GOES-18,1.070e-06,1.035e-03,1.382e-03,27.0,18.0,SVI,20.438337,15.922083,318.76175,260.97574,GOES-18_XRS,1,0,4456
2026-06-06 13:18:00,2026-06-06 13:04:00,2026-06-06 13:29:00,202606061304,8.826e-06,C8.8,GOES-18,1.252e-06,4.331e-03,7.521e-03,28.0,18.0,SVI,28.324507,17.65006,429.05966,288.16458,GOES-18_XRS,1,0,4456
2026-06-06 14:01:00,2026-06-06 13:40:00,2026-06-06 14:28:00,202606061340,1.861e-05,M1.8,GOES-18,3.446e-06,1.875e-02,4.055e-02,336.0,-21.0,SVI,339.1477,-23.59486,-309.581,-379.48087,GOES-18_XRS,1,0,4461
2026-06-07 01:53:00,2026-06-07 01:45:00,2026-06-07 02:00:00,202606070145,2.027e-06,C2.0,GOES-18,1.012e-06,1.082e-03,1.549e-03,,,,36.872456,16.872719,544.684,274.91672,GOES-18_XRS,1,0,
2026-06-07 02:30:00,2026-06-07 02:21:00,,202606070221,1.999e-06,C1.9,GOES-18,1.335e-06,1.335e-03,,,,,40.853558,19.104818,586.1824,309.9792,GOES-18_XRS,1,0,
2026-06-07 02:43:00,2026-06-07 02:38:00,2026-06-07 02:47:00,202606070238,1.920e-06,C1.9,GOES-18,1.777e-06,1.005e-03,1.221e-03,,,,36.75247,17.054195,542.6362,277.7364,GOES-18_XRS,2,0,
2026-06-07 04:19:00,2026-06-07 04:10:00,2026-06-07 04:25:00,202606070410,3.372e-06,C3.3,GOES-18,9.123e-07,1.506e-03,2.022e-03,,,,34.559654,16.914433,514.8678,275.43063,GOES-18_XRS,1,0,
2026-06-07 05:33:00,2026-06-07 05:27:00,2026-06-07 05:36:00,202606070527,1.779e-06,C1.7,GOES-18,1.246e-06,8.805e-04,9.666e-04,,,,31.880033,12.269197,489.68158,200.94005,GOES-18_XRS,1,0,
2026-06-07 05:49:00,2026-06-07 05:41:00,2026-06-07 05:59:00,202606070541,2.590e-06,C2.5,GOES-18,1.428e-06,1.498e-03,2.534e-03,,,,74.20006,10.12841,896.4497,166.1982,GOES-18_XRS,1,0,
2026-06-07 06:44:00,2026-06-07 06:36:00,2026-06-07 06:48:00,202606070636,1.704e-06,C1.7,GOES-18,1.145e-06,1.012e-03,1.167e-03,,,,,,-1030.4166,130.11626,GOES-18_XRS,1,0,
2026-06-07 08:01:00,2026-06-07 07:55:00,2026-06-07 08:08:00,202606070755,1.535e-06,C1.5,GOES-18,1.008e-06,7.933e-04,1.184e-03,39.0,18.0,SVI,46.76493,23.595592,632.89056,378.7906,GOES-18_XRS,1,0,4456
2026-06-07 08:26:00,2026-06-07 08:16:00,2026-06-07 08:30:00,202606070816,2.415e-06,C2.4,GOES-18,1.303e-06,1.507e-03,1.715e-03,,,,,,-1107.9056,190.5524,GOES-18_XRS,1,0,
2026-06-07 09:28:00,2026-06-07 09:17:00,2026-06-07 09:39:00,202606070917,1.619e-06,C1.6,GOES-18,8.696e-07,1.132e-03,1.821e-03,40.0,18.0,SVI,39.125946,14.901573,578.387,243.0374,GOES-18_XRS,1,0,4456
2026-06-07 13:30:00,2026-06-07 13:21:00,,202606071321,1.444e-06,C1.4,GOES-18,7.408e-07,8.126e-04,,317.0,-12.0,SVI,296.75256,-18.17197,-803.4977,-295.9953,GOES-18_XRS,1,0,4464
2026-06-07 13:45:00,2026-06-07 13:42:00,2026-06-07 13:48:00,202606071342,1.529e-06,C1.5,GOES-18,1.138e-06,5.634e-04,6.386e-04,,,,291.1926,2.246985,-882.05273,36.57163,GOES-18_XRS,2,0,
2026-06-07 13:58:00,2026-06-07 13:50:00,2026-06-07 14:05:00,202606071350,2.155e-06,C2.1,GOES-18,1.241e-06,1.300e-03,1.828e-03,316.0,-12.0,HOL,,,-989.1942,265.3607,GOES-18_XRS,1,0,4464
2026-06-07 15:58:00,2026-06-07 15:41:00,2026-06-07 16:09:00,202606071541,1.736e-06,C1.7,GOES-18,8.703e-07,1.713e-03,2.485e-03,,,,298.71268,8.848993,-820.8822,144.90654,GOES-18_XRS,1,0,
2026-06-07 16:51:00,2026-06-07 16:40:00,2026-06-07 17:02:00,202606071640,1.736e-06,C1.7,GOES-18,1.124e-06,1.364e-03,2.178e-03,,,,16.466427,20.03324,252.74895,323.5258,GOES-18_XRS,1,0,
2026-06-07 19:02:00,2026-06-07 18:55:00,2026-06-07 19:06:00,202606071855,1.260e-06,C1.2,GOES-18,8.395e-07,6.842e-04,8.059e-04,356.0,12.0,HOL,347.35938,5.9047294,-206.65865,95.7642,GOES-18_XRS,1,0,4462
2026-06-07 19:33:00,2026-06-07 19:27:00,2026-06-07 19:47:00,202606071927,1.304e-06,C1.3,GOES-18,8.154e-07,6.293e-04,1.487e-03,,,,,,1096.8638,278.76782,GOES-18_XRS,1,0,
2026-06-08 02:28:00,2026-06-08 02:14:00,,202606080214,3.152e-06,C3.1,GOES-18,1.229e-06,2.409e-03,,,,,294.71207,10.13945,-846.76263,165.63861,GOES-18_XRS,1,0,
2026-06-08 02:49:00,2026-06-08 02:36:00,2026-06-08 02:57:00,202606080236,7.238e-06,C7.2,GOES-18,2.816e-06,4.828e-03,6.731e-03,,,,288.968,10.474482,-880.2022,171.24084,GOES-18_XRS,2,0,
2026-06-08 04:21:00,2026-06-08 04:13:00,2026-06-08 04:28:00,202606080413,1.600e-06,C1.6,GOES-18,1.138e-06,9.924e-04,1.411e-03,,,,324.10684,6.6481667,-552.41315,107.62155,GOES-18_XRS,1,0,
2026-06-08 05:10:00,2026-06-08 05:00:00,2026-06-08 05:14:00,202606080500,4.521e-06,C4.5,GOES-18,1.060e-06,1.931e-03,2.225e-03,279.0,10.0,SVI,283.53687,10.939185,-903.1144,178.89665,GOES-18_XRS,1,0,4465
2026-06-08 06:38:00,2026-06-08 06:31:00,2026-06-08 06:43:00,202606080631,1.524e-06,C1.5,GOES-18,1.007e-06,8.129e-04,1.038e-03,357.0,14.0,SVI,345.1138,9.149302,-240.7634,148.14539,GOES-18_XRS,1,0,4462
2026-06-08 08:29:00,2026-06-08 08:21:00,2026-06-08 08:32:00,202606080821,1.310e-06,C1.3,GOES-18,8.911e-07,7.612e-04,8.210e-04,,,,54.141365,-11.570156,752.3803,-191.81967,GOES-18_XRS,1,0,
2026-06-08 12:41:00,2026-06-08 12:35:00,2026-06-08 12:48:00,202606081235,1.446e-06,C1.4,GOES-18,1.000e-06,7.531e-04,1.125e-03,,,,,,1079.7157,163.46461,GOES-18_XRS,1,0,
2026-06-08 17:33:00,2026-06-08 17:29:00,2026-06-08 17:38:00,202606081729,1.311e-06,C1.3,GOES-18,9.137e-07,5.466e-04,7.466e-04,,,,331.48697,-8.875743,-447.507,-149.72548,GOES-18_XRS,1,0,
2026-06-09 00:40:00,2026-06-09 00:32:00,2026-06-09 00:45:00,202606090032,1.399e-06,C1.3,GOES-18,8.825e-07,7.912e-04,9.900e-04,,,,326.84512,-11.964884,-507.50858,-200.27455,GOES-18_XRS,1,0,
2026-06-09 01:03:00,2026-06-09 00:54:00,2026-06-09 01:06:00,202606090054,1.379e-06,C1.3,GOES-18,9.481e-07,8.966e-04,9.594e-04,,,,279.57306,5.167351,-928.77216,84.439835,GOES-18_XRS,1,0,
2026-06-09 02:04:00,2026-06-09 01:53:00,2026-06-09 02:11:00,202606090153,1.510e-06,C1.5,GOES-18,8.679e-07,1.071e-03,1.442e-03,,,,279.89594,7.8857484,-922.8666,128.98177,GOES-18_XRS,1,0,
2026-06-09 02:36:00,2026-06-09 02:32:00,2026-06-09 02:41:00,202606090232,1.745e-06,C1.7,GOES-18,9.308e-07,6.540e-04,8.828e-04,,,,287.64127,10.673704,-886.19556,173.90388,GOES-18_XRS,1,0,
2026-06-09 04:23:00,2026-06-09 04:16:00,2026-06-09 04:28:00,202606090416,4.535e-06,C4.5,GOES-18,9.465e-07,1.698e-03,2.194e-03,294.0,10.0,SVI,296.2405,9.784396,-836.95636,158.85316,GOES-18_XRS,1,0,4465
2026-06-09 05:28:00,2026-06-09 05:22:00,2026-06-09 05:32:00,202606090522,1.336e-06,C1.3,GOES-18,8.917e-07,6.688e-04,8.000e-04,,,,299.74832,7.9848437,-814.3363,129.19635,GOES-18_XRS,1,0,
2026-06-09 05:58:00,2026-06-09 05:51:00,,202606090551,1.404e-06,C1.4,GOES-18,1.023e-06,7.937e-04,,,,,,,-939.6573,100.725174,GOES-18_XRS,1,0,
2026-06-09 06:06:00,2026-06-09 06:01:00,2026-06-09 06:09:00,202606090601,2.673e-06,C2.6,GOES-18,1.317e-06,1.131e-03,1.239e-03,294.0,10.0,SVI,296.48795,7.5905933,-840.08435,122.92532,GOES-18_XRS,2,0,4465
2026-06-09 06:47:00,2026-06-09 06:28:00,,202606090628,3.019e-06,C3.0,GOES-18,9.856e-07,3.077e-03,,,,,57.270382,15.354441,768.41766,248.2489,GOES-18_XRS,1,0,
2026-06-09 07:00:00,2026-06-09 06:57:00,2026-06-09 07:02:00,202606090657,3.240e-06,C3.2,GOES-18,2.978e-06,1.275e-03,1.444e-03,,,,37.2118,13.809862,556.95,222.53825,GOES-18_XRS,2,0,
2026-06-09 09:11:00,2026-06-09 09:04:00,2026-06-09 09:14:00,202606090904,1.520e-06,C1.5,GOES-18,9.912e-07,7.866e-04,8.535e-04,296.0,10.0,SVI,278.93097,10.852108,-917.46643,177.25563,GOES-18_XRS,1,0,4465
2026-06-09 09:46:00,2026-06-09 09:39:00,2026-06-09 09:50:00,202606090939,1.397e-06,C1.3,GOES-18,7.590e-07,6.773e-04,7.978e-04,,,,299.08636,4.328009,-825.27814,68.96178,GOES-18_XRS,1,0,
2026-06-09 13:02:00,2026-06-09 12:47:00,,202606091247,1.259e-06,C1.2,GOES-18,7.594e-07,1.264e-03,,340.0,-11.0,SVI,329.8612,-17.744713,-453.5952,-293.57834,GOES-18_XRS,1,0,4464
2026-06-09 13:34:00,2026-06-09 13:22:00,2026-06-09 13:40:00,202606091322,1.370e-06,C1.3,GOES-18,1.048e-06,1.175e-03,1.463e-03,,,,294.68393,1.1928972,-860.0667,17.41753,GOES-18_XRS,2,0,
2026-06-09 19:18:00,2026-06-09 19:02:00,2026-06-09 19:25:00,202606091902,2.346e-06,C2.3,GOES-18,8.607e-07,1.837e-03,2.330e-03,16.0,-21.0,HOL,15.411403,-27.760464,223.07938,-446.93634,GOES-18_XRS,1,0,4461
2026-06-09 19:43:00,2026-06-09 19:35:00,2026-06-09 19:50:00,202606091935,1.607e-06,C1.6,GOES-18,1.043e-06,9.931e-04,1.396e-03,15.0,7.0,HOL,8.651391,12.23655,139.52716,195.35106,GOES-18_XRS,1,0,4466
2026-06-09 20:13:00,2026-06-09 20:10:00,2026-06-09 20:17:00,202606092010,1.389e-06,C1.3,GOES-18,8.700e-07,5.003e-04,6.305e-04,,,,289.88516,15.637575,-856.98285,253.10495,GOES-18_XRS,1,0,
2026-06-09 21:10:00,2026-06-09 20:59:00,,202606092059,1.899e-06,C1.8,GOES-18,8.785e-07,1.206e-03,,,,,14.718602,3.8182697,240.60901,57.28063,GOES-18_XRS,1,0,
2026-06-09 21:33:00,2026-06-09 21:17:00,2026-06-09 21:36:00,202606092117,2.066e-06,C2.0,GOES-18,1.385e-06,2.083e-03,2.181e-03,,,,339.12323,-4.4244995,-337.16473,-78.951836,GOES-18_XRS,2,0,
2026-06-10 00:59:00,2026-06-10 00:51:00,2026-06-10 01:01:00,202606100051,2.634e-06,C2.6,GOES-18,7.375e-07,9.134e-04,9.770e-04,,,,294.31818,8.260712,-853.72235,133.38818,GOES-18_XRS,1,0,
2026-06-10 01:33:00,2026-06-10 01:28:00,2026-06-10 01:36:00,202606100128,1.095e-06,C1.0,GOES-18,7.556e-07,5.033e-04,5.521e-04,,,,275.33517,0.01244684,-941.20044,-0.39668807,GOES-18_XRS,1,0,
2026-06-10 12:59:00,2026-06-10 12:49:00,2026-06-10 13:06:00,202606101249,8.275e-07,B8.2,GOES-18,5.504e-07,5.859e-04,7.964e-04,,,,,,,,,1,0,
2026-06-10 13:26:00,2026-06-10 13:17:00,2026-06-10 13:35:00,202606101317,1.514e-06,C1.5,GOES-18,5.928e-07,8.013e-04,1.269e-03,,,,32.639294,15.370732,493.21,245.29596,GOES-18_XRS,1,0,
2026-06-10 22:43:00,2026-06-10 22:37:00,2026-06-10 22:50:00,202606102237,9.444e-07,B9.4,GOES-18,6.881e-07,4.930e-04,7.403e-04,,,,,,,,,1,0,
2026-06-11 00:02:00,2026-06-10 23:30:00,,202606102330,6.770e-06,C6.7,GOES-18,1.053e-06,9.036e-03,,,,,318.51074,7.237631,-623.0417,113.2186,GOES-18_XRS,1,0,
2026-06-11 00:44:00,2026-06-11 00:37:00,2026-06-11 00:46:00,202606110037,6.220e-06,C6.2,GOES-18,6.056e-06,4.016e-03,4.358e-03,,,,331.26535,7.6311197,-451.99002,118.63903,GOES-18_XRS,2,0,
2026-06-11 06:47:00,2026-06-11 06:38:00,2026-06-11 06:56:00,202606110638,1.268e-06,C1.2,GOES-18,6.997e-07,7.858e-04,1.223e-03,,,,1.9461129,5.7027693,32.07116,85.42309,GOES-18_XRS,1,0,
2026-06-11 08:07:00,2026-06-11 08:00:00,2026-06-11 08:11:00,202606110800,1.504e-06,C1.5,GOES-18,1.020e-06,8.190e-04,9.590e-04,,,,328.79468,10.942501,-482.44397,172.43501,GOES-18_XRS,1,0,
2026-06-11 08:28:00,2026-06-11 08:22:00,2026-06-11 08:32:00,202606110822,9.013e-06,C9.0,GOES-18,9.386e-07,2.595e-03,3.040e-03,,,,327.45282,10.4851,-501.6934,165.06169,GOES-18_XRS,1,0,
2026-06-11 11:36:00,2026-06-11 11:24:00,2026-06-11 11:44:00,202606111124,1.368e-06,C1.3,GOES-18,7.153e-07,1.015e-03,1.409e-03,,,,33.57024,9.662838,516.93915,151.50842,GOES-18_XRS,1,0,
2026-06-11 17:14:00,2026-06-11 17:06:00,2026-06-11 17:22:00,202606111706,1.181e-06,C1.1,GOES-18,8.289e-07,7.218e-04,1.093e-03,,,,314.73193,4.425657,-671.28973,66.26428,GOES-18_XRS,1,0,
2026-06-11 20:18:00,2026-06-11 20:05:00,2026-06-11 20:41:00,202606112005,1.172e-06,C1.1,GOES-18,7.354e-07,1.037e-03,2.360e-03,,,,,,-1592.5422,-212.24237,GOES-18_XRS,1,0,
2026-06-11 21:40:00,2026-06-11 21:32:00,2026-06-11 21:47:00,202606112132,1.504e-06,C1.5,GOES-18,1.026e-06,9.221e-04,1.311e-03,,,,354.69125,3.1426888,-87.67372,41.91752,GOES-18_XRS,1,0,
2026-06-12 02:14:00,2026-06-12 02:04:00,2026-06-12 02:18:00,202606120204,5.223e-06,C5.2,GOES-18,6.534e-07,1.926e-03,2.177e-03,,,,329.44482,7.7445884,-477.73203,118.80212,GOES-18_XRS,1,0,
2026-06-12 02:35:00,2026-06-12 02:25:00,2026-06-12 02:45:00,202606120225,2.083e-06,C2.0,GOES-18,1.118e-06,1.438e-03,2.258e-03,,,,49.10977,-23.450365,656.94824,-383.27954,GOES-18_XRS,1,0,
2026-06-12 12:18:00,2026-06-12 12:12:00,2026-06-12 12:23:00,202606121212,1.076e-06,C1.0,GOES-18,5.138e-07,4.925e-04,6.346e-04,52.0,5.0,SVI,353.85223,1.5785813,-101.58758,14.830244,GOES-18_XRS,1,0,4466
2026-06-13 02:17:00,2026-06-13 02:00:00,2026-06-13 02:40:00,202606130200,1.820e-06,C1.8,GOES-18,6.568e-07,1.518e-03,3.279e-03,,,,3.6511173,-20.175879,56.70238,-338.895,GOES-18_XRS,1,0,
2026-06-13 06:53:00,2026-06-13 06:44:00,2026-06-13 07:03:00,202606130644,9.993e-07,B9.9,GOES-18,6.508e-07,6.513e-04,1.064e-03,,,,,,,,,1,0,
2026-06-13 07:11:00,2026-06-13 07:04:00,2026-06-13 07:14:00,202606130704,9.693e-07,B9.6,GOES-19,8.149e-07,5.998e-04,6.502e-04,,,,,,,,,2,0,
2026-06-13 13:09:00,2026-06-13 12:40:00,2026-06-13 13:47:00,202606131240,2.470e-06,C2.4,GOES-18,5.670e-07,3.182e-03,7.497e-03,70.0,-21.0,SVI,56.22736,-30.962885,674.7062,-493.32788,GOES-18_XRS,1,0,4461
2026-06-14 08:55:00,2026-06-14 08:48:00,2026-06-14 09:05:00,202606140848,1.571e-06,C1.5,GOES-18,4.674e-07,5.850e-04,1.121e-03,,,,52.573845,-2.7541704,751.23987,-54.633137,GOES-18_XRS,1,0,
2026-06-14 10:51:00,2026-06-14 10:40:00,2026-06-14 10:59:00,202606141040,9.106e-07,B9.1,GOES-18,6.455e-07,7.336e-04,1.025e-03,4.0,5.0,SVI,,,,,,1,0,4465
2026-06-14 12:22:00,2026-06-14 12:14:00,,202606141214,9.832e-07,B9.8,GOES-18,5.589e-07,6.040e-04,,,,,,,,,,1,0,
2026-06-14 12:36:00,2026-06-14 12:31:00,2026-06-14 12:39:00,202606141231,1.082e-06,C1.0,GOES-18,9.750e-07,5.549e-04,6.111e-04,,,,51.551434,3.5915964,740.303,49.800148,GOES-18_XRS,2,0,
2026-06-14 13:02:00,2026-06-14 12:50:00,2026-06-14 13:08:00,202606141250,1.206e-06,C1.2,GOES-18,6.585e-07,8.922e-04,1.117e-03,51.0,-14.0,SVI,26.486012,-33.11164,353.99976,-529.14307,GOES-18_XRS,1,0,4464
2026-06-15 02:13:00,2026-06-15 01:50:00,2026-06-15 02:21:00,202606150150,1.731e-06,C1.7,GOES-18,5.477e-07,1.757e-03,2.186e-03,,,,50.84112,-19.180325,693.499,-320.8833,GOES-18_XRS,1,0,
2026-06-15 07:38:00,2026-06-15 07:31:00,2026-06-15 07:47:00,202606150731,1.001e-06,C1.0,GOES-18,6.585e-07,5.746e-04,9.328e-04,,,,,,-2576.5696,-243.26527,GOES-18_XRS,1,0,
2026-06-15 09:56:00,2026-06-15 09:48:00,2026-06-15 10:00:00,202606150948,1.760e-06,C1.7,GOES-18,6.680e-07,7.961e-04,9.392e-04,,,,,,-1385.1168,91.02176,GOES-18_XRS,1,0,
2026-06-15 11:52:00,2026-06-15 11:44:00,2026-06-15 11:55:00,202606151144,1.487e-06,C1.4,GOES-18,5.915e-07,7.175e-04,7.769e-04,,,,,,-1642.9474,90.43346,GOES-18_XRS,1,0,
2026-06-15 18:51:00,2026-06-15 18:46:00,2026-06-15 18:53:00,202606151846,1.913e-06,C1.9,GOES-18,6.007e-07,5.448e-04,5.915e-04,,,,,,-1341.8074,141.5654,GOES-18_XRS,1,0,
2026-06-15 20:25:00,2026-06-15 20:17:00,,202606152017,7.564e-07,B7.5,GOES-18,5.427e-07,4.751e-04,,,,,,,,,,1,0,
2026-06-15 20:38:00,2026-06-15 20:29:00,2026-06-15 20:40:00,202606152029,9.606e-07,B9.6,GOES-18,7.366e-07,6.254e-04,6.699e-04,,,,,,,,,2,0,
2026-06-16 00:48:00,2026-06-16 00:43:00,2026-06-16 00:50:00,202606160043,1.605e-06,C1.6,GOES-18,9.263e-07,6.667e-04,7.347e-04,,,,,,-978.5447,117.50028,GOES-18_XRS,1,0,
2026-06-16 05:09:00,2026-06-16 05:03:00,2026-06-16 05:18:00,202606160503,7.057e-07,B7.0,GOES-18,4.960e-07,3.647e-04,6.272e-04,,,,,,,,,1,0,
2026-06-16 15:32:00,2026-06-16 15:28:00,2026-06-16 15:34:00,202606161528,1.076e-06,C1.0,GOES-18,6.478e-07,3.944e-04,4.375e-04,,,,5.580907,-54.941086,52.883194,-785.8931,GOES-18_XRS,1,0,
2026-06-16 17:53:00,2026-06-16 17:47:00,2026-06-16 18:00:00,202606161747,8.528e-07,B8.5,GOES-18,4.920e-07,4.171e-04,6.224e-04,,,,,,,,,1,0,
2026-06-16 21:18:00,2026-06-16 21:10:00,2026-06-16 21:20:00,202606162110,8.788e-07,B8.7,GOES-18,4.749e-07,4.324e-04,4.610e-04,,,,,,,,,1,0,
2026-06-16 22:52:00,2026-06-16 22:45:00,2026-06-16 22:57:00,202606162245,6.812e-07,B6.8,GOES-18,4.754e-07,3.736e-04,4.763e-04,318.0,17.0,HOL,,,,,,1,0,
2026-06-16 23:56:00,2026-06-16 23:51:00,2026-06-16 23:58:00,202606162351,7.746e-07,B7.7,GOES-18,4.665e-07,3.156e-04,3.489e-04,,,,,,,,,1,0,
2026-06-17 00:13:00,2026-06-17 00:06:00,2026-06-17 00:19:00,202606170006,8.371e-07,B8.3,GOES-18,6.038e-07,4.776e-04,6.501e-04,34.0,7.0,HOL,,,,,,1,0,4465
2026-06-17 05:20:00,2026-06-17 05:13:00,2026-06-17 05:22:00,202606170513,1.156e-06,C1.1,GOES-18,4.348e-07,3.711e-04,3.993e-04,,,,345.31873,2.294874,-240.17387,17.967257,GOES-18_XRS,1,0,
2026-06-17 06:25:00,2026-06-17 06:16:00,2026-06-17 06:29:00,202606170616,8.204e-07,B8.2,GOES-18,4.431e-07,4.541e-04,5.229e-04,,,,,,,,,1,0,
2026-06-17 08:56:00,2026-06-17 08:50:00,2026-06-17 08:58:00,202606170850,6.695e-07,B6.6,GOES-18,4.257e-07,3.141e-04,3.415e-04,,,,,,,,,1,0,
2026-06-17 10:34:00,2026-06-17 10:31:00,2026-06-17 10:37:00,202606171031,5.669e-07,B5.6,GOES-18,4.042e-07,2.060e-04,2.338e-04,,,,,,,,,1,0,
2026-06-17 12:28:00,2026-06-17 12:08:00,2026-06-17 12:36:00,202606171208,1.200e-06,C1.1,GOES-18,4.243e-07,1.318e-03,1.635e-03,48.0,7.0,SVI,10.171641,-7.9296045,165.88492,-151.54724,GOES-18_XRS,1,0,4465
2026-06-17 15:06:00,2026-06-17 14:57:00,2026-06-17 15:10:00,202606171457,2.515e-06,C2.5,GOES-18,4.600e-07,1.058e-03,1.216e-03,,,,64.16223,-15.7869005,819.28394,-266.28262,GOES-18_XRS,1,0,
2026-06-17 16:46:00,2026-06-17 16:42:00,2026-06-17 17:09:00,202606171642,5.722e-07,B5.7,GOES-18,4.075e-07,2.417e-04,8.815e-04,,,,,,,,,1,0,
2026-06-17 17:04:00,2026-06-17 16:59:00,2026-06-17 17:06:00,202606171659,5.119e-07,B5.1,GOES-19,4.955e-07,2.719e-04,3.014e-04,,,,,,,,,2,0,
2026-06-17 18:28:00,2026-06-17 18:20:00,,202606171820,5.960e-07,B5.9,GOES-18,4.248e-07,3.757e-04,,,,,,,,,,1,0,
2026-06-17 18:38:00,2026-06-17 18:35:00,2026-06-17 18:41:00,202606171835,5.744e-07,B5.7,GOES-18,5.367e-07,2.334e-04,2.655e-04,,,,,,,,,2,0,
2026-06-18 03:32:00,2026-06-18 03:24:00,2026-06-18 03:42:00,202606180324,6.064e-07,B6.0,GOES-18,4.227e-07,3.748e-04,6.344e-04,,,,,,,,,1,0,
2026-06-18 05:45:00,2026-06-18 05:37:00,2026-06-18 05:50:00,202606180537,5.713e-07,B5.7,GOES-18,4.006e-07,3.547e-04,4.410e-04,,,,,,,,,1,0,
2026-06-18 07:34:00,2026-06-18 07:29:00,,202606180729,6.461e-07,B6.4,GOES-18,4.464e-07,3.092e-04,,,,,,,,,,1,0,
2026-06-18 07:46:00,2026-06-18 07:38:00,2026-06-18 07:52:00,202606180738,1.073e-06,C1.0,GOES-18,6.056e-07,6.162e-04,8.188e-04,307.0,8.0,SVI,,,-2405.6116,-29.732494,GOES-18_XRS,2,0,4470
2026-06-18 11:23:00,2026-06-18 11:13:00,2026-06-18 11:30:00,202606181113,7.921e-07,B7.9,GOES-18,4.951e-07,5.634e-04,7.586e-04,,,,,,,,,1,0,
2026-06-18 11:50:00,2026-06-18 11:42:00,2026-06-18 12:02:00,202606181142,1.793e-06,C1.7,GOES-18,4.928e-07,9.035e-04,1.828e-03,309.0,8.0,SVI,,,-1381.0485,112.40186,GOES-18_XRS,1,0,4470
2026-06-18 13:25:00,2026-06-18 13:15:00,2026-06-18 13:30:00,202606181315,8.763e-07,B8.7,GOES-18,5.199e-07,5.857e-04,7.058e-04,57.0,6.0,HOL,,,,,,1,0,4465
2026-06-18 14:55:00,2026-06-18 14:48:00,2026-06-18 15:02:00,202606181448,8.150e-07,B8.1,GOES-18,3.833e-07,4.271e-04,6.127e-04,,,,,,,,,1,0,
2026-06-18 19:15:00,2026-06-18 19:06:00,2026-06-18 19:20:00,202606181906,6.475e-07,B6.4,GOES-18,4.397e-07,4.270e-04,5.248e-04,,,,,,,,,1,0,
2026-06-18 19:51:00,2026-06-18 19:43:00,2026-06-18 19:56:00,202606181943,6.957e-07,B6.9,GOES-18,4.221e-07,3.883e-04,4.879e-04,,,,,,,,,1,0,
2026-06-18 22:04:00,2026-06-18 21:49:00,2026-06-18 22:18:00,202606182149,1.297e-06,C1.2,GOES-18,4.760e-07,1.055e-03,1.784e-03,,,,,,-2285.3416,-409.75873,GOES-18_XRS,1,0,
2026-06-19 00:11:00,2026-06-19 00:07:00,2026-06-19 00:15:00,202606190007,5.532e-07,B5.5,GOES-18,3.950e-07,2.254e-04,2.789e-04,,,,,,,,,1,0,
2026-06-19 01:51:00,2026-06-19 01:43:00,2026-06-19 01:58:00,202606190143,7.392e-07,B7.3,GOES-18,5.111e-07,4.586e-04,6.522e-04,,,,,,,,,1,0,
2026-06-19 07:17:00,2026-06-19 07:08:00,2026-06-19 07:31:00,202606190708,8.486e-07,B8.4,GOES-18,6.160e-07,5.925e-04,1.149e-03,,,,,,,,,1,0,
2026-06-19 09:47:00,2026-06-19 09:34:00,2026-06-19 10:06:00,202606190934,7.082e-07,B7.0,GOES-18,3.939e-07,5.833e-04,1.181e-03,,,,,,,,,1,0,
2026-06-19 15:05:00,2026-06-19 14:58:00,2026-06-19 15:08:00,202606191458,9.399e-07,B9.3,GOES-18,5.982e-07,4.817e-04,5.232e-04,,,,,,,,,1,0,
2026-06-19 19:38:00,2026-06-19 19:26:00,2026-06-19 19:45:00,202606191926,4.249e-06,C4.2,GOES-18,6.198e-07,2.354e-03,3.140e-03,329.0,7.0,HOL,312.24155,6.1113896,-697.0497,83.57319,GOES-18_XRS,1,0,4470
2026-06-19 23:19:00,2026-06-19 23:09:00,2026-06-19 23:27:00,202606192309,7.528e-07,B7.5,GOES-18,5.082e-07,5.444e-04,7.791e-04,,,,,,,,,1,0,
2026-06-20 01:22:00,2026-06-20 01:16:00,,202606200116,8.820e-07,B8.8,GOES-18,5.464e-07,4.222e-04,,,,,,,,,,1,0,
2026-06-20 01:51:00,2026-06-20 01:26:00,2026-06-20 02:04:00,202606200126,1.335e-05,M1.3,GOES-18,7.374e-07,9.384e-03,1.533e-02,,,,,,-927.8276,-199.59976,GOES-18_XRS,2,0,
2026-06-20 03:07:00,2026-06-20 02:59:00,2026-06-20 03:12:00,202606200259,1.424e-06,C1.4,GOES-18,8.477e-07,7.702e-04,9.722e-04,,,,305.5564,-3.5331154,-768.5671,-73.588005,GOES-18_XRS,1,0,
2026-06-20 10:32:00,2026-06-20 10:25:00,,202606201025,7.164e-07,B7.1,GOES-18,5.052e-07,4.000e-04,,,,,,,,,,1,0,
2026-06-20 10:47:00,2026-06-20 10:39:00,2026-06-20 10:57:00,202606201039,7.705e-07,B7.7,GOES-18,6.266e-07,5.077e-04,8.557e-04,,,,,,,,,2,0,
2026-06-20 11:27:00,2026-06-20 11:15:00,2026-06-20 11:33:00,202606201115,1.997e-06,C1.9,GOES-18,6.205e-07,1.178e-03,1.500e-03,,,,,,-1528.8839,-271.28372,GOES-18_XRS,1,0,
2026-06-20 12:20:00,2026-06-20 12:06:00,2026-06-20 12:25:00,202606201206,1.987e-06,C1.9,GOES-18,6.778e-07,1.380e-03,1.604e-03,,,,,,-1343.3618,-232.26012,GOES-18_XRS,1,0,
2026-06-20 15:00:00,2026-06-20 14:50:00,2026-06-20 15:05:00,202606201450,1.050e-05,M1.0,GOES-18,5.742e-07,3.154e-03,4.117e-03,,,,,,-966.535,-141.41368,GOES-18_XRS,1,0,
2026-06-20 21:45:00,2026-06-20 21:22:00,2026-06-20 22:05:00,202606202122,4.868e-06,C4.8,GOES-18,7.146e-07,4.530e-03,8.332e-03,292.0,-7.0,HOL,,,-1069.2156,-159.24364,GOES-18_XRS,1,0,4473
2026-06-20 23:06:00,2026-06-20 23:01:00,2026-06-20 23:12:00,202606202301,1.334e-06,C1.3,GOES-18,9.086e-07,6.238e-04,8.967e-04,,,,,,-1075.2167,-94.51906,GOES-18_XRS,1,0,
2026-06-21 01:06:00,2026-06-21 01:01:00,2026-06-21 01:14:00,202606210101,1.144e-06,C1.1,GOES-18,5.952e-07,4.967e-04,8.251e-04,,,,,,-2824.4072,-506.98547,GOES-18_XRS,1,0,
2026-06-21 02:46:00,2026-06-21 02:25:00,2026-06-21 02:58:00,202606210225,2.686e-05,M2.6,GOES-18,5.665e-07,1.449e-02,2.445e-02,,,,292.2288,-6.7940683,-869.139,-122.407974,GOES-18_XRS,1,0,
2026-06-21 08:38:00,2026-06-21 08:31:00,2026-06-21 08:41:00,202606210831,1.185e-06,C1.1,GOES-18,6.811e-07,5.731e-04,6.208e-04,,,,,,-2196.8245,-447.90192,GOES-18_XRS,1,0,
2026-06-21 09:25:00,2026-06-21 09:17:00,2026-06-21 09:32:00,202606210917,8.783e-07,B8.7,GOES-18,5.939e-07,5.313e-04,7.544e-04,,,,,,,,,1,0,
2026-06-21 10:18:00,2026-06-21 10:07:00,2026-06-21 10:29:00,202606211007,8.559e-07,B8.5,GOES-18,5.433e-07,6.399e-04,1.041e-03,,,,,,,,,1,0,
2026-06-21 10:49:00,2026-06-21 10:44:00,2026-06-21 10:51:00,202606211044,7.518e-07,B7.5,GOES-18,5.379e-07,3.432e-04,3.768e-04,,,,,,,,,1,0,
2026-06-21 11:53:00,2026-06-21 11:40:00,2026-06-21 12:02:00,202606211140,8.672e-07,B8.6,GOES-18,5.285e-07,7.221e-04,1.025e-03,,,,,,,,,1,0,
2026-06-21 18:18:00,2026-06-21 18:07:00,2026-06-21 18:21:00,202606211807,2.677e-06,C2.6,GOES-18,1.159e-06,1.572e-03,1.664e-03,290.0,-10.0,HOL,290.68103,-13.305545,-860.7086,-227.58746,GOES-18_XRS,1,0,4473
2026-06-21 19:29:00,2026-06-21 19:17:00,2026-06-21 19:35:00,202606211917,6.896e-05,M6.8,GOES-18,1.002e-06,2.512e-02,3.390e-02,305.0,-7.0,HOL,306.9754,-6.5530624,-751.19977,-125.64051,GOES-18_XRS,1,0,4473
2026-06-21 22:34:00,2026-06-21 22:30:00,2026-06-21 22:42:00,202606212230,2.633e-06,C2.6,GOES-18,1.781e-06,1.181e-03,2.005e-03,,,,304.48303,-4.736778,-777.3949,-94.93698,GOES-18_XRS,1,0,
2026-06-22 03:00:00,2026-06-22 02:57:00,2026-06-22 03:03:00,202606220257,9.156e-07,B9.1,GOES-18,6.421e-07,3.306e-04,3.735e-04,,,,,,,,,1,0,
2026-06-22 11:31:00,2026-06-22 11:24:00,,202606221124,9.141e-07,B9.1,GOES-18,6.356e-07,5.168e-04,,,,,,,,,,1,0,
2026-06-22 11:42:00,2026-06-22 11:37:00,2026-06-22 11:44:00,202606221137,8.921e-07,B8.9,GOES-18,8.609e-07,4.729e-04,5.245e-04,,,,,,,,,2,0,
2026-06-22 20:59:00,2026-06-22 20:52:00,2026-06-22 21:11:00,202606222052,8.991e-07,B8.9,GOES-18,6.435e-07,5.114e-04,9.949e-04,,,,,,,,,1,0,
